no,facility,type,address,city,jigyosyo_cd,service_cd,match_method,match_score,classification,vacancy,capacity,waiting_count,vacancy_date,public_value,vacancy_source_type,vacancy_source_url,waiting_source_url,official_homepage,checked_at_jst,feature_http_status,detail_http_status,status,error,feature_url,detail_url
1,社会福祉法人 治栄会 特別養護老人ホーム からまつ苑,特別養護老人ホーム,大阪市都島区中野町５丁目１０番７０号,大阪市都島区,2775200260,510,mhlw_name_address,1.0,待機人数のみ取得可能,,110,60,2025-10-24,0/0人,,,https://www.kaigokensaku.mhlw.go.jp/27/index.php?JigyosyoCd=2775200260-00&ServiceCd=510&action_kouhyou_detail_024_kani=true,http://www.karamatsuen.com/,2026-10-02T04:09:24+09:00,200,200,ok,,https://www.kaigokensaku.mhlw.go.jp/27/index.php?JigyosyoCd=2775200260-00&ServiceCd=510&action_kouhyou_detail_feature_index=true,https://www.kaigokensaku.mhlw.go.jp/27/index.php?JigyosyoCd=2775200260-00&ServiceCd=510&action_kouhyou_detail_024_kihon=true
2,特別養護老人ホーム 網島の郷,特別養護老人ホーム,大阪市都島区網島町8番7号,大阪市都島区,2775202670,510,mhlw_name_address,1.0,待機人数のみ取得可能,,90,5,2025-10-20,0/0人,,,https://www.kaigokensaku.mhlw.go.jp/27/index.php?JigyosyoCd=2775202670-00&ServiceCd=510&action_kouhyou_detail_024_kani=true,http://sanyofukushikai.com/,2026-10-02T04:09:31+09:00,200,200,ok,,https://www.kaigokensaku.mhlw.go.jp/27/index.php?JigyosyoCd=2775202670-00&ServiceCd=510&action_kouhyou_detail_feature_index=true,https://www.kaigokensaku.mhlw.go.jp/27/index.php?JigyosyoCd=2775202670-00&ServiceCd=510&action_kouhyou_detail_024_kihon=true
3,特別養護老人ホーム青都荘,特別養護老人ホーム,大阪市都島区都島中通三丁目１４番２０号,大阪市都島区,2775201250,510,mhlw_name_address,1.0,待機人数のみ取得可能,,90,22,2025-10-19,0/0人,,,https://www.kaigokensaku.mhlw.go.jp/27/index.php?JigyosyoCd=2775201250-00&ServiceCd=510&action_kouhyou_detail_024_kani=true,http://www.seitoso.jp/,2026-10-02T04:09:41+09:00,200,200,ok,,https://www.kaigokensaku.mhlw.go.jp/27/index.php?JigyosyoCd=2775201250-00&ServiceCd=510&action_kouhyou_detail_feature_index=true,https://www.kaigokensaku.mhlw.go.jp/27/index.php?JigyosyoCd=2775201250-00&ServiceCd=510&action_kouhyou_detail_024_kihon=true
4,特別養護老人ホームひまわりの郷,特別養護老人ホーム,大阪市都島区都島本通四丁目１０番１９号,大阪市都島区,,510,unmatched_ambiguous,0.641,取得不可,,,,,,,,,,2026-10-02T04:09:46+09:00,,,unmatched_no_official_page,MHLW open data could not be matched with sufficient confidence,,
5,特別養護老人ホームグリーン野田,特別養護老人ホーム,大阪市福島区海老江２丁目１番３６号,大阪市福島区,2770200240,510,seed_code,1.0,待機人数のみ取得可能,,104,85,2024-12-09,0/0人,,,https://www.kaigokensaku.mhlw.go.jp/27/index.php?JigyosyoCd=2770200240-00&ServiceCd=510&action_kouhyou_detail_024_kani=true,https://ebieshikikai.net/,2026-10-02T04:09:46+09:00,200,200,ok,,https://www.kaigokensaku.mhlw.go.jp/27/index.php?JigyosyoCd=2770200240-00&ServiceCd=510&action_kouhyou_detail_feature_index=true,https://www.kaigokensaku.mhlw.go.jp/27/index.php?JigyosyoCd=2770200240-00&ServiceCd=510&action_kouhyou_detail_024_kihon=true
6,特別養護老人ホーム平成福島苑,特別養護老人ホーム,大阪市福島区海老江3-20-8,大阪市福島区,2770201693,510,seed_code,1.0,空床取得可能,0,80,13,2025-12-23,0/80人,厚労省公式,https://www.kaigokensaku.mhlw.go.jp/27/index.php?JigyosyoCd=2770201693-00&ServiceCd=510&action_kouhyou_detail_feature_index=true,https://www.kaigokensaku.mhlw.go.jp/27/index.php?JigyosyoCd=2770201693-00&ServiceCd=510&action_kouhyou_detail_024_kani=true,,2026-10-02T04:09:51+09:00,200,200,ok,,https://www.kaigokensaku.mhlw.go.jp/27/index.php?JigyosyoCd=2770201693-00&ServiceCd=510&action_kouhyou_detail_feature_index=true,https://www.kaigokensaku.mhlw.go.jp/27/index.php?JigyosyoCd=2770201693-00&ServiceCd=510&action_kouhyou_detail_024_kihon=true
7,特別養護老人ホーム 福島ともしび苑,特別養護老人ホーム,大阪市福島区吉野５丁目６番１１号,大阪市福島区,2770200158,510,seed_code,1.0,空床取得可能,2,62,35,2025-09-25,2/60人,厚労省公式,https://www.kaigokensaku.mhlw.go.jp/27/index.php?JigyosyoCd=2770200158-00&ServiceCd=510&action_kouhyou_detail_feature_index=true,https://www.kaigokensaku.mhlw.go.jp/27/index.php?JigyosyoCd=2770200158-00&ServiceCd=510&action_kouhyou_detail_024_kani=true,,2026-10-02T04:09:54+09:00,200,200,ok,,https://www.kaigokensaku.mhlw.go.jp/27/index.php?JigyosyoCd=2770200158-00&ServiceCd=510&action_kouhyou_detail_feature_index=true,https://www.kaigokensaku.mhlw.go.jp/27/index.php?JigyosyoCd=2770200158-00&ServiceCd=510&action_kouhyou_detail_024_kihon=true
8,平成福島苑,特別養護老人ホーム,大阪市福島区海老江3-20-8,大阪市福島区,2790200154,540,mhlw_name_address,1.0,空床取得可能,0,20,,,0/20人,厚労省公式,https://www.kaigokensaku.mhlw.go.jp/27/index.php?JigyosyoCd=2790200154-00&ServiceCd=540&action_kouhyou_detail_feature_index=true,,,2026-10-02T04:09:58+09:00,200,200,ok,,https://www.kaigokensaku.mhlw.go.jp/27/index.php?JigyosyoCd=2790200154-00&ServiceCd=540&action_kouhyou_detail_feature_index=true,https://www.kaigokensaku.mhlw.go.jp/27/index.php?JigyosyoCd=2790200154-00&ServiceCd=540&action_kouhyou_detail_026_kihon=true
9,特別養護老人ホームガーデン天使,特別養護老人ホーム,大阪市此花区島屋４丁目１番１１号,大阪市此花区,2772800211,510,seed_code,1.0,待機人数のみ取得可能,,108,12,2026-09-17,0/0人,,,https://www.kaigokensaku.mhlw.go.jp/27/index.php?JigyosyoCd=2772800211-00&ServiceCd=510&action_kouhyou_detail_024_kani=true,http://garden-tenshi.jp,2026-10-02T04:10:01+09:00,200,200,ok,,https://www.kaigokensaku.mhlw.go.jp/27/index.php?JigyosyoCd=2772800211-00&ServiceCd=510&action_kouhyou_detail_feature_index=true,https://www.kaigokensaku.mhlw.go.jp/27/index.php?JigyosyoCd=2772800211-00&ServiceCd=510&action_kouhyou_detail_024_kihon=true
10,特別養護老人ホームクレーネ大阪,特別養護老人ホーム,大阪市此花区春日出北1-22-3,大阪市此花区,2772801169,510,seed_code,1.0,待機人数のみ取得可能,,100,3,2026-03-13,0/0人,,,https://www.kaigokensaku.mhlw.go.jp/27/index.php?JigyosyoCd=2772801169-00&ServiceCd=510&action_kouhyou_detail_024_kani=true,https://kurene.jp,2026-10-02T04:10:06+09:00,200,200,ok,,https://www.kaigokensaku.mhlw.go.jp/27/index.php?JigyosyoCd=2772801169-00&ServiceCd=510&action_kouhyou_detail_feature_index=true,https://www.kaigokensaku.mhlw.go.jp/27/index.php?JigyosyoCd=2772801169-00&ServiceCd=510&action_kouhyou_detail_024_kihon=true
11,特別養護老人ホーム ラヴィータウーノ,特別養護老人ホーム,大阪市此花区伝法六丁目５番１２号,大阪市此花区,2772800443,510,seed_code,1.0,待機人数のみ取得可能,,80,179,2026-09-22,0/0人,,,https://www.kaigokensaku.mhlw.go.jp/27/index.php?JigyosyoCd=2772800443-00&ServiceCd=510&action_kouhyou_detail_024_kani=true,http://www.lavita-uno.jp,2026-10-02T04:10:10+09:00,200,200,ok,,https://www.kaigokensaku.mhlw.go.jp/27/index.php?JigyosyoCd=2772800443-00&ServiceCd=510&action_kouhyou_detail_feature_index=true,https://www.kaigokensaku.mhlw.go.jp/27/index.php?JigyosyoCd=2772800443-00&ServiceCd=510&action_kouhyou_detail_024_kihon=true
12,社会福祉法人緑修会 特別養護老人ホームクローバー,特別養護老人ホーム,大阪市此花区高見2-8-1,大阪市此花区,2772801367,510,mhlw_name_address,1.0,待機人数のみ取得可能,,63,0,,0/0人,,,https://www.kaigokensaku.mhlw.go.jp/27/index.php?JigyosyoCd=2772801367-00&ServiceCd=510&action_kouhyou_detail_024_kihon=true,https://www.ryokushukai.jp/,2026-10-02T04:10:14+09:00,200,200,ok,,https://www.kaigokensaku.mhlw.go.jp/27/index.php?JigyosyoCd=2772801367-00&ServiceCd=510&action_kouhyou_detail_feature_index=true,https://www.kaigokensaku.mhlw.go.jp/27/index.php?JigyosyoCd=2772801367-00&ServiceCd=510&action_kouhyou_detail_024_kihon=true
13,ケアセンター水都ホーム,特別養護老人ホーム,大阪市此花区西九条1-1-2,大阪市此花区,2772800229,510,seed_code,1.0,空床取得可能,2,50,5,2025-10-23,2/50人,厚労省公式,https://www.kaigokensaku.mhlw.go.jp/27/index.php?JigyosyoCd=2772800229-00&ServiceCd=510&action_kouhyou_detail_feature_index=true,https://www.kaigokensaku.mhlw.go.jp/27/index.php?JigyosyoCd=2772800229-00&ServiceCd=510&action_kouhyou_detail_024_kani=true,,2026-10-02T04:10:18+09:00,200,200,ok,,https://www.kaigokensaku.mhlw.go.jp/27/index.php?JigyosyoCd=2772800229-00&ServiceCd=510&action_kouhyou_detail_feature_index=true,https://www.kaigokensaku.mhlw.go.jp/27/index.php?JigyosyoCd=2772800229-00&ServiceCd=510&action_kouhyou_detail_024_kihon=true
14,特別養護老人ホーム 江之子島コスモス苑,特別養護老人ホーム,大阪市西区江之子島１－８－４４,大阪市西区,2771800188,510,seed_code,1.0,待機人数のみ取得可能,,104,43,2025-10-22,0/0人,,,https://www.kaigokensaku.mhlw.go.jp/27/index.php?JigyosyoCd=2771800188-00&ServiceCd=510&action_kouhyou_detail_024_kani=true,https://cosmos-en.tane.or.jp,2026-10-02T04:10:21+09:00,200,200,ok,,https://www.kaigokensaku.mhlw.go.jp/27/index.php?JigyosyoCd=2771800188-00&ServiceCd=510&action_kouhyou_detail_feature_index=true,https://www.kaigokensaku.mhlw.go.jp/27/index.php?JigyosyoCd=2771800188-00&ServiceCd=510&action_kouhyou_detail_024_kihon=true
15,特別養護老人ホームすみれ苑,特別養護老人ホーム,大阪市西区川口3－6－14,大阪市西区,2771800923,510,seed_code,1.0,空床取得可能,0,34,15,2026-05-26,0/60人,厚労省公式,https://www.kaigokensaku.mhlw.go.jp/27/index.php?JigyosyoCd=2771800923-00&ServiceCd=510&action_kouhyou_detail_feature_index=true,https://www.kaigokensaku.mhlw.go.jp/27/index.php?JigyosyoCd=2771800923-00&ServiceCd=510&action_kouhyou_detail_024_kani=true,,2026-10-02T04:10:26+09:00,200,200,ok,,https://www.kaigokensaku.mhlw.go.jp/27/index.php?JigyosyoCd=2771800923-00&ServiceCd=510&action_kouhyou_detail_feature_index=true,https://www.kaigokensaku.mhlw.go.jp/27/index.php?JigyosyoCd=2771800923-00&ServiceCd=510&action_kouhyou_detail_024_kihon=true
16,特別養護老人ホーム 愛港園,特別養護老人ホーム,大阪市港区八幡屋４丁目８番１号,大阪市港区,2770400147,510,seed_code,1.0,待機人数のみ取得可能,,140,3,2025-10-21,0/0人,,,https://www.kaigokensaku.mhlw.go.jp/27/index.php?JigyosyoCd=2770400147-00&ServiceCd=510&action_kouhyou_detail_024_kani=true,http://www.aikoen.jp,2026-10-02T04:10:29+09:00,200,200,ok,,https://www.kaigokensaku.mhlw.go.jp/27/index.php?JigyosyoCd=2770400147-00&ServiceCd=510&action_kouhyou_detail_feature_index=true,https://www.kaigokensaku.mhlw.go.jp/27/index.php?JigyosyoCd=2770400147-00&ServiceCd=510&action_kouhyou_detail_024_kihon=true
17,特別養護老人ホーム 平成みなと苑,特別養護老人ホーム,大阪市港区弁天２－８－１６,大阪市港区,2770401525,510,seed_code,1.0,空床取得可能,5,130,0,2025-12-15,5/130人,厚労省公式,https://www.kaigokensaku.mhlw.go.jp/27/index.php?JigyosyoCd=2770401525-00&ServiceCd=510&action_kouhyou_detail_feature_index=true,https://www.kaigokensaku.mhlw.go.jp/27/index.php?JigyosyoCd=2770401525-00&ServiceCd=510&action_kouhyou_detail_024_kani=true,,2026-10-02T04:10:38+09:00,200,200,ok,,https://www.kaigokensaku.mhlw.go.jp/27/index.php?JigyosyoCd=2770401525-00&ServiceCd=510&action_kouhyou_detail_feature_index=true,https://www.kaigokensaku.mhlw.go.jp/27/index.php?JigyosyoCd=2770401525-00&ServiceCd=510&action_kouhyou_detail_024_kihon=true
18,特別養護老人ホーム ザイオン,特別養護老人ホーム,大阪市港区市岡１丁目５番３０号,大阪市港区,2770400253,510,seed_code,1.0,空床取得可能,0,106,10,2021-12-20,0/106人,厚労省公式,https://www.kaigokensaku.mhlw.go.jp/27/index.php?JigyosyoCd=2770400253-00&ServiceCd=510&action_kouhyou_detail_feature_index=true,https://www.kaigokensaku.mhlw.go.jp/27/index.php?JigyosyoCd=2770400253-00&ServiceCd=510&action_kouhyou_detail_024_kani=true,,2026-10-02T04:10:41+09:00,200,200,ok,,https://www.kaigokensaku.mhlw.go.jp/27/index.php?JigyosyoCd=2770400253-00&ServiceCd=510&action_kouhyou_detail_feature_index=true,https://www.kaigokensaku.mhlw.go.jp/27/index.php?JigyosyoCd=2770400253-00&ServiceCd=510&action_kouhyou_detail_024_kihon=true
19,特別養護老人ホーム ザイオン大阪港,特別養護老人ホーム,大阪市港区築港一丁目９番７号,大阪市港区,2770401905,510,seed_code,1.0,待機人数のみ取得可能,,100,0,2026-09-18,0/0人,,,https://www.kaigokensaku.mhlw.go.jp/27/index.php?JigyosyoCd=2770401905-00&ServiceCd=510&action_kouhyou_detail_024_kani=true,http://osakakou.zaion.or.jp/,2026-10-02T04:10:45+09:00,200,200,ok,,https://www.kaigokensaku.mhlw.go.jp/27/index.php?JigyosyoCd=2770401905-00&ServiceCd=510&action_kouhyou_detail_feature_index=true,https://www.kaigokensaku.mhlw.go.jp/27/index.php?JigyosyoCd=2770401905-00&ServiceCd=510&action_kouhyou_detail_024_kihon=true
20,特別養護老人ホーム第２愛港園,特別養護老人ホーム,大阪市港区八幡屋４丁目８番１号,大阪市港区,2770400154,510,seed_code,1.0,空床取得可能,0,50,21,2024-12-07,0/50人,厚労省公式,https://www.kaigokensaku.mhlw.go.jp/27/index.php?JigyosyoCd=2770400154-00&ServiceCd=510&action_kouhyou_detail_feature_index=true,https://www.kaigokensaku.mhlw.go.jp/27/index.php?JigyosyoCd=2770400154-00&ServiceCd=510&action_kouhyou_detail_024_kani=true,,2026-10-02T04:10:49+09:00,200,200,ok,,https://www.kaigokensaku.mhlw.go.jp/27/index.php?JigyosyoCd=2770400154-00&ServiceCd=510&action_kouhyou_detail_feature_index=true,https://www.kaigokensaku.mhlw.go.jp/27/index.php?JigyosyoCd=2770400154-00&ServiceCd=510&action_kouhyou_detail_024_kihon=true
21,特別養護老人ホームビーナスホーム千島園,特別養護老人ホーム,大阪市大正区千島１－２３－２６,大阪市大正区,2772700502,510,seed_code,1.0,空床取得可能,47,150,10,2023-10-26,47/150人,厚労省公式,https://www.kaigokensaku.mhlw.go.jp/27/index.php?JigyosyoCd=2772700502-00&ServiceCd=510&action_kouhyou_detail_feature_index=true,https://www.kaigokensaku.mhlw.go.jp/27/index.php?JigyosyoCd=2772700502-00&ServiceCd=510&action_kouhyou_detail_024_kani=true,,2026-10-02T04:10:52+09:00,200,200,ok,,https://www.kaigokensaku.mhlw.go.jp/27/index.php?JigyosyoCd=2772700502-00&ServiceCd=510&action_kouhyou_detail_feature_index=true,https://www.kaigokensaku.mhlw.go.jp/27/index.php?JigyosyoCd=2772700502-00&ServiceCd=510&action_kouhyou_detail_024_kihon=true
22,泉尾特別養護老人ホーム第二大正園,特別養護老人ホーム,大阪市大正区北村3-5-10,大阪市大正区,2772700270,510,mhlw_name_address,1.0,空床取得可能,3,126,10,2026-01-21,3/126人,厚労省公式,https://www.kaigokensaku.mhlw.go.jp/27/index.php?JigyosyoCd=2772700270-00&ServiceCd=510&action_kouhyou_detail_feature_index=true,https://www.kaigokensaku.mhlw.go.jp/27/index.php?JigyosyoCd=2772700270-00&ServiceCd=510&action_kouhyou_detail_024_kani=true,,2026-10-02T04:10:56+09:00,200,200,ok,,https://www.kaigokensaku.mhlw.go.jp/27/index.php?JigyosyoCd=2772700270-00&ServiceCd=510&action_kouhyou_detail_feature_index=true,https://www.kaigokensaku.mhlw.go.jp/27/index.php?JigyosyoCd=2772700270-00&ServiceCd=510&action_kouhyou_detail_024_kihon=true
23,社会福祉法人恩賜財団済生会支部大阪府済生会 泉尾特別養護老人ホーム大正園,特別養護老人ホーム,大阪市大正区北村3-4-3,大阪市大正区,2772700262,510,seed_code,1.0,待機人数のみ取得可能,,100,33,2025-10-24,0/0人,,,https://www.kaigokensaku.mhlw.go.jp/27/index.php?JigyosyoCd=2772700262-00&ServiceCd=510&action_kouhyou_detail_024_kani=true,https://izuo-taishyoen.jp/,2026-10-02T04:10:59+09:00,200,200,ok,,https://www.kaigokensaku.mhlw.go.jp/27/index.php?JigyosyoCd=2772700262-00&ServiceCd=510&action_kouhyou_detail_feature_index=true,https://www.kaigokensaku.mhlw.go.jp/27/index.php?JigyosyoCd=2772700262-00&ServiceCd=510&action_kouhyou_detail_024_kihon=true
24,特別養護老人ホーム幸楽園,特別養護老人ホーム,大阪市大正区鶴町二丁目１９番２８号,大阪市大正区,2772701666,510,seed_code,1.0,空床取得可能,0,81,23,2025-10-13,0/81人,厚労省公式,https://www.kaigokensaku.mhlw.go.jp/27/index.php?JigyosyoCd=2772701666-00&ServiceCd=510&action_kouhyou_detail_feature_index=true,https://www.kaigokensaku.mhlw.go.jp/27/index.php?JigyosyoCd=2772701666-00&ServiceCd=510&action_kouhyou_detail_024_kani=true,,2026-10-02T04:11:06+09:00,200,200,ok,,https://www.kaigokensaku.mhlw.go.jp/27/index.php?JigyosyoCd=2772701666-00&ServiceCd=510&action_kouhyou_detail_feature_index=true,https://www.kaigokensaku.mhlw.go.jp/27/index.php?JigyosyoCd=2772701666-00&ServiceCd=510&action_kouhyou_detail_024_kihon=true
25,特別養護老人ホーム 悠の里,特別養護老人ホーム,大阪市大正区小林東2-6-15,大阪市大正区,2772701831,510,seed_code,1.0,待機人数のみ取得可能,,80,0,2025-10-07,0/0人,,,https://www.kaigokensaku.mhlw.go.jp/27/index.php?JigyosyoCd=2772701831-00&ServiceCd=510&action_kouhyou_detail_024_kani=true,http://yuunosato.com,2026-10-02T04:11:09+09:00,200,200,ok,,https://www.kaigokensaku.mhlw.go.jp/27/index.php?JigyosyoCd=2772701831-00&ServiceCd=510&action_kouhyou_detail_feature_index=true,https://www.kaigokensaku.mhlw.go.jp/27/index.php?JigyosyoCd=2772701831-00&ServiceCd=510&action_kouhyou_detail_024_kihon=true
26,天王寺特別養護老人ホーム,特別養護老人ホーム,大阪市天王寺区勝山2-14-20,大阪市天王寺区,2771702798,510,seed_code,1.0,待機人数のみ取得可能,,100,10,,0/0人,,,https://www.kaigokensaku.mhlw.go.jp/27/index.php?JigyosyoCd=2771702798-00&ServiceCd=510&action_kouhyou_detail_024_kani=true,,2026-10-02T04:11:15+09:00,200,200,ok,,https://www.kaigokensaku.mhlw.go.jp/27/index.php?JigyosyoCd=2771702798-00&ServiceCd=510&action_kouhyou_detail_feature_index=true,https://www.kaigokensaku.mhlw.go.jp/27/index.php?JigyosyoCd=2771702798-00&ServiceCd=510&action_kouhyou_detail_024_kihon=true
27,特別養護老人ホーム 四天王寺たまつくり苑,特別養護老人ホーム,大阪市天王寺区玉造元町1-29,大阪市天王寺区,2771700156,510,seed_code,1.0,待機人数のみ取得可能,,73,188,2026-01-20,0/0人,,,https://www.kaigokensaku.mhlw.go.jp/27/index.php?JigyosyoCd=2771700156-00&ServiceCd=510&action_kouhyou_detail_024_kani=true,http://www.shitennoji-fukushi.jp/,2026-10-02T04:11:18+09:00,200,200,ok,,https://www.kaigokensaku.mhlw.go.jp/27/index.php?JigyosyoCd=2771700156-00&ServiceCd=510&action_kouhyou_detail_feature_index=true,https://www.kaigokensaku.mhlw.go.jp/27/index.php?JigyosyoCd=2771700156-00&ServiceCd=510&action_kouhyou_detail_024_kihon=true
28,特別養護老人ホーム四天王寺きたやま苑,特別養護老人ホーム,大阪市天王寺区北山町９－６,大阪市天王寺区,2771700149,510,seed_code,1.0,待機人数のみ取得可能,,50,169,2023-10-24,0/0人,,,https://www.kaigokensaku.mhlw.go.jp/27/index.php?JigyosyoCd=2771700149-00&ServiceCd=510&action_kouhyou_detail_024_kani=true,http://www.shitennoji-fukushi.jp/,2026-10-02T04:11:25+09:00,200,200,ok,,https://www.kaigokensaku.mhlw.go.jp/27/index.php?JigyosyoCd=2771700149-00&ServiceCd=510&action_kouhyou_detail_feature_index=true,https://www.kaigokensaku.mhlw.go.jp/27/index.php?JigyosyoCd=2771700149-00&ServiceCd=510&action_kouhyou_detail_024_kihon=true
29,特別養護老人ホーム 大国さわやか苑,特別養護老人ホーム,大阪市浪速区大国2-17-9,大阪市浪速区,2774302224,510,mhlw_name_address,1.0,待機人数のみ取得可能,,130,0,,0/0人,,,https://www.kaigokensaku.mhlw.go.jp/27/index.php?JigyosyoCd=2774302224-00&ServiceCd=510&action_kouhyou_detail_024_kihon=true,http://d-sawayakaen.com/,2026-10-02T04:11:31+09:00,200,200,ok,,https://www.kaigokensaku.mhlw.go.jp/27/index.php?JigyosyoCd=2774302224-00&ServiceCd=510&action_kouhyou_detail_feature_index=true,https://www.kaigokensaku.mhlw.go.jp/27/index.php?JigyosyoCd=2774302224-00&ServiceCd=510&action_kouhyou_detail_024_kihon=true
30,特別養護老人ホーム アシステンツァ 桜川,特別養護老人ホーム,大阪市浪速区桜川三丁目7番2号特別養護老人ホーム アシステンツァ桜川,大阪市浪速区,2774301184,510,mhlw_name_address,1.0,待機人数のみ取得可能,,124,60,2025-10-20,0/0人,,,https://www.kaigokensaku.mhlw.go.jp/27/index.php?JigyosyoCd=2774301184-00&ServiceCd=510&action_kouhyou_detail_024_kani=true,http://www.kensyokai.jp,2026-10-02T04:11:36+09:00,200,200,ok,,https://www.kaigokensaku.mhlw.go.jp/27/index.php?JigyosyoCd=2774301184-00&ServiceCd=510&action_kouhyou_detail_feature_index=true,https://www.kaigokensaku.mhlw.go.jp/27/index.php?JigyosyoCd=2774301184-00&ServiceCd=510&action_kouhyou_detail_024_kihon=true
31,特別養護老人ホームあいぜん,特別養護老人ホーム,大阪市浪速区日本橋５丁目１６番１９号,大阪市浪速区,2774300319,510,mhlw_name_address,1.0,空床取得可能,0,80,44,2025-10-17,0/80人,厚労省公式,https://www.kaigokensaku.mhlw.go.jp/27/index.php?JigyosyoCd=2774300319-00&ServiceCd=510&action_kouhyou_detail_feature_index=true,https://www.kaigokensaku.mhlw.go.jp/27/index.php?JigyosyoCd=2774300319-00&ServiceCd=510&action_kouhyou_detail_024_kani=true,,2026-10-02T04:11:42+09:00,200,200,ok,,https://www.kaigokensaku.mhlw.go.jp/27/index.php?JigyosyoCd=2774300319-00&ServiceCd=510&action_kouhyou_detail_feature_index=true,https://www.kaigokensaku.mhlw.go.jp/27/index.php?JigyosyoCd=2774300319-00&ServiceCd=510&action_kouhyou_detail_024_kihon=true
32,特別養護老人ホームなにわ,特別養護老人ホーム,大阪市浪速区幸町二丁目３番１１号特別養護老人ホームなにわ,大阪市浪速区,2774301200,510,mhlw_name_address,1.0,空床取得可能,5,58,0,2025-10-18,5/58人,厚労省公式,https://www.kaigokensaku.mhlw.go.jp/27/index.php?JigyosyoCd=2774301200-00&ServiceCd=510&action_kouhyou_detail_feature_index=true,https://www.kaigokensaku.mhlw.go.jp/27/index.php?JigyosyoCd=2774301200-00&ServiceCd=510&action_kouhyou_detail_024_kihon=true,,2026-10-02T04:11:46+09:00,200,200,ok,,https://www.kaigokensaku.mhlw.go.jp/27/index.php?JigyosyoCd=2774301200-00&ServiceCd=510&action_kouhyou_detail_feature_index=true,https://www.kaigokensaku.mhlw.go.jp/27/index.php?JigyosyoCd=2774301200-00&ServiceCd=510&action_kouhyou_detail_024_kihon=true
33,社会福祉法人 松福会 西淀川特別養護老人ホーム,特別養護老人ホーム,大阪市西淀川区大和田二丁目５番１１号,大阪市西淀川区,2771000300,510,seed_code,1.0,待機人数のみ取得可能,,104,101,2019-11-07,0/0人,,,https://www.kaigokensaku.mhlw.go.jp/27/index.php?JigyosyoCd=2771000300-00&ServiceCd=510&action_kouhyou_detail_024_kani=true,http://s-f-k.or.jp,2026-10-02T04:11:49+09:00,200,200,ok,,https://www.kaigokensaku.mhlw.go.jp/27/index.php?JigyosyoCd=2771000300-00&ServiceCd=510&action_kouhyou_detail_feature_index=true,https://www.kaigokensaku.mhlw.go.jp/27/index.php?JigyosyoCd=2771000300-00&ServiceCd=510&action_kouhyou_detail_024_kihon=true
34,特別養護老人ホーム陽光ひめじま苑,特別養護老人ホーム,大阪市西淀川区姫島5丁目16番36号,大阪市西淀川区,2771002322,510,seed_code,1.0,待機人数のみ取得可能,,90,6,,0/0人,,,https://www.kaigokensaku.mhlw.go.jp/27/index.php?JigyosyoCd=2771002322-00&ServiceCd=510&action_kouhyou_detail_024_kani=true,http://youkou-wel.com/,2026-10-02T04:11:55+09:00,200,200,ok,,https://www.kaigokensaku.mhlw.go.jp/27/index.php?JigyosyoCd=2771002322-00&ServiceCd=510&action_kouhyou_detail_feature_index=true,https://www.kaigokensaku.mhlw.go.jp/27/index.php?JigyosyoCd=2771002322-00&ServiceCd=510&action_kouhyou_detail_024_kihon=true
35,特別養護老人ホームルーチェ千舟,特別養護老人ホーム,大阪市西淀川区千舟2丁目７番２号,大阪市西淀川区,2771000706,510,seed_code,1.0,空床取得可能,0,80,136,2024-12-06,0/80人,厚労省公式,https://www.kaigokensaku.mhlw.go.jp/27/index.php?JigyosyoCd=2771000706-00&ServiceCd=510&action_kouhyou_detail_feature_index=true,https://www.kaigokensaku.mhlw.go.jp/27/index.php?JigyosyoCd=2771000706-00&ServiceCd=510&action_kouhyou_detail_024_kani=true,,2026-10-02T04:12:00+09:00,200,200,ok,,https://www.kaigokensaku.mhlw.go.jp/27/index.php?JigyosyoCd=2771000706-00&ServiceCd=510&action_kouhyou_detail_feature_index=true,https://www.kaigokensaku.mhlw.go.jp/27/index.php?JigyosyoCd=2771000706-00&ServiceCd=510&action_kouhyou_detail_024_kihon=true
36,特別養護老人ホームせいりょう姫島,特別養護老人ホーム,大阪市姫島2丁目15-8,大阪市西淀川区,2771002348,510,seed_code,1.0,待機人数のみ取得可能,,80,5,,0/0人,,,https://www.kaigokensaku.mhlw.go.jp/27/index.php?JigyosyoCd=2771002348-00&ServiceCd=510&action_kouhyou_detail_024_kani=true,https://www.f-seiryou.com/info/himejima.html,2026-10-02T04:12:03+09:00,200,200,ok,,https://www.kaigokensaku.mhlw.go.jp/27/index.php?JigyosyoCd=2771002348-00&ServiceCd=510&action_kouhyou_detail_feature_index=true,https://www.kaigokensaku.mhlw.go.jp/27/index.php?JigyosyoCd=2771002348-00&ServiceCd=510&action_kouhyou_detail_024_kihon=true
37,介護老人福祉施設水都ホーム福町,特別養護老人ホーム,大阪市西淀川区福町2丁目11番７号,大阪市西淀川区,2771001498,510,seed_code,1.0,待機人数のみ取得可能,,72,27,2025-10-22,0/0人,,,https://www.kaigokensaku.mhlw.go.jp/27/index.php?JigyosyoCd=2771001498-00&ServiceCd=510&action_kouhyou_detail_024_kani=true,http://www.fuyoufukusikai.com/,2026-10-02T04:12:08+09:00,200,200,ok,,https://www.kaigokensaku.mhlw.go.jp/27/index.php?JigyosyoCd=2771001498-00&ServiceCd=510&action_kouhyou_detail_feature_index=true,https://www.kaigokensaku.mhlw.go.jp/27/index.php?JigyosyoCd=2771001498-00&ServiceCd=510&action_kouhyou_detail_024_kihon=true
38,特別養護老人ホーム 姫島みずほ苑,特別養護老人ホーム,大阪市西淀川区姫島5丁目11番24号,大阪市西淀川区,2771001308,510,seed_code,1.0,待機人数のみ取得可能,,71,10,2022-11-21,0/0人,,,https://www.kaigokensaku.mhlw.go.jp/27/index.php?JigyosyoCd=2771001308-00&ServiceCd=510&action_kouhyou_detail_024_kani=true,https://himejima-mizuhoen.jp/,2026-10-02T04:12:12+09:00,200,200,ok,,https://www.kaigokensaku.mhlw.go.jp/27/index.php?JigyosyoCd=2771001308-00&ServiceCd=510&action_kouhyou_detail_feature_index=true,https://www.kaigokensaku.mhlw.go.jp/27/index.php?JigyosyoCd=2771001308-00&ServiceCd=510&action_kouhyou_detail_024_kihon=true
39,特別養護老人ホームほなみ,特別養護老人ホーム,大阪市西淀川区大和田４丁目１１番６号,大阪市西淀川区,2791000116,540,mhlw_name_address,1.0,取得不可,,29,,2021-11-06,0/0人,,,,https://tokuyo-honami.com/,2026-10-02T04:12:18+09:00,200,200,ok,,https://www.kaigokensaku.mhlw.go.jp/27/index.php?JigyosyoCd=2791000116-00&ServiceCd=540&action_kouhyou_detail_feature_index=true,https://www.kaigokensaku.mhlw.go.jp/27/index.php?JigyosyoCd=2791000116-00&ServiceCd=540&action_kouhyou_detail_026_kihon=true
40,特別養護老人ホームなみほ,特別養護老人ホーム,大阪市西淀川区大和田4丁目11番2号,大阪市西淀川区,2791000249,540,mhlw_name_address,1.0,取得不可,,29,,,,,,,https://tokuyo-honami.com/,2026-10-02T04:12:23+09:00,200,200,ok,,https://www.kaigokensaku.mhlw.go.jp/27/index.php?JigyosyoCd=2791000249-00&ServiceCd=540&action_kouhyou_detail_feature_index=true,https://www.kaigokensaku.mhlw.go.jp/27/index.php?JigyosyoCd=2791000249-00&ServiceCd=540&action_kouhyou_detail_026_kihon=true
41,特別養護老人ホームザイオン新大阪,特別養護老人ホーム,大阪市東淀川区東中島２丁目１４番１３号,大阪市東淀川区,2773003666,510,mhlw_name_address,1.0,空床取得可能,3,140,5,2025-10-13,3/140人,厚労省公式,https://www.kaigokensaku.mhlw.go.jp/27/index.php?JigyosyoCd=2773003666-00&ServiceCd=510&action_kouhyou_detail_feature_index=true,https://www.kaigokensaku.mhlw.go.jp/27/index.php?JigyosyoCd=2773003666-00&ServiceCd=510&action_kouhyou_detail_024_kani=true,,2026-10-02T04:12:28+09:00,200,200,ok,,https://www.kaigokensaku.mhlw.go.jp/27/index.php?JigyosyoCd=2773003666-00&ServiceCd=510&action_kouhyou_detail_feature_index=true,https://www.kaigokensaku.mhlw.go.jp/27/index.php?JigyosyoCd=2773003666-00&ServiceCd=510&action_kouhyou_detail_024_kihon=true
42,介護老人福祉施設 さわやか苑,特別養護老人ホーム,大阪市東淀川区豊新2-15-20,大阪市東淀川区,2773000662,510,mhlw_name_address,1.0,待機人数のみ取得可能,,122,80,2020-09-30,0/0人,,,https://www.kaigokensaku.mhlw.go.jp/27/index.php?JigyosyoCd=2773000662-00&ServiceCd=510&action_kouhyou_detail_024_kani=true,http://yukohukushikai.com,2026-10-02T04:12:32+09:00,200,200,ok,,https://www.kaigokensaku.mhlw.go.jp/27/index.php?JigyosyoCd=2773000662-00&ServiceCd=510&action_kouhyou_detail_feature_index=true,https://www.kaigokensaku.mhlw.go.jp/27/index.php?JigyosyoCd=2773000662-00&ServiceCd=510&action_kouhyou_detail_024_kihon=true
43,特別養護老人ホーム ジュネス,特別養護老人ホーム,大阪市東淀川区東淡路1-4-49メゾン リベルテ,大阪市東淀川区,2773000407,510,seed_code,1.0,空床取得可能,0,104,180,2025-09-22,0/104人,厚労省公式,https://www.kaigokensaku.mhlw.go.jp/27/index.php?JigyosyoCd=2773000407-00&ServiceCd=510&action_kouhyou_detail_feature_index=true,https://www.kaigokensaku.mhlw.go.jp/27/index.php?JigyosyoCd=2773000407-00&ServiceCd=510&action_kouhyou_detail_024_kani=true,,2026-10-02T04:12:35+09:00,200,200,ok,,https://www.kaigokensaku.mhlw.go.jp/27/index.php?JigyosyoCd=2773000407-00&ServiceCd=510&action_kouhyou_detail_feature_index=true,https://www.kaigokensaku.mhlw.go.jp/27/index.php?JigyosyoCd=2773000407-00&ServiceCd=510&action_kouhyou_detail_024_kihon=true
44,特別養護老人ホーム 井高野園,特別養護老人ホーム,大阪市東淀川区井高野３丁目１番５８号,大阪市東淀川区,2773000266,510,seed_code,1.0,待機人数のみ取得可能,,100,195,2024-12-11,0/0人,,,https://www.kaigokensaku.mhlw.go.jp/27/index.php?JigyosyoCd=2773000266-00&ServiceCd=510&action_kouhyou_detail_024_kani=true,http://www.itakanoen.or.jp/,2026-10-02T04:12:39+09:00,200,200,ok,,https://www.kaigokensaku.mhlw.go.jp/27/index.php?JigyosyoCd=2773000266-00&ServiceCd=510&action_kouhyou_detail_feature_index=true,https://www.kaigokensaku.mhlw.go.jp/27/index.php?JigyosyoCd=2773000266-00&ServiceCd=510&action_kouhyou_detail_024_kihon=true
45,特別養護老人ホーム とよさと黄金の里,特別養護老人ホーム,大阪市東淀川区大桐１丁目７－１６,大阪市東淀川区,2773001819,510,seed_code,1.0,待機人数のみ取得可能,,95,89,2026-04-13,0/0人,,,https://www.kaigokensaku.mhlw.go.jp/27/index.php?JigyosyoCd=2773001819-00&ServiceCd=510&action_kouhyou_detail_024_kani=true,http://www.kogane.or.jp,2026-10-02T04:12:45+09:00,200,200,ok,,https://www.kaigokensaku.mhlw.go.jp/27/index.php?JigyosyoCd=2773001819-00&ServiceCd=510&action_kouhyou_detail_feature_index=true,https://www.kaigokensaku.mhlw.go.jp/27/index.php?JigyosyoCd=2773001819-00&ServiceCd=510&action_kouhyou_detail_024_kihon=true
46,特別養護老人ホーム だんらん,特別養護老人ホーム,大阪市東淀川区淡路3丁目13-37,大阪市東淀川区,2773000357,510,seed_code,1.0,待機人数のみ取得可能,,80,0,2022-10-09,0/0人,,,https://www.kaigokensaku.mhlw.go.jp/27/index.php?JigyosyoCd=2773000357-00&ServiceCd=510&action_kouhyou_detail_024_kihon=true,http://www.normalization-kyokai.jp/,2026-10-02T04:12:52+09:00,200,200,ok,,https://www.kaigokensaku.mhlw.go.jp/27/index.php?JigyosyoCd=2773000357-00&ServiceCd=510&action_kouhyou_detail_feature_index=true,https://www.kaigokensaku.mhlw.go.jp/27/index.php?JigyosyoCd=2773000357-00&ServiceCd=510&action_kouhyou_detail_024_kihon=true
47,特別養護老人ホーム寿楽荘いたかの,特別養護老人ホーム,大阪市東淀川区井高野４丁目６番６１号,大阪市東淀川区,2773003336,510,seed_code,1.0,空床取得可能,2,80,251,2025-11-08,2/80人,厚労省公式,https://www.kaigokensaku.mhlw.go.jp/27/index.php?JigyosyoCd=2773003336-00&ServiceCd=510&action_kouhyou_detail_feature_index=true,https://www.kaigokensaku.mhlw.go.jp/27/index.php?JigyosyoCd=2773003336-00&ServiceCd=510&action_kouhyou_detail_024_kani=true,,2026-10-02T04:12:56+09:00,200,200,ok,,https://www.kaigokensaku.mhlw.go.jp/27/index.php?JigyosyoCd=2773003336-00&ServiceCd=510&action_kouhyou_detail_feature_index=true,https://www.kaigokensaku.mhlw.go.jp/27/index.php?JigyosyoCd=2773003336-00&ServiceCd=510&action_kouhyou_detail_024_kihon=true
48,特別養護老人ホームともしび,特別養護老人ホーム,大阪市東淀川区東中島5-19-3,大阪市東淀川区,2773004730,510,mhlw_name_address,1.0,待機人数のみ取得可能,,72,10,,0/0人,,,https://www.kaigokensaku.mhlw.go.jp/27/index.php?JigyosyoCd=2773004730-00&ServiceCd=510&action_kouhyou_detail_024_kani=true,https://www.tomoshibifukushikai.jp,2026-10-02T04:12:59+09:00,200,200,ok,,https://www.kaigokensaku.mhlw.go.jp/27/index.php?JigyosyoCd=2773004730-00&ServiceCd=510&action_kouhyou_detail_feature_index=true,https://www.kaigokensaku.mhlw.go.jp/27/index.php?JigyosyoCd=2773004730-00&ServiceCd=510&action_kouhyou_detail_024_kihon=true
49,特別養護老人ホーム 菜乃花,特別養護老人ホーム,大阪市東淀川区上新庄１丁目２番５号特別養護老人ホーム 菜乃花,大阪市東淀川区,2773004557,510,mhlw_name_address,1.0,待機人数のみ取得可能,,70,0,2025-10-05,0/0人,,,https://www.kaigokensaku.mhlw.go.jp/27/index.php?JigyosyoCd=2773004557-00&ServiceCd=510&action_kouhyou_detail_024_kihon=true,https://www.ontoku.or.jp,2026-10-02T04:13:04+09:00,200,200,ok,,https://www.kaigokensaku.mhlw.go.jp/27/index.php?JigyosyoCd=2773004557-00&ServiceCd=510&action_kouhyou_detail_feature_index=true,https://www.kaigokensaku.mhlw.go.jp/27/index.php?JigyosyoCd=2773004557-00&ServiceCd=510&action_kouhyou_detail_024_kihon=true
50,特別養護老人ホームポプラ上新庄,特別養護老人ホーム,大阪市東淀川区上新庄三丁目15番9号,大阪市東淀川区,2773005091,510,mhlw_name_address,1.0,空床取得可能,0,60,70,2025-09-25,0/60人,厚労省公式,https://www.kaigokensaku.mhlw.go.jp/27/index.php?JigyosyoCd=2773005091-00&ServiceCd=510&action_kouhyou_detail_feature_index=true,https://www.kaigokensaku.mhlw.go.jp/27/index.php?JigyosyoCd=2773005091-00&ServiceCd=510&action_kouhyou_detail_024_kani=true,,2026-10-02T04:13:09+09:00,200,200,ok,,https://www.kaigokensaku.mhlw.go.jp/27/index.php?JigyosyoCd=2773005091-00&ServiceCd=510&action_kouhyou_detail_feature_index=true,https://www.kaigokensaku.mhlw.go.jp/27/index.php?JigyosyoCd=2773005091-00&ServiceCd=510&action_kouhyou_detail_024_kihon=true
51,淡路介護老人福祉施設ビハーラ,特別養護老人ホーム,大阪市東淀川区淡路5-11-17,大阪市東淀川区,2773001041,510,seed_code,1.0,待機人数のみ取得可能,,50,135,2025-02-07,0/0人,,,https://www.kaigokensaku.mhlw.go.jp/27/index.php?JigyosyoCd=2773001041-00&ServiceCd=510&action_kouhyou_detail_024_kani=true,http://vihara-sisinkai.jp/,2026-10-02T04:13:16+09:00,200,200,ok,,https://www.kaigokensaku.mhlw.go.jp/27/index.php?JigyosyoCd=2773001041-00&ServiceCd=510&action_kouhyou_detail_feature_index=true,https://www.kaigokensaku.mhlw.go.jp/27/index.php?JigyosyoCd=2773001041-00&ServiceCd=510&action_kouhyou_detail_024_kihon=true
52,地域密着型特別養護老人ホーム 菜乃花,特別養護老人ホーム,大阪市東淀川区上新庄１－２－５地域密着型特別養護老人ホーム 菜乃花,大阪市東淀川区,2793000312,540,mhlw_name_address,1.0,取得不可,,20,,2025-10-05,0/0人,,,,https://www.aoyama-med.gr.jp/ouka-welfare/nanoka,2026-10-02T04:13:22+09:00,200,200,ok,,https://www.kaigokensaku.mhlw.go.jp/27/index.php?JigyosyoCd=2793000312-00&ServiceCd=540&action_kouhyou_detail_feature_index=true,https://www.kaigokensaku.mhlw.go.jp/27/index.php?JigyosyoCd=2793000312-00&ServiceCd=540&action_kouhyou_detail_026_kihon=true
53,特別養護老人ホーム称揚苑,特別養護老人ホーム,大阪市東成区深江北1-14-8,大阪市東成区,2771502826,510,seed_code,1.0,待機人数のみ取得可能,,110,30,,0/0人,,,https://www.kaigokensaku.mhlw.go.jp/27/index.php?JigyosyoCd=2771502826-00&ServiceCd=510&action_kouhyou_detail_024_kani=true,http://www.kyouseikai.org/,2026-10-02T04:13:30+09:00,200,200,ok,,https://www.kaigokensaku.mhlw.go.jp/27/index.php?JigyosyoCd=2771502826-00&ServiceCd=510&action_kouhyou_detail_feature_index=true,https://www.kaigokensaku.mhlw.go.jp/27/index.php?JigyosyoCd=2771502826-00&ServiceCd=510&action_kouhyou_detail_024_kihon=true
54,特別養護老人ホームアルカンシエル東成,特別養護老人ホーム,大阪市東成区中本四丁目１番２１号,大阪市東成区,2771501307,510,seed_code,1.0,空床取得可能,9,90,0,2025-10-20,9/90人,厚労省公式,https://www.kaigokensaku.mhlw.go.jp/27/index.php?JigyosyoCd=2771501307-00&ServiceCd=510&action_kouhyou_detail_feature_index=true,https://www.kaigokensaku.mhlw.go.jp/27/index.php?JigyosyoCd=2771501307-00&ServiceCd=510&action_kouhyou_detail_024_kihon=true,,2026-10-02T04:13:38+09:00,200,200,ok,,https://www.kaigokensaku.mhlw.go.jp/27/index.php?JigyosyoCd=2771501307-00&ServiceCd=510&action_kouhyou_detail_feature_index=true,https://www.kaigokensaku.mhlw.go.jp/27/index.php?JigyosyoCd=2771501307-00&ServiceCd=510&action_kouhyou_detail_024_kihon=true
55,特別養護老人ホーム ハミングベル中道,特別養護老人ホーム,大阪市東成区中道２丁目７-１,大阪市東成区,2771500846,510,seed_code,1.0,空床取得可能,2,80,79,2025-10-22,2/80人,厚労省公式,https://www.kaigokensaku.mhlw.go.jp/27/index.php?JigyosyoCd=2771500846-00&ServiceCd=510&action_kouhyou_detail_feature_index=true,https://www.kaigokensaku.mhlw.go.jp/27/index.php?JigyosyoCd=2771500846-00&ServiceCd=510&action_kouhyou_detail_024_kani=true,,2026-10-02T04:13:42+09:00,200,200,ok,,https://www.kaigokensaku.mhlw.go.jp/27/index.php?JigyosyoCd=2771500846-00&ServiceCd=510&action_kouhyou_detail_feature_index=true,https://www.kaigokensaku.mhlw.go.jp/27/index.php?JigyosyoCd=2771500846-00&ServiceCd=510&action_kouhyou_detail_024_kihon=true
56,特別養護老人ホーム サンローズオオサカ,特別養護老人ホーム,大阪市東成区神路１丁目１０番３号,大阪市東成区,2771500176,510,seed_code,1.0,待機人数のみ取得可能,,72,38,2025-10-23,0/0人,,,https://www.kaigokensaku.mhlw.go.jp/27/index.php?JigyosyoCd=2771500176-00&ServiceCd=510&action_kouhyou_detail_024_kani=true,http://www.omichikai.or.jp/sunrose/index.htm,2026-10-02T04:13:45+09:00,200,200,ok,,https://www.kaigokensaku.mhlw.go.jp/27/index.php?JigyosyoCd=2771500176-00&ServiceCd=510&action_kouhyou_detail_feature_index=true,https://www.kaigokensaku.mhlw.go.jp/27/index.php?JigyosyoCd=2771500176-00&ServiceCd=510&action_kouhyou_detail_024_kihon=true
57,社会福祉法人 慶生会 特別養護老人ホーム 瑞光苑,特別養護老人ホーム,大阪市生野区巽東4丁目11番10号特別養護老人ホーム 瑞光苑,大阪市生野区,2772200420,510,mhlw_name_address,1.0,待機人数のみ取得可能,,128,23,,0/0人,,,https://www.kaigokensaku.mhlw.go.jp/27/index.php?JigyosyoCd=2772200420-00&ServiceCd=510&action_kouhyou_detail_024_kani=true,https://kyouseikai.org/,2026-10-02T04:13:50+09:00,200,200,ok,,https://www.kaigokensaku.mhlw.go.jp/27/index.php?JigyosyoCd=2772200420-00&ServiceCd=510&action_kouhyou_detail_feature_index=true,https://www.kaigokensaku.mhlw.go.jp/27/index.php?JigyosyoCd=2772200420-00&ServiceCd=510&action_kouhyou_detail_024_kihon=true
58,特別養護老人ホーム 甍,特別養護老人ホーム,大阪市生野区巽南3丁目7番30号,大阪市生野区,2772200495,510,seed_code,1.0,空床取得可能,0,98,5,2026-02-26,0/98人,厚労省公式,https://www.kaigokensaku.mhlw.go.jp/27/index.php?JigyosyoCd=2772200495-00&ServiceCd=510&action_kouhyou_detail_feature_index=true,https://www.kaigokensaku.mhlw.go.jp/27/index.php?JigyosyoCd=2772200495-00&ServiceCd=510&action_kouhyou_detail_024_kani=true,,2026-10-02T04:13:56+09:00,200,200,ok,,https://www.kaigokensaku.mhlw.go.jp/27/index.php?JigyosyoCd=2772200495-00&ServiceCd=510&action_kouhyou_detail_feature_index=true,https://www.kaigokensaku.mhlw.go.jp/27/index.php?JigyosyoCd=2772200495-00&ServiceCd=510&action_kouhyou_detail_024_kihon=true
59,インパレスみのり苑,特別養護老人ホーム,大阪市生野区巽中３丁目１４番３号,大阪市生野区,2772200461,510,seed_code,1.0,空床取得可能,5,98,15,2016-10-22,5/94人,厚労省公式,https://www.kaigokensaku.mhlw.go.jp/27/index.php?JigyosyoCd=2772200461-00&ServiceCd=510&action_kouhyou_detail_feature_index=true,https://www.kaigokensaku.mhlw.go.jp/27/index.php?JigyosyoCd=2772200461-00&ServiceCd=510&action_kouhyou_detail_024_kani=true,,2026-10-02T04:13:59+09:00,200,200,ok,,https://www.kaigokensaku.mhlw.go.jp/27/index.php?JigyosyoCd=2772200461-00&ServiceCd=510&action_kouhyou_detail_feature_index=true,https://www.kaigokensaku.mhlw.go.jp/27/index.php?JigyosyoCd=2772200461-00&ServiceCd=510&action_kouhyou_detail_024_kihon=true
60,特別養護老人ホーム夢の箱 勝山,特別養護老人ホーム,大阪市生野区勝山南１丁目１７番４３号,大阪市生野区,2772203887,510,seed_code,1.0,待機人数のみ取得可能,,90,97,2025-09-24,0/0人,,,https://www.kaigokensaku.mhlw.go.jp/27/index.php?JigyosyoCd=2772203887-00&ServiceCd=510&action_kouhyou_detail_024_kani=true,http://www.yumenohako.info,2026-10-02T04:14:03+09:00,200,200,ok,,https://www.kaigokensaku.mhlw.go.jp/27/index.php?JigyosyoCd=2772203887-00&ServiceCd=510&action_kouhyou_detail_feature_index=true,https://www.kaigokensaku.mhlw.go.jp/27/index.php?JigyosyoCd=2772203887-00&ServiceCd=510&action_kouhyou_detail_024_kihon=true
61,特別養護老人ホーム 寿幸苑,特別養護老人ホーム,大阪市生野区林寺４丁目１３番１４号,大阪市生野区,2772202442,510,seed_code,1.0,待機人数のみ取得可能,,90,3,2022-09-08,0/0人,,,https://www.kaigokensaku.mhlw.go.jp/27/index.php?JigyosyoCd=2772202442-00&ServiceCd=510&action_kouhyou_detail_024_kani=true,http://www.jukouen.com,2026-10-02T04:14:08+09:00,200,200,ok,,https://www.kaigokensaku.mhlw.go.jp/27/index.php?JigyosyoCd=2772202442-00&ServiceCd=510&action_kouhyou_detail_feature_index=true,https://www.kaigokensaku.mhlw.go.jp/27/index.php?JigyosyoCd=2772202442-00&ServiceCd=510&action_kouhyou_detail_024_kihon=true
62,上本町特別養護老人ホームラガール,特別養護老人ホーム,大阪市生野区鶴橋一丁目9番34号,大阪市生野区,2772207185,510,seed_code,1.0,待機人数のみ取得可能,,85,5,,,,,https://www.kaigokensaku.mhlw.go.jp/27/index.php?JigyosyoCd=2772207185-00&ServiceCd=510&action_kouhyou_detail_024_kani=true,http://uehonmachi.koudoukai.or.jp/,2026-10-02T04:14:13+09:00,200,200,ok,,https://www.kaigokensaku.mhlw.go.jp/27/index.php?JigyosyoCd=2772207185-00&ServiceCd=510&action_kouhyou_detail_feature_index=true,https://www.kaigokensaku.mhlw.go.jp/27/index.php?JigyosyoCd=2772207185-00&ServiceCd=510&action_kouhyou_detail_024_kihon=true
63,特別養護老人ホーム レインボー今里,特別養護老人ホーム,大阪市生野区中川１－６－２０,大阪市生野区,2772200685,510,mhlw_name_address,1.0,空床取得可能,0,80,0,2024-03-21,0/80人,厚労省公式,https://www.kaigokensaku.mhlw.go.jp/27/index.php?JigyosyoCd=2772200685-00&ServiceCd=510&action_kouhyou_detail_feature_index=true,https://www.kaigokensaku.mhlw.go.jp/27/index.php?JigyosyoCd=2772200685-00&ServiceCd=510&action_kouhyou_detail_024_kani=true,,2026-10-02T04:14:17+09:00,200,200,ok,,https://www.kaigokensaku.mhlw.go.jp/27/index.php?JigyosyoCd=2772200685-00&ServiceCd=510&action_kouhyou_detail_feature_index=true,https://www.kaigokensaku.mhlw.go.jp/27/index.php?JigyosyoCd=2772200685-00&ServiceCd=510&action_kouhyou_detail_024_kihon=true
64,特別養護老人ホーム せんぽ,特別養護老人ホーム,大阪市生野区巽北一丁目14番3号,大阪市生野区,2772204851,510,seed_code,1.0,待機人数のみ取得可能,,72,80,2019-10-24,0/0人,,,https://www.kaigokensaku.mhlw.go.jp/27/index.php?JigyosyoCd=2772204851-00&ServiceCd=510&action_kouhyou_detail_024_kani=true,http://senpokai.org/,2026-10-02T04:14:21+09:00,200,200,ok,,https://www.kaigokensaku.mhlw.go.jp/27/index.php?JigyosyoCd=2772204851-00&ServiceCd=510&action_kouhyou_detail_feature_index=true,https://www.kaigokensaku.mhlw.go.jp/27/index.php?JigyosyoCd=2772204851-00&ServiceCd=510&action_kouhyou_detail_024_kihon=true
65,特別養護老人ホーム巽さくらら苑,特別養護老人ホーム,大阪市生野区巽中１－５－８,大阪市生野区,2772201253,510,seed_code,1.0,空床取得可能,0,60,45,2019-11-22,0/60人,厚労省公式,https://www.kaigokensaku.mhlw.go.jp/27/index.php?JigyosyoCd=2772201253-00&ServiceCd=510&action_kouhyou_detail_feature_index=true,https://www.kaigokensaku.mhlw.go.jp/27/index.php?JigyosyoCd=2772201253-00&ServiceCd=510&action_kouhyou_detail_024_kani=true,,2026-10-02T04:14:25+09:00,200,200,ok,,https://www.kaigokensaku.mhlw.go.jp/27/index.php?JigyosyoCd=2772201253-00&ServiceCd=510&action_kouhyou_detail_feature_index=true,https://www.kaigokensaku.mhlw.go.jp/27/index.php?JigyosyoCd=2772201253-00&ServiceCd=510&action_kouhyou_detail_024_kihon=true
66,特別養護老人ホーム サン・アクエリア,特別養護老人ホーム,大阪市生野区新今里4-11-17,大阪市生野区,2772200321,510,seed_code,1.0,空床取得可能,0,50,6,2024-12-08,0/50人,厚労省公式,https://www.kaigokensaku.mhlw.go.jp/27/index.php?JigyosyoCd=2772200321-00&ServiceCd=510&action_kouhyou_detail_feature_index=true,https://www.kaigokensaku.mhlw.go.jp/27/index.php?JigyosyoCd=2772200321-00&ServiceCd=510&action_kouhyou_detail_024_kani=true,,2026-10-02T04:14:29+09:00,200,200,ok,,https://www.kaigokensaku.mhlw.go.jp/27/index.php?JigyosyoCd=2772200321-00&ServiceCd=510&action_kouhyou_detail_feature_index=true,https://www.kaigokensaku.mhlw.go.jp/27/index.php?JigyosyoCd=2772200321-00&ServiceCd=510&action_kouhyou_detail_024_kihon=true
67,特別養護老人ホームあじさいの里,特別養護老人ホーム,大阪市生野区勝山北3-13-20,大阪市生野区,2772200479,510,seed_code,1.0,待機人数のみ取得可能,,50,41,2024-12-22,0/0人,,,https://www.kaigokensaku.mhlw.go.jp/27/index.php?JigyosyoCd=2772200479-00&ServiceCd=510&action_kouhyou_detail_024_kani=true,https://www.fukushi-aiseikai.or.jp/,2026-10-02T04:14:32+09:00,200,200,ok,,https://www.kaigokensaku.mhlw.go.jp/27/index.php?JigyosyoCd=2772200479-00&ServiceCd=510&action_kouhyou_detail_feature_index=true,https://www.kaigokensaku.mhlw.go.jp/27/index.php?JigyosyoCd=2772200479-00&ServiceCd=510&action_kouhyou_detail_024_kihon=true
68,金の鈴特別養護老人ホーム,特別養護老人ホーム,大阪市生野区巽南3-5-25,大阪市生野区,,510,unmatched_ambiguous,0.754,取得不可,,,,,,,,,,2026-10-02T04:14:43+09:00,,,unmatched_no_official_page,MHLW open data could not be matched with sufficient confidence,,
69,上本町地域密着型特別養護老人ホームラガール,特別養護老人ホーム,大阪市生野区鶴橋一丁目9番34号,大阪市生野区,2792200582,540,mhlw_name_address,1.0,取得不可,,29,,,,,,,http://uehonmachi.koudoukai.or.jp/,2026-10-02T04:14:43+09:00,200,200,ok,,https://www.kaigokensaku.mhlw.go.jp/27/index.php?JigyosyoCd=2792200582-00&ServiceCd=540&action_kouhyou_detail_feature_index=true,https://www.kaigokensaku.mhlw.go.jp/27/index.php?JigyosyoCd=2792200582-00&ServiceCd=540&action_kouhyou_detail_026_kihon=true
70,地域密着型特別養護老人ホームおがわ苑,特別養護老人ホーム,大阪市生野区生野東3丁目1番51号地域密着型特別養護老人ホームおがわ苑,大阪市生野区,2792200426,540,mhlw_name_address,1.0,取得不可,,29,,2025-12-11,0/0人,,,,https://www.kaorukai1520.com/,2026-10-02T04:14:48+09:00,200,200,ok,,https://www.kaigokensaku.mhlw.go.jp/27/index.php?JigyosyoCd=2792200426-00&ServiceCd=540&action_kouhyou_detail_feature_index=true,https://www.kaigokensaku.mhlw.go.jp/27/index.php?JigyosyoCd=2792200426-00&ServiceCd=540&action_kouhyou_detail_026_kihon=true
71,特別養護老人ホーム旭さくら苑,特別養護老人ホーム,大阪市旭区清水三丁目１５番２３号,大阪市旭区,2773101007,510,mhlw_name_address,1.0,空床取得可能,0,120,50,2023-10-23,0/120人,厚労省公式,https://www.kaigokensaku.mhlw.go.jp/27/index.php?JigyosyoCd=2773101007-00&ServiceCd=510&action_kouhyou_detail_feature_index=true,https://www.kaigokensaku.mhlw.go.jp/27/index.php?JigyosyoCd=2773101007-00&ServiceCd=510&action_kouhyou_detail_024_kani=true,,2026-10-02T04:14:51+09:00,200,200,ok,,https://www.kaigokensaku.mhlw.go.jp/27/index.php?JigyosyoCd=2773101007-00&ServiceCd=510&action_kouhyou_detail_feature_index=true,https://www.kaigokensaku.mhlw.go.jp/27/index.php?JigyosyoCd=2773101007-00&ServiceCd=510&action_kouhyou_detail_024_kihon=true
72,社会福祉法人 邦寿会 高殿苑,特別養護老人ホーム,大阪市旭区高殿５－１０－７,大阪市旭区,2773103110,510,mhlw_name_address,1.0,待機人数のみ取得可能,,110,70,,0/0人,,,https://www.kaigokensaku.mhlw.go.jp/27/index.php?JigyosyoCd=2773103110-00&ServiceCd=510&action_kouhyou_detail_024_kani=true,http://www.houjukai.jp/takadono/index.html,2026-10-02T04:14:55+09:00,200,200,ok,,https://www.kaigokensaku.mhlw.go.jp/27/index.php?JigyosyoCd=2773103110-00&ServiceCd=510&action_kouhyou_detail_feature_index=true,https://www.kaigokensaku.mhlw.go.jp/27/index.php?JigyosyoCd=2773103110-00&ServiceCd=510&action_kouhyou_detail_024_kihon=true
73,生江特別養護老人ホーム白寿荘,特別養護老人ホーム,大阪市旭区生江３－２７－１,大阪市旭区,2773101015,510,mhlw_name_address,1.0,待機人数のみ取得可能,,82,60,2025-02-24,0/0人,,,https://www.kaigokensaku.mhlw.go.jp/27/index.php?JigyosyoCd=2773101015-00&ServiceCd=510&action_kouhyou_detail_024_kani=true,http://www.liberta.or.jp/index.html,2026-10-02T04:15:04+09:00,200,200,ok,,https://www.kaigokensaku.mhlw.go.jp/27/index.php?JigyosyoCd=2773101015-00&ServiceCd=510&action_kouhyou_detail_feature_index=true,https://www.kaigokensaku.mhlw.go.jp/27/index.php?JigyosyoCd=2773101015-00&ServiceCd=510&action_kouhyou_detail_024_kihon=true
74,特別養護老人ホーム ライフライト,特別養護老人ホーム,大阪市旭区赤川2-1-20,大阪市旭区,2773100249,510,mhlw_name_address,1.0,待機人数のみ取得可能,,80,87,2020-10-02,0/0人,,,https://www.kaigokensaku.mhlw.go.jp/27/index.php?JigyosyoCd=2773100249-00&ServiceCd=510&action_kouhyou_detail_024_kani=true,http://hoshino-kai.com,2026-10-02T04:15:09+09:00,200,200,ok,,https://www.kaigokensaku.mhlw.go.jp/27/index.php?JigyosyoCd=2773100249-00&ServiceCd=510&action_kouhyou_detail_feature_index=true,https://www.kaigokensaku.mhlw.go.jp/27/index.php?JigyosyoCd=2773100249-00&ServiceCd=510&action_kouhyou_detail_024_kihon=true
75,特別養護老人ホームゆうゆう,特別養護老人ホーム,大阪市旭区高殿６－２４－１２,大阪市旭区,2773100520,510,mhlw_name_address,1.0,待機人数のみ取得可能,,80,28,2025-10-23,0/0人,,,https://www.kaigokensaku.mhlw.go.jp/27/index.php?JigyosyoCd=2773100520-00&ServiceCd=510&action_kouhyou_detail_024_kani=true,http://www.aiai-1122.or.jp/yuyu/,2026-10-02T04:15:14+09:00,200,200,ok,,https://www.kaigokensaku.mhlw.go.jp/27/index.php?JigyosyoCd=2773100520-00&ServiceCd=510&action_kouhyou_detail_feature_index=true,https://www.kaigokensaku.mhlw.go.jp/27/index.php?JigyosyoCd=2773100520-00&ServiceCd=510&action_kouhyou_detail_024_kihon=true
76,特別養護老人ホームあいあい,特別養護老人ホーム,大阪市旭区赤川１－6－12,大阪市旭区,2773100314,510,mhlw_name_address,1.0,待機人数のみ取得可能,,50,20,2018-12-18,0/0人,,,https://www.kaigokensaku.mhlw.go.jp/27/index.php?JigyosyoCd=2773100314-00&ServiceCd=510&action_kouhyou_detail_024_kani=true,http://www.aiai-1122.or.jp/,2026-10-02T04:15:19+09:00,200,200,ok,,https://www.kaigokensaku.mhlw.go.jp/27/index.php?JigyosyoCd=2773100314-00&ServiceCd=510&action_kouhyou_detail_feature_index=true,https://www.kaigokensaku.mhlw.go.jp/27/index.php?JigyosyoCd=2773100314-00&ServiceCd=510&action_kouhyou_detail_024_kihon=true
77,特別養護老人ホームしぎの黄金の里,特別養護老人ホーム,大阪市城東区鴫野東2丁目26番12号,大阪市城東区,2774400267,510,mhlw_name_address,1.0,待機人数のみ取得可能,,130,185,2018-12-20,0/0人,,,https://www.kaigokensaku.mhlw.go.jp/27/index.php?JigyosyoCd=2774400267-00&ServiceCd=510&action_kouhyou_detail_024_kani=true,http://www.kogane.or.jp,2026-10-02T04:15:26+09:00,200,200,ok,,https://www.kaigokensaku.mhlw.go.jp/27/index.php?JigyosyoCd=2774400267-00&ServiceCd=510&action_kouhyou_detail_feature_index=true,https://www.kaigokensaku.mhlw.go.jp/27/index.php?JigyosyoCd=2774400267-00&ServiceCd=510&action_kouhyou_detail_024_kihon=true
78,社会福祉法人清水福祉会 特別養護老人ホーム城東さくら苑,特別養護老人ホーム,大阪市城東区今福西6-6-20,大阪市城東区,2774403998,510,mhlw_name_address,1.0,待機人数のみ取得可能,,109,41,,0/0人,,,https://www.kaigokensaku.mhlw.go.jp/27/index.php?JigyosyoCd=2774403998-00&ServiceCd=510&action_kouhyou_detail_024_kani=true,http://www.seisuikai.net,2026-10-02T04:15:32+09:00,200,200,ok,,https://www.kaigokensaku.mhlw.go.jp/27/index.php?JigyosyoCd=2774403998-00&ServiceCd=510&action_kouhyou_detail_feature_index=true,https://www.kaigokensaku.mhlw.go.jp/27/index.php?JigyosyoCd=2774403998-00&ServiceCd=510&action_kouhyou_detail_024_kihon=true
79,野江特別養護老人ホーム 城東園,特別養護老人ホーム,大阪市城東区今福東２丁目２番２５号,大阪市城東区,2774400192,510,mhlw_name_address,1.0,待機人数のみ取得可能,,100,65,2025-10-15,0/0人,,,https://www.kaigokensaku.mhlw.go.jp/27/index.php?JigyosyoCd=2774400192-00&ServiceCd=510&action_kouhyou_detail_024_kani=true,http://www.noe.saiseikai.or.jp/jotoen/index.html,2026-10-02T04:15:37+09:00,200,200,ok,,https://www.kaigokensaku.mhlw.go.jp/27/index.php?JigyosyoCd=2774400192-00&ServiceCd=510&action_kouhyou_detail_feature_index=true,https://www.kaigokensaku.mhlw.go.jp/27/index.php?JigyosyoCd=2774400192-00&ServiceCd=510&action_kouhyou_detail_024_kihon=true
80,城東特別養護老人ホーム,特別養護老人ホーム,大阪市城東区古市1-20-17,大阪市城東区,2774400507,510,mhlw_name_address,1.0,空床取得可能,0,90,123,2020-10-25,0/93人,厚労省公式,https://www.kaigokensaku.mhlw.go.jp/27/index.php?JigyosyoCd=2774400507-00&ServiceCd=510&action_kouhyou_detail_feature_index=true,https://www.kaigokensaku.mhlw.go.jp/27/index.php?JigyosyoCd=2774400507-00&ServiceCd=510&action_kouhyou_detail_024_kani=true,,2026-10-02T04:15:41+09:00,200,200,ok,,https://www.kaigokensaku.mhlw.go.jp/27/index.php?JigyosyoCd=2774400507-00&ServiceCd=510&action_kouhyou_detail_feature_index=true,https://www.kaigokensaku.mhlw.go.jp/27/index.php?JigyosyoCd=2774400507-00&ServiceCd=510&action_kouhyou_detail_024_kihon=true
81,特別養護老人ホーム平成森之宮苑,特別養護老人ホーム,大阪市城東区森之宮２－１－４９,大阪市城東区,2774404269,510,mhlw_name_address,1.0,待機人数のみ取得可能,,82,10,,,,,https://www.kaigokensaku.mhlw.go.jp/27/index.php?JigyosyoCd=2774404269-00&ServiceCd=510&action_kouhyou_detail_024_kani=true,http://www.heiseifukushikai.com/facility/facility/morinomiya/,2026-10-02T04:15:45+09:00,200,200,ok,,https://www.kaigokensaku.mhlw.go.jp/27/index.php?JigyosyoCd=2774404269-00&ServiceCd=510&action_kouhyou_detail_feature_index=true,https://www.kaigokensaku.mhlw.go.jp/27/index.php?JigyosyoCd=2774404269-00&ServiceCd=510&action_kouhyou_detail_024_kihon=true
82,特別養護老人ホーム城東こすもす苑,特別養護老人ホーム,大阪市城東区蒲生2-2-38,大阪市城東区,2774402578,510,mhlw_name_address,1.0,待機人数のみ取得可能,,74,2,2025-12-17,0/0人,,,https://www.kaigokensaku.mhlw.go.jp/27/index.php?JigyosyoCd=2774402578-00&ServiceCd=510&action_kouhyou_detail_024_kani=true,http://www.seisuikai.net/,2026-10-02T04:15:50+09:00,200,200,ok,,https://www.kaigokensaku.mhlw.go.jp/27/index.php?JigyosyoCd=2774402578-00&ServiceCd=510&action_kouhyou_detail_feature_index=true,https://www.kaigokensaku.mhlw.go.jp/27/index.php?JigyosyoCd=2774402578-00&ServiceCd=510&action_kouhyou_detail_024_kihon=true
83,特別養護老人ホーム 至善荘,特別養護老人ホーム,大阪市城東区蒲生4-2-10,大阪市城東区,2774400390,510,mhlw_name_address,1.0,待機人数のみ取得可能,,53,53,2024-12-12,0/0人,,,https://www.kaigokensaku.mhlw.go.jp/27/index.php?JigyosyoCd=2774400390-00&ServiceCd=510&action_kouhyou_detail_024_kani=true,http://www.shizenkai.or.jp/,2026-10-02T04:15:55+09:00,200,200,ok,,https://www.kaigokensaku.mhlw.go.jp/27/index.php?JigyosyoCd=2774400390-00&ServiceCd=510&action_kouhyou_detail_feature_index=true,https://www.kaigokensaku.mhlw.go.jp/27/index.php?JigyosyoCd=2774400390-00&ServiceCd=510&action_kouhyou_detail_024_kihon=true
84,地域密着型特別養護老人ホーム平成森之宮苑,特別養護老人ホーム,大阪市城東区森之宮２－１－４９,大阪市城東区,2794400347,540,mhlw_name_address,1.0,取得不可,,20,,,,,,,http://www.heiseifukushikai.com/facility/facility/morinomiya/,2026-10-02T04:16:03+09:00,200,200,ok,,https://www.kaigokensaku.mhlw.go.jp/27/index.php?JigyosyoCd=2794400347-00&ServiceCd=540&action_kouhyou_detail_feature_index=true,https://www.kaigokensaku.mhlw.go.jp/27/index.php?JigyosyoCd=2794400347-00&ServiceCd=540&action_kouhyou_detail_026_kihon=true
85,特別養護老人ホーム阪和苑,特別養護老人ホーム,大阪市阿倍野区松崎町２丁目３番１０号,大阪市阿倍野区,2772300527,510,seed_code,1.0,空床取得可能,0,140,70,2025-10-14,0/140人,厚労省公式,https://www.kaigokensaku.mhlw.go.jp/27/index.php?JigyosyoCd=2772300527-00&ServiceCd=510&action_kouhyou_detail_feature_index=true,https://www.kaigokensaku.mhlw.go.jp/27/index.php?JigyosyoCd=2772300527-00&ServiceCd=510&action_kouhyou_detail_024_kani=true,,2026-10-02T04:16:09+09:00,200,200,ok,,https://www.kaigokensaku.mhlw.go.jp/27/index.php?JigyosyoCd=2772300527-00&ServiceCd=510&action_kouhyou_detail_feature_index=true,https://www.kaigokensaku.mhlw.go.jp/27/index.php?JigyosyoCd=2772300527-00&ServiceCd=510&action_kouhyou_detail_024_kihon=true
86,特別養護老人ホーム いくとく,特別養護老人ホーム,大阪市阿倍野区天王寺町北3-18-16,大阪市阿倍野区,2772300253,510,seed_code,1.0,空床取得可能,1,130,59,2025-10-18,1/130人,厚労省公式,https://www.kaigokensaku.mhlw.go.jp/27/index.php?JigyosyoCd=2772300253-00&ServiceCd=510&action_kouhyou_detail_feature_index=true,https://www.kaigokensaku.mhlw.go.jp/27/index.php?JigyosyoCd=2772300253-00&ServiceCd=510&action_kouhyou_detail_024_kani=true,,2026-10-02T04:16:12+09:00,200,200,ok,,https://www.kaigokensaku.mhlw.go.jp/27/index.php?JigyosyoCd=2772300253-00&ServiceCd=510&action_kouhyou_detail_feature_index=true,https://www.kaigokensaku.mhlw.go.jp/27/index.php?JigyosyoCd=2772300253-00&ServiceCd=510&action_kouhyou_detail_024_kihon=true
87,ふれ愛丸山荘,特別養護老人ホーム,大阪市阿倍野区丸山通１丁目2番8号,大阪市阿倍野区,2772300345,510,seed_code,1.0,空床取得可能,0,91,4,2023-10-26,0/87人,厚労省公式,https://www.kaigokensaku.mhlw.go.jp/27/index.php?JigyosyoCd=2772300345-00&ServiceCd=510&action_kouhyou_detail_feature_index=true,https://www.kaigokensaku.mhlw.go.jp/27/index.php?JigyosyoCd=2772300345-00&ServiceCd=510&action_kouhyou_detail_024_kani=true,,2026-10-02T04:16:15+09:00,200,200,ok,,https://www.kaigokensaku.mhlw.go.jp/27/index.php?JigyosyoCd=2772300345-00&ServiceCd=510&action_kouhyou_detail_feature_index=true,https://www.kaigokensaku.mhlw.go.jp/27/index.php?JigyosyoCd=2772300345-00&ServiceCd=510&action_kouhyou_detail_024_kihon=true
88,特別養護老人ホームミネルヴァあべの,特別養護老人ホーム,大阪市阿倍野区昭和町3丁目4番27号,大阪市阿倍野区,2772303315,510,seed_code,1.0,空床取得可能,7,70,68,2025-10-23,7/70人,厚労省公式,https://www.kaigokensaku.mhlw.go.jp/27/index.php?JigyosyoCd=2772303315-00&ServiceCd=510&action_kouhyou_detail_feature_index=true,https://www.kaigokensaku.mhlw.go.jp/27/index.php?JigyosyoCd=2772303315-00&ServiceCd=510&action_kouhyou_detail_024_kani=true,,2026-10-02T04:16:19+09:00,200,200,ok,,https://www.kaigokensaku.mhlw.go.jp/27/index.php?JigyosyoCd=2772303315-00&ServiceCd=510&action_kouhyou_detail_feature_index=true,https://www.kaigokensaku.mhlw.go.jp/27/index.php?JigyosyoCd=2772303315-00&ServiceCd=510&action_kouhyou_detail_024_kihon=true
89,特別養護老人ホーム 阪和帝塚山苑,特別養護老人ホーム,大阪市住吉区帝塚山東２－１－41,大阪市住吉区,2772003444,510,seed_code,1.0,待機人数のみ取得可能,,210,60,2024-11-26,0/0人,,,https://www.kaigokensaku.mhlw.go.jp/27/index.php?JigyosyoCd=2772003444-00&ServiceCd=510&action_kouhyou_detail_024_kani=true,http://tezukayama.or.jp/,2026-10-02T04:16:22+09:00,200,200,ok,,https://www.kaigokensaku.mhlw.go.jp/27/index.php?JigyosyoCd=2772003444-00&ServiceCd=510&action_kouhyou_detail_feature_index=true,https://www.kaigokensaku.mhlw.go.jp/27/index.php?JigyosyoCd=2772003444-00&ServiceCd=510&action_kouhyou_detail_024_kihon=true
90,帝塚山特別養護老人ホーム,特別養護老人ホーム,大阪市住吉区帝塚山東2丁目1番35号,大阪市住吉区,2772000457,510,seed_code,1.0,空床取得可能,0,124,66,2026-07-14,0/124人,厚労省公式,https://www.kaigokensaku.mhlw.go.jp/27/index.php?JigyosyoCd=2772000457-00&ServiceCd=510&action_kouhyou_detail_feature_index=true,https://www.kaigokensaku.mhlw.go.jp/27/index.php?JigyosyoCd=2772000457-00&ServiceCd=510&action_kouhyou_detail_024_kani=true,,2026-10-02T04:16:27+09:00,200,200,ok,,https://www.kaigokensaku.mhlw.go.jp/27/index.php?JigyosyoCd=2772000457-00&ServiceCd=510&action_kouhyou_detail_feature_index=true,https://www.kaigokensaku.mhlw.go.jp/27/index.php?JigyosyoCd=2772000457-00&ServiceCd=510&action_kouhyou_detail_024_kihon=true
91,特別養護老人ホーム アップリケア・ホーム,特別養護老人ホーム,大阪市住吉区浅香1丁目8番38号,大阪市住吉区,2772000242,510,seed_code,1.0,待機人数のみ取得可能,,124,0,2022-10-08,0/0人,,,https://www.kaigokensaku.mhlw.go.jp/27/index.php?JigyosyoCd=2772000242-00&ServiceCd=510&action_kouhyou_detail_024_kihon=true,http://www.apricare.com/,2026-10-02T04:16:30+09:00,200,200,ok,,https://www.kaigokensaku.mhlw.go.jp/27/index.php?JigyosyoCd=2772000242-00&ServiceCd=510&action_kouhyou_detail_feature_index=true,https://www.kaigokensaku.mhlw.go.jp/27/index.php?JigyosyoCd=2772000242-00&ServiceCd=510&action_kouhyou_detail_024_kihon=true
92,特別養護老人ホーム ウェルネスあびこ,特別養護老人ホーム,大阪市住吉区我孫子西1-2-15,大阪市住吉区,2772000465,510,seed_code,1.0,空床取得可能,0,86,36,2026-09-23,0/86人,厚労省公式,https://www.kaigokensaku.mhlw.go.jp/27/index.php?JigyosyoCd=2772000465-00&ServiceCd=510&action_kouhyou_detail_feature_index=true,https://www.kaigokensaku.mhlw.go.jp/27/index.php?JigyosyoCd=2772000465-00&ServiceCd=510&action_kouhyou_detail_024_kani=true,,2026-10-02T04:16:37+09:00,200,200,ok,,https://www.kaigokensaku.mhlw.go.jp/27/index.php?JigyosyoCd=2772000465-00&ServiceCd=510&action_kouhyou_detail_feature_index=true,https://www.kaigokensaku.mhlw.go.jp/27/index.php?JigyosyoCd=2772000465-00&ServiceCd=510&action_kouhyou_detail_024_kihon=true
93,特別養護老人ホームさんらく苑,特別養護老人ホーム,大阪市住吉区苅田5丁目16番10号,大阪市住吉区,2772000705,510,seed_code,1.0,待機人数のみ取得可能,,80,97,2026-09-29,0/0人,,,https://www.kaigokensaku.mhlw.go.jp/27/index.php?JigyosyoCd=2772000705-00&ServiceCd=510&action_kouhyou_detail_024_kani=true,https://sanrakucare.or.jp/,2026-10-02T04:16:40+09:00,200,200,ok,,https://www.kaigokensaku.mhlw.go.jp/27/index.php?JigyosyoCd=2772000705-00&ServiceCd=510&action_kouhyou_detail_feature_index=true,https://www.kaigokensaku.mhlw.go.jp/27/index.php?JigyosyoCd=2772000705-00&ServiceCd=510&action_kouhyou_detail_024_kihon=true
94,特別養護老人ホームあじさい苑大阪住吉,特別養護老人ホーム,大阪市住吉区住吉一丁目９番１８号,大阪市住吉区,2772005241,510,seed_code,1.0,待機人数のみ取得可能,,70,5,2025-10-17,0/0人,,,https://www.kaigokensaku.mhlw.go.jp/27/index.php?JigyosyoCd=2772005241-00&ServiceCd=510&action_kouhyou_detail_024_kani=true,https://koshokai-swc.oe.jo,2026-10-02T04:16:45+09:00,200,200,ok,,https://www.kaigokensaku.mhlw.go.jp/27/index.php?JigyosyoCd=2772005241-00&ServiceCd=510&action_kouhyou_detail_feature_index=true,https://www.kaigokensaku.mhlw.go.jp/27/index.php?JigyosyoCd=2772005241-00&ServiceCd=510&action_kouhyou_detail_024_kihon=true
95,特別養護老人ホームゆうけい創和,特別養護老人ホーム,大阪市住吉区遠里小野２丁目７番２０号,大阪市住吉区,2772002024,510,seed_code,1.0,空床取得可能,0,60,24,2025-10-21,0/60人,厚労省公式,https://www.kaigokensaku.mhlw.go.jp/27/index.php?JigyosyoCd=2772002024-00&ServiceCd=510&action_kouhyou_detail_feature_index=true,https://www.kaigokensaku.mhlw.go.jp/27/index.php?JigyosyoCd=2772002024-00&ServiceCd=510&action_kouhyou_detail_024_kani=true,,2026-10-02T04:16:49+09:00,200,200,ok,,https://www.kaigokensaku.mhlw.go.jp/27/index.php?JigyosyoCd=2772002024-00&ServiceCd=510&action_kouhyou_detail_feature_index=true,https://www.kaigokensaku.mhlw.go.jp/27/index.php?JigyosyoCd=2772002024-00&ServiceCd=510&action_kouhyou_detail_024_kihon=true
96,特別養護老人ホーム なごみ,特別養護老人ホーム,大阪市住吉区帝塚山東５丁目１０番１５号,大阪市住吉区,2772001398,510,seed_code,1.0,空床取得可能,0,32,50,2025-10-10,0/30人,厚労省公式,https://www.kaigokensaku.mhlw.go.jp/27/index.php?JigyosyoCd=2772001398-00&ServiceCd=510&action_kouhyou_detail_feature_index=true,https://www.kaigokensaku.mhlw.go.jp/27/index.php?JigyosyoCd=2772001398-00&ServiceCd=510&action_kouhyou_detail_024_kani=true,,2026-10-02T04:16:52+09:00,200,200,ok,,https://www.kaigokensaku.mhlw.go.jp/27/index.php?JigyosyoCd=2772001398-00&ServiceCd=510&action_kouhyou_detail_feature_index=true,https://www.kaigokensaku.mhlw.go.jp/27/index.php?JigyosyoCd=2772001398-00&ServiceCd=510&action_kouhyou_detail_024_kihon=true
97,ふれ愛の館しおん地域密着型特別養護老人ホーム,特別養護老人ホーム,大阪市住吉区苅田4-3-9,大阪市住吉区,2792000404,540,mhlw_name_address,1.0,取得不可,,29,,2025-10-24,0/0人,,,,http://www.shiongakuen.or.jp,2026-10-02T04:16:55+09:00,200,200,ok,,https://www.kaigokensaku.mhlw.go.jp/27/index.php?JigyosyoCd=2792000404-00&ServiceCd=540&action_kouhyou_detail_feature_index=true,https://www.kaigokensaku.mhlw.go.jp/27/index.php?JigyosyoCd=2792000404-00&ServiceCd=540&action_kouhyou_detail_026_kihon=true
98,地域密着型特別養護老人ホーム あじさい苑大阪住吉,特別養護老人ホーム,大阪市住吉区住吉一丁目９番１８号,大阪市住吉区,2792000537,540,mhlw_name_address,1.0,取得不可,,20,,2025-10-17,0/0人,,,,https://koshokai-swc.or.jp/,2026-10-02T04:17:49+09:00,200,200,ok,,https://www.kaigokensaku.mhlw.go.jp/27/index.php?JigyosyoCd=2792000537-00&ServiceCd=540&action_kouhyou_detail_feature_index=true,https://www.kaigokensaku.mhlw.go.jp/27/index.php?JigyosyoCd=2792000537-00&ServiceCd=540&action_kouhyou_detail_026_kihon=true
99,特別養護老人ホーム 花嵐,特別養護老人ホーム,大阪市東住吉区矢田6丁目８番７号,大阪市東住吉区,2770800213,510,seed_code,1.0,空床取得可能,8,134,0,2025-10-27,8/134人,厚労省公式,https://www.kaigokensaku.mhlw.go.jp/27/index.php?JigyosyoCd=2770800213-00&ServiceCd=510&action_kouhyou_detail_feature_index=true,https://www.kaigokensaku.mhlw.go.jp/27/index.php?JigyosyoCd=2770800213-00&ServiceCd=510&action_kouhyou_detail_024_kani=true,,2026-10-02T04:17:54+09:00,200,200,ok,,https://www.kaigokensaku.mhlw.go.jp/27/index.php?JigyosyoCd=2770800213-00&ServiceCd=510&action_kouhyou_detail_feature_index=true,https://www.kaigokensaku.mhlw.go.jp/27/index.php?JigyosyoCd=2770800213-00&ServiceCd=510&action_kouhyou_detail_024_kihon=true
100,特別養護老人ホームヴァンサンク東住吉,特別養護老人ホーム,大阪市東住吉区湯里5丁目13番5号,大阪市東住吉区,2770803068,510,seed_code,1.0,待機人数のみ取得可能,,90,0,2025-10-01,0/0人,,,https://www.kaigokensaku.mhlw.go.jp/27/index.php?JigyosyoCd=2770803068-00&ServiceCd=510&action_kouhyou_detail_024_kani=true,https://kaseikai.org,2026-10-02T04:17:57+09:00,200,200,ok,,https://www.kaigokensaku.mhlw.go.jp/27/index.php?JigyosyoCd=2770803068-00&ServiceCd=510&action_kouhyou_detail_feature_index=true,https://www.kaigokensaku.mhlw.go.jp/27/index.php?JigyosyoCd=2770803068-00&ServiceCd=510&action_kouhyou_detail_024_kihon=true
101,特別養護老人ホームヴァンサンクボヌール,特別養護老人ホーム,大阪市東住吉区公園南矢田3-21-4,大阪市東住吉区,2770805303,510,seed_code,1.0,空床取得可能,0,86,5,2024-06-25,0/86人,厚労省公式,https://www.kaigokensaku.mhlw.go.jp/27/index.php?JigyosyoCd=2770805303-00&ServiceCd=510&action_kouhyou_detail_feature_index=true,https://www.kaigokensaku.mhlw.go.jp/27/index.php?JigyosyoCd=2770805303-00&ServiceCd=510&action_kouhyou_detail_024_kani=true,,2026-10-02T04:18:05+09:00,200,200,ok,,https://www.kaigokensaku.mhlw.go.jp/27/index.php?JigyosyoCd=2770805303-00&ServiceCd=510&action_kouhyou_detail_feature_index=true,https://www.kaigokensaku.mhlw.go.jp/27/index.php?JigyosyoCd=2770805303-00&ServiceCd=510&action_kouhyou_detail_024_kihon=true
102,特別養護老人ホーム ゆめあまみ,特別養護老人ホーム,大阪市東住吉区矢田7-6-10,大阪市東住吉区,2770800973,510,seed_code,1.0,待機人数のみ取得可能,,86,60,2026-09-21,0/0人,,,https://www.kaigokensaku.mhlw.go.jp/27/index.php?JigyosyoCd=2770800973-00&ServiceCd=510&action_kouhyou_detail_024_kani=true,http://www.smile-yume.com,2026-10-02T04:18:11+09:00,200,200,ok,,https://www.kaigokensaku.mhlw.go.jp/27/index.php?JigyosyoCd=2770800973-00&ServiceCd=510&action_kouhyou_detail_feature_index=true,https://www.kaigokensaku.mhlw.go.jp/27/index.php?JigyosyoCd=2770800973-00&ServiceCd=510&action_kouhyou_detail_024_kihon=true
103,特別養護老人ホームくれない,特別養護老人ホーム,大阪市東住吉区今川7-9-7,大阪市東住吉区,2770800247,510,seed_code,1.0,待機人数のみ取得可能,,82,14,2024-12-25,0/0人,,,https://www.kaigokensaku.mhlw.go.jp/27/index.php?JigyosyoCd=2770800247-00&ServiceCd=510&action_kouhyou_detail_024_kani=true,http://www.9071.jp/,2026-10-02T04:18:16+09:00,200,200,ok,,https://www.kaigokensaku.mhlw.go.jp/27/index.php?JigyosyoCd=2770800247-00&ServiceCd=510&action_kouhyou_detail_feature_index=true,https://www.kaigokensaku.mhlw.go.jp/27/index.php?JigyosyoCd=2770800247-00&ServiceCd=510&action_kouhyou_detail_024_kihon=true
104,特別養護老人ホ－ム せんぽ東住吉,特別養護老人ホーム,大阪市東住吉区住道矢田4丁目7番2号,大阪市東住吉区,2770806376,510,seed_code,1.0,待機人数のみ取得可能,,72,0,,,,,https://www.kaigokensaku.mhlw.go.jp/27/index.php?JigyosyoCd=2770806376-00&ServiceCd=510&action_kouhyou_detail_024_kani=true,http://www.senpokai.org,2026-10-02T04:18:27+09:00,200,200,ok,,https://www.kaigokensaku.mhlw.go.jp/27/index.php?JigyosyoCd=2770806376-00&ServiceCd=510&action_kouhyou_detail_feature_index=true,https://www.kaigokensaku.mhlw.go.jp/27/index.php?JigyosyoCd=2770806376-00&ServiceCd=510&action_kouhyou_detail_024_kihon=true
105,特別養護老人ホーム あっとほうむ,特別養護老人ホーム,大阪市東住吉区杭全１丁目４番２０号,大阪市東住吉区,2770800395,510,seed_code,1.0,空床取得可能,0,72,30,2026-09-29,0/72人,厚労省公式,https://www.kaigokensaku.mhlw.go.jp/27/index.php?JigyosyoCd=2770800395-00&ServiceCd=510&action_kouhyou_detail_feature_index=true,https://www.kaigokensaku.mhlw.go.jp/27/index.php?JigyosyoCd=2770800395-00&ServiceCd=510&action_kouhyou_detail_024_kani=true,,2026-10-02T04:18:32+09:00,200,200,ok,,https://www.kaigokensaku.mhlw.go.jp/27/index.php?JigyosyoCd=2770800395-00&ServiceCd=510&action_kouhyou_detail_feature_index=true,https://www.kaigokensaku.mhlw.go.jp/27/index.php?JigyosyoCd=2770800395-00&ServiceCd=510&action_kouhyou_detail_024_kihon=true
106,特別養護老人ホームしらさぎ苑,特別養護老人ホーム,大阪市東住吉区今川六丁目6番6号,大阪市東住吉区,2770807267,510,seed_code,1.0,待機人数のみ取得可能,,70,0,,0/0人,,,https://www.kaigokensaku.mhlw.go.jp/27/index.php?JigyosyoCd=2770807267-00&ServiceCd=510&action_kouhyou_detail_024_kihon=true,https://harukazefukushikai.com/,2026-10-02T04:18:36+09:00,200,200,ok,,https://www.kaigokensaku.mhlw.go.jp/27/index.php?JigyosyoCd=2770807267-00&ServiceCd=510&action_kouhyou_detail_feature_index=true,https://www.kaigokensaku.mhlw.go.jp/27/index.php?JigyosyoCd=2770807267-00&ServiceCd=510&action_kouhyou_detail_024_kihon=true
107,特別養護老人ホーム くつろぎ,特別養護老人ホーム,大阪市東住吉区公園南矢田1-4-17,大阪市東住吉区,2770802771,510,seed_code,1.0,待機人数のみ取得可能,,70,0,2024-12-17,0/0人,,,https://www.kaigokensaku.mhlw.go.jp/27/index.php?JigyosyoCd=2770802771-00&ServiceCd=510&action_kouhyou_detail_024_kani=true,http://kuturogi-r.lovepop.jp/,2026-10-02T04:18:40+09:00,200,200,ok,,https://www.kaigokensaku.mhlw.go.jp/27/index.php?JigyosyoCd=2770802771-00&ServiceCd=510&action_kouhyou_detail_feature_index=true,https://www.kaigokensaku.mhlw.go.jp/27/index.php?JigyosyoCd=2770802771-00&ServiceCd=510&action_kouhyou_detail_024_kihon=true
108,特別養護老人ホーム 城南ホーム,特別養護老人ホーム,大阪市東住吉区住道矢田４－２０－１７,大阪市東住吉区,2770800601,510,seed_code,1.0,待機人数のみ取得可能,,35,0,2026-06-25,0/0人,,,https://www.kaigokensaku.mhlw.go.jp/27/index.php?JigyosyoCd=2770800601-00&ServiceCd=510&action_kouhyou_detail_024_kihon=true,http://www.jonanhome.jp,2026-10-02T04:18:44+09:00,200,200,ok,,https://www.kaigokensaku.mhlw.go.jp/27/index.php?JigyosyoCd=2770800601-00&ServiceCd=510&action_kouhyou_detail_feature_index=true,https://www.kaigokensaku.mhlw.go.jp/27/index.php?JigyosyoCd=2770800601-00&ServiceCd=510&action_kouhyou_detail_024_kihon=true
109,特別養護老人ホーム 城南ホームサテライト,特別養護老人ホーム,大阪市東住吉区住道矢田４－２０－１９,大阪市東住吉区,2790800235,540,mhlw_name_address,1.0,空床取得可能,2,29,,2025-10-15,2/29人,厚労省公式,https://www.kaigokensaku.mhlw.go.jp/27/index.php?JigyosyoCd=2790800235-00&ServiceCd=540&action_kouhyou_detail_feature_index=true,,,2026-10-02T04:18:49+09:00,200,200,ok,,https://www.kaigokensaku.mhlw.go.jp/27/index.php?JigyosyoCd=2790800235-00&ServiceCd=540&action_kouhyou_detail_feature_index=true,https://www.kaigokensaku.mhlw.go.jp/27/index.php?JigyosyoCd=2790800235-00&ServiceCd=540&action_kouhyou_detail_026_kihon=true
110,特別養護老人ホームしらさぎ苑,特別養護老人ホーム,大阪市東住吉区今川６丁目６番６号,大阪市東住吉区,2790800722,540,mhlw_name_address,1.0,取得不可,,20,,,0/0人,,,,https://harukazefukushikai.com/,2026-10-02T04:18:52+09:00,200,200,ok,,https://www.kaigokensaku.mhlw.go.jp/27/index.php?JigyosyoCd=2790800722-00&ServiceCd=540&action_kouhyou_detail_feature_index=true,https://www.kaigokensaku.mhlw.go.jp/27/index.php?JigyosyoCd=2790800722-00&ServiceCd=540&action_kouhyou_detail_026_kihon=true
111,社会福祉法人 枚方療育園 特別養護老人ホーム 山愛,特別養護老人ホーム,大阪市西成区南津守1丁目4番7号,大阪市西成区,2773300229,510,mhlw_name_address,1.0,待機人数のみ取得可能,,320,0,2025-10-20,0/0人,,,https://www.kaigokensaku.mhlw.go.jp/27/index.php?JigyosyoCd=2773300229-00&ServiceCd=510&action_kouhyou_detail_024_kihon=true,http://www.bienetre-k.jp/,2026-10-02T04:18:57+09:00,200,200,ok,,https://www.kaigokensaku.mhlw.go.jp/27/index.php?JigyosyoCd=2773300229-00&ServiceCd=510&action_kouhyou_detail_feature_index=true,https://www.kaigokensaku.mhlw.go.jp/27/index.php?JigyosyoCd=2773300229-00&ServiceCd=510&action_kouhyou_detail_024_kihon=true
112,特別養護老人ホームローズ,特別養護老人ホーム,大阪市西成区天下茶屋北２丁目４番７号,大阪市西成区,2773304312,510,mhlw_name_address,1.0,空床取得可能,20,160,15,2025-09-30,20/160人,厚労省公式,https://www.kaigokensaku.mhlw.go.jp/27/index.php?JigyosyoCd=2773304312-00&ServiceCd=510&action_kouhyou_detail_feature_index=true,https://www.kaigokensaku.mhlw.go.jp/27/index.php?JigyosyoCd=2773304312-00&ServiceCd=510&action_kouhyou_detail_024_kani=true,,2026-10-02T04:19:26+09:00,200,200,ok,,https://www.kaigokensaku.mhlw.go.jp/27/index.php?JigyosyoCd=2773304312-00&ServiceCd=510&action_kouhyou_detail_feature_index=true,https://www.kaigokensaku.mhlw.go.jp/27/index.php?JigyosyoCd=2773304312-00&ServiceCd=510&action_kouhyou_detail_024_kihon=true
113,特別養護老人ホーム 白寿苑,特別養護老人ホーム,大阪市西成区南津守７丁目１２番３２号,大阪市西成区,2773300153,510,mhlw_name_address,1.0,空床取得可能,0,144,56,2025-10-24,0/144人,厚労省公式,https://www.kaigokensaku.mhlw.go.jp/27/index.php?JigyosyoCd=2773300153-00&ServiceCd=510&action_kouhyou_detail_feature_index=true,https://www.kaigokensaku.mhlw.go.jp/27/index.php?JigyosyoCd=2773300153-00&ServiceCd=510&action_kouhyou_detail_024_kani=true,,2026-10-02T04:19:30+09:00,200,200,ok,,https://www.kaigokensaku.mhlw.go.jp/27/index.php?JigyosyoCd=2773300153-00&ServiceCd=510&action_kouhyou_detail_feature_index=true,https://www.kaigokensaku.mhlw.go.jp/27/index.php?JigyosyoCd=2773300153-00&ServiceCd=510&action_kouhyou_detail_024_kihon=true
114,特別養護老人ホームにちげつの光,特別養護老人ホーム,大阪市西成区萩之茶屋１－２－５,大阪市西成区,2773307075,510,mhlw_name_address,1.0,待機人数のみ取得可能,,110,3,,,,,https://www.kaigokensaku.mhlw.go.jp/27/index.php?JigyosyoCd=2773307075-00&ServiceCd=510&action_kouhyou_detail_024_kani=true,https://s-koutokukai.or.jp/,2026-10-02T04:19:33+09:00,200,200,ok,,https://www.kaigokensaku.mhlw.go.jp/27/index.php?JigyosyoCd=2773307075-00&ServiceCd=510&action_kouhyou_detail_feature_index=true,https://www.kaigokensaku.mhlw.go.jp/27/index.php?JigyosyoCd=2773307075-00&ServiceCd=510&action_kouhyou_detail_024_kihon=true
115,特別養護老人ホーム ライフカーサ,特別養護老人ホーム,大阪市西成区松３－１２－３５特別養護老人ホーム ライフカーサ,大阪市西成区,2773306929,510,mhlw_name_address,1.0,空床取得可能,15,100,5,2017-10-22,15/110人,厚労省公式,https://www.kaigokensaku.mhlw.go.jp/27/index.php?JigyosyoCd=2773306929-00&ServiceCd=510&action_kouhyou_detail_feature_index=true,https://www.kaigokensaku.mhlw.go.jp/27/index.php?JigyosyoCd=2773306929-00&ServiceCd=510&action_kouhyou_detail_024_kani=true,,2026-10-02T04:19:38+09:00,200,200,ok,,https://www.kaigokensaku.mhlw.go.jp/27/index.php?JigyosyoCd=2773306929-00&ServiceCd=510&action_kouhyou_detail_feature_index=true,https://www.kaigokensaku.mhlw.go.jp/27/index.php?JigyosyoCd=2773306929-00&ServiceCd=510&action_kouhyou_detail_024_kihon=true
116,まちかどホーム すずらん,特別養護老人ホーム,大阪市西成区出城2丁目４番10号,大阪市西成区,2773300245,510,mhlw_name_address,1.0,待機人数のみ取得可能,,90,55,2025-12-10,0/0人,,,https://www.kaigokensaku.mhlw.go.jp/27/index.php?JigyosyoCd=2773300245-00&ServiceCd=510&action_kouhyou_detail_024_kani=true,http://www.humannet.or.jp,2026-10-02T04:19:41+09:00,200,200,ok,,https://www.kaigokensaku.mhlw.go.jp/27/index.php?JigyosyoCd=2773300245-00&ServiceCd=510&action_kouhyou_detail_feature_index=true,https://www.kaigokensaku.mhlw.go.jp/27/index.php?JigyosyoCd=2773300245-00&ServiceCd=510&action_kouhyou_detail_024_kihon=true
117,特別養護老人ホームかがやき,特別養護老人ホーム,大阪市西成区聖天下二丁目８番５号,大阪市西成区,2773306879,510,mhlw_name_address,1.0,空床取得可能,0,54,60,2025-09-30,0/54人,厚労省公式,https://www.kaigokensaku.mhlw.go.jp/27/index.php?JigyosyoCd=2773306879-00&ServiceCd=510&action_kouhyou_detail_feature_index=true,https://www.kaigokensaku.mhlw.go.jp/27/index.php?JigyosyoCd=2773306879-00&ServiceCd=510&action_kouhyou_detail_024_kani=true,,2026-10-02T04:19:48+09:00,200,200,ok,,https://www.kaigokensaku.mhlw.go.jp/27/index.php?JigyosyoCd=2773306879-00&ServiceCd=510&action_kouhyou_detail_feature_index=true,https://www.kaigokensaku.mhlw.go.jp/27/index.php?JigyosyoCd=2773306879-00&ServiceCd=510&action_kouhyou_detail_024_kihon=true
118,まちかどホームやまゆり,特別養護老人ホーム,大阪市西成区鶴見橋2-12-21,大阪市西成区,2793300134,540,mhlw_name_address,1.0,取得不可,,29,,2022-09-27,0/0人,,,,http://www.humannet.or.jp/,2026-10-02T04:19:51+09:00,200,200,ok,,https://www.kaigokensaku.mhlw.go.jp/27/index.php?JigyosyoCd=2793300134-00&ServiceCd=540&action_kouhyou_detail_feature_index=true,https://www.kaigokensaku.mhlw.go.jp/27/index.php?JigyosyoCd=2793300134-00&ServiceCd=540&action_kouhyou_detail_026_kihon=true
119,特別養護老人ホームにちげつの光津守,特別養護老人ホーム,大阪市西成区南津守五丁目１番８号,大阪市西成区,2773307075,510,mhlw_name_address,0.862,待機人数のみ取得可能,,110,3,,,,,https://www.kaigokensaku.mhlw.go.jp/27/index.php?JigyosyoCd=2773307075-00&ServiceCd=510&action_kouhyou_detail_024_kani=true,https://s-koutokukai.or.jp/,2026-10-02T04:19:58+09:00,200,200,ok,,https://www.kaigokensaku.mhlw.go.jp/27/index.php?JigyosyoCd=2773307075-00&ServiceCd=510&action_kouhyou_detail_feature_index=true,https://www.kaigokensaku.mhlw.go.jp/27/index.php?JigyosyoCd=2773307075-00&ServiceCd=510&action_kouhyou_detail_024_kihon=true
120,特別養護老人ホーム愛孝野中苑,特別養護老人ホーム,大阪市淀川区野中南２丁目８番２７号,大阪市淀川区,2779104765,510,mhlw_name_address,1.0,待機人数のみ取得可能,,140,25,,0/0人,,,https://www.kaigokensaku.mhlw.go.jp/27/index.php?JigyosyoCd=2779104765-00&ServiceCd=510&action_kouhyou_detail_024_kani=true,http://aikoufukushikai.com,2026-10-02T04:20:02+09:00,200,200,ok,,https://www.kaigokensaku.mhlw.go.jp/27/index.php?JigyosyoCd=2779104765-00&ServiceCd=510&action_kouhyou_detail_feature_index=true,https://www.kaigokensaku.mhlw.go.jp/27/index.php?JigyosyoCd=2779104765-00&ServiceCd=510&action_kouhyou_detail_024_kihon=true
121,特別養護老人ホ－ムコティコ－ト北大阪,特別養護老人ホーム,大阪市淀川区田川北3-4-3,大阪市淀川区,2779104252,510,mhlw_name_address,1.0,空床取得可能,0,110,10,2025-10-09,0/110人,厚労省公式,https://www.kaigokensaku.mhlw.go.jp/27/index.php?JigyosyoCd=2779104252-00&ServiceCd=510&action_kouhyou_detail_feature_index=true,https://www.kaigokensaku.mhlw.go.jp/27/index.php?JigyosyoCd=2779104252-00&ServiceCd=510&action_kouhyou_detail_024_kani=true,,2026-10-02T04:20:09+09:00,200,200,ok,,https://www.kaigokensaku.mhlw.go.jp/27/index.php?JigyosyoCd=2779104252-00&ServiceCd=510&action_kouhyou_detail_feature_index=true,https://www.kaigokensaku.mhlw.go.jp/27/index.php?JigyosyoCd=2779104252-00&ServiceCd=510&action_kouhyou_detail_024_kihon=true
122,特別養護老人ホーム 淀川暖気の苑,特別養護老人ホーム,大阪市淀川区木川西4-5-40淀川暖気の苑,大阪市淀川区,2779100383,510,mhlw_name_address,1.0,待機人数のみ取得可能,,104,0,2017-10-26,0/0人,,,https://www.kaigokensaku.mhlw.go.jp/27/index.php?JigyosyoCd=2779100383-00&ServiceCd=510&action_kouhyou_detail_024_kihon=true,http://danke.tokuyou.jp/,2026-10-02T04:20:12+09:00,200,200,ok,,https://www.kaigokensaku.mhlw.go.jp/27/index.php?JigyosyoCd=2779100383-00&ServiceCd=510&action_kouhyou_detail_feature_index=true,https://www.kaigokensaku.mhlw.go.jp/27/index.php?JigyosyoCd=2779100383-00&ServiceCd=510&action_kouhyou_detail_024_kihon=true
123,特別養護老人ホーム寿里苑ラピス,特別養護老人ホーム,大阪市淀川区木川東2-19-15,大阪市淀川区,2779104013,510,mhlw_name_address,1.0,待機人数のみ取得可能,,100,27,2024-12-04,0/0人,,,https://www.kaigokensaku.mhlw.go.jp/27/index.php?JigyosyoCd=2779104013-00&ServiceCd=510&action_kouhyou_detail_024_kani=true,https://www.julien.or.jp/lapis/,2026-10-02T04:20:19+09:00,200,200,ok,,https://www.kaigokensaku.mhlw.go.jp/27/index.php?JigyosyoCd=2779104013-00&ServiceCd=510&action_kouhyou_detail_feature_index=true,https://www.kaigokensaku.mhlw.go.jp/27/index.php?JigyosyoCd=2779104013-00&ServiceCd=510&action_kouhyou_detail_024_kihon=true
124,特別養護老人ホーム 平成新高苑,特別養護老人ホーム,大阪市淀川区新高4-15-25,大阪市淀川区,2779100946,510,mhlw_name_address,1.0,空床取得可能,0,90,50,2022-10-04,0/90人,厚労省公式,https://www.kaigokensaku.mhlw.go.jp/27/index.php?JigyosyoCd=2779100946-00&ServiceCd=510&action_kouhyou_detail_feature_index=true,https://www.kaigokensaku.mhlw.go.jp/27/index.php?JigyosyoCd=2779100946-00&ServiceCd=510&action_kouhyou_detail_024_kani=true,,2026-10-02T04:20:25+09:00,200,200,ok,,https://www.kaigokensaku.mhlw.go.jp/27/index.php?JigyosyoCd=2779100946-00&ServiceCd=510&action_kouhyou_detail_feature_index=true,https://www.kaigokensaku.mhlw.go.jp/27/index.php?JigyosyoCd=2779100946-00&ServiceCd=510&action_kouhyou_detail_024_kihon=true
125,特別養護老人ホーム加寿苑,特別養護老人ホーム,大阪市淀川区加島1丁目34番8号,大阪市淀川区,2779100441,510,mhlw_name_address,1.0,待機人数のみ取得可能,,87,0,2025-01-28,0/0人,,,https://www.kaigokensaku.mhlw.go.jp/27/index.php?JigyosyoCd=2779100441-00&ServiceCd=510&action_kouhyou_detail_024_kihon=true,http://www1.odn.ne.jp/~aap70820,2026-10-02T04:20:29+09:00,200,200,ok,,https://www.kaigokensaku.mhlw.go.jp/27/index.php?JigyosyoCd=2779100441-00&ServiceCd=510&action_kouhyou_detail_feature_index=true,https://www.kaigokensaku.mhlw.go.jp/27/index.php?JigyosyoCd=2779100441-00&ServiceCd=510&action_kouhyou_detail_024_kihon=true
126,特別養護老人ホーム博愛の園,特別養護老人ホーム,大阪市淀川区十三元今里３丁目１－88,大阪市淀川区,2779100235,510,mhlw_name_address,1.0,空床取得可能,0,73,80,2025-10-15,0/73人,厚労省公式,https://www.kaigokensaku.mhlw.go.jp/27/index.php?JigyosyoCd=2779100235-00&ServiceCd=510&action_kouhyou_detail_feature_index=true,https://www.kaigokensaku.mhlw.go.jp/27/index.php?JigyosyoCd=2779100235-00&ServiceCd=510&action_kouhyou_detail_024_kani=true,,2026-10-02T04:20:32+09:00,200,200,ok,,https://www.kaigokensaku.mhlw.go.jp/27/index.php?JigyosyoCd=2779100235-00&ServiceCd=510&action_kouhyou_detail_feature_index=true,https://www.kaigokensaku.mhlw.go.jp/27/index.php?JigyosyoCd=2779100235-00&ServiceCd=510&action_kouhyou_detail_024_kihon=true
127,博愛の園サテライト特養 清心館,特別養護老人ホーム,大阪市淀川区十三元今里3-1-72,大阪市淀川区,2799100249,540,mhlw_name_address,1.0,空床取得可能,0,29,,2019-10-11,0/29人,厚労省公式,https://www.kaigokensaku.mhlw.go.jp/27/index.php?JigyosyoCd=2799100249-00&ServiceCd=540&action_kouhyou_detail_feature_index=true,,,2026-10-02T04:20:36+09:00,200,200,ok,,https://www.kaigokensaku.mhlw.go.jp/27/index.php?JigyosyoCd=2799100249-00&ServiceCd=540&action_kouhyou_detail_feature_index=true,https://www.kaigokensaku.mhlw.go.jp/27/index.php?JigyosyoCd=2799100249-00&ServiceCd=540&action_kouhyou_detail_026_kihon=true
128,特別養護老人ホーム愛孝野中苑,特別養護老人ホーム,大阪市淀川区野中南2-8-27,大阪市淀川区,2799100462,540,mhlw_name_address,1.0,取得不可,,20,,,,,,,http://aikoufukushikai.com,2026-10-02T04:20:39+09:00,200,200,ok,,https://www.kaigokensaku.mhlw.go.jp/27/index.php?JigyosyoCd=2799100462-00&ServiceCd=540&action_kouhyou_detail_feature_index=true,https://www.kaigokensaku.mhlw.go.jp/27/index.php?JigyosyoCd=2799100462-00&ServiceCd=540&action_kouhyou_detail_026_kihon=true
129,特別養護老人ホームコモンズ三国,特別養護老人ホーム,大阪市淀川区三国本町二丁目１４番２３号,大阪市淀川区,,510,unmatched_ambiguous,0.609,取得不可,,,,,,,,,,2026-10-02T04:20:44+09:00,,,unmatched_no_official_page,MHLW open data could not be matched with sufficient confidence,,
130,特別養護老人ホーム グリーンランドみずき,特別養護老人ホーム,大阪市鶴見区緑３丁目１６番２７号,大阪市鶴見区,2779202064,510,mhlw_name_address,1.0,待機人数のみ取得可能,,133,22,2022-10-23,0/0人,,,https://www.kaigokensaku.mhlw.go.jp/27/index.php?JigyosyoCd=2779202064-00&ServiceCd=510&action_kouhyou_detail_024_kani=true,http://mizuki-osaka.jp,2026-10-02T04:20:44+09:00,200,200,ok,,https://www.kaigokensaku.mhlw.go.jp/27/index.php?JigyosyoCd=2779202064-00&ServiceCd=510&action_kouhyou_detail_feature_index=true,https://www.kaigokensaku.mhlw.go.jp/27/index.php?JigyosyoCd=2779202064-00&ServiceCd=510&action_kouhyou_detail_024_kihon=true
131,特別養護老人ホーム リベルタヴィータ,特別養護老人ホーム,大阪市鶴見区今津南3丁目5番5号,大阪市鶴見区,2779200324,510,mhlw_name_address,1.0,空床取得可能,37,110,20,2026-02-12,37/110人,厚労省公式,https://www.kaigokensaku.mhlw.go.jp/27/index.php?JigyosyoCd=2779200324-00&ServiceCd=510&action_kouhyou_detail_feature_index=true,https://www.kaigokensaku.mhlw.go.jp/27/index.php?JigyosyoCd=2779200324-00&ServiceCd=510&action_kouhyou_detail_024_kani=true,,2026-10-02T04:20:50+09:00,200,200,ok,,https://www.kaigokensaku.mhlw.go.jp/27/index.php?JigyosyoCd=2779200324-00&ServiceCd=510&action_kouhyou_detail_feature_index=true,https://www.kaigokensaku.mhlw.go.jp/27/index.php?JigyosyoCd=2779200324-00&ServiceCd=510&action_kouhyou_detail_024_kihon=true
132,特別養護老人ホーム ファミリー,特別養護老人ホーム,大阪市鶴見区安田2丁目１番２７号,大阪市鶴見区,2779200258,510,mhlw_name_address,1.0,空床取得可能,0,104,46,2024-12-20,0/104人,厚労省公式,https://www.kaigokensaku.mhlw.go.jp/27/index.php?JigyosyoCd=2779200258-00&ServiceCd=510&action_kouhyou_detail_feature_index=true,https://www.kaigokensaku.mhlw.go.jp/27/index.php?JigyosyoCd=2779200258-00&ServiceCd=510&action_kouhyou_detail_024_kani=true,,2026-10-02T04:20:53+09:00,200,200,ok,,https://www.kaigokensaku.mhlw.go.jp/27/index.php?JigyosyoCd=2779200258-00&ServiceCd=510&action_kouhyou_detail_feature_index=true,https://www.kaigokensaku.mhlw.go.jp/27/index.php?JigyosyoCd=2779200258-00&ServiceCd=510&action_kouhyou_detail_024_kihon=true
133,浜特別養護老人ホーム,特別養護老人ホーム,大阪市鶴見区浜５丁目６番１４号,大阪市鶴見区,2779200860,510,mhlw_name_address,1.0,空床取得可能,0,90,21,2025-10-11,0/90人,厚労省公式,https://www.kaigokensaku.mhlw.go.jp/27/index.php?JigyosyoCd=2779200860-00&ServiceCd=510&action_kouhyou_detail_feature_index=true,https://www.kaigokensaku.mhlw.go.jp/27/index.php?JigyosyoCd=2779200860-00&ServiceCd=510&action_kouhyou_detail_024_kani=true,,2026-10-02T04:20:57+09:00,200,200,ok,,https://www.kaigokensaku.mhlw.go.jp/27/index.php?JigyosyoCd=2779200860-00&ServiceCd=510&action_kouhyou_detail_feature_index=true,https://www.kaigokensaku.mhlw.go.jp/27/index.php?JigyosyoCd=2779200860-00&ServiceCd=510&action_kouhyou_detail_024_kihon=true
134,特別養護老人ホーム ウェルシーライフ,特別養護老人ホーム,大阪市鶴見区諸口1丁目１４－４３,大阪市鶴見区,2779200399,510,mhlw_name_address,1.0,空床取得可能,0,70,27,2025-09-30,0/75人,厚労省公式,https://www.kaigokensaku.mhlw.go.jp/27/index.php?JigyosyoCd=2779200399-00&ServiceCd=510&action_kouhyou_detail_feature_index=true,https://www.kaigokensaku.mhlw.go.jp/27/index.php?JigyosyoCd=2779200399-00&ServiceCd=510&action_kouhyou_detail_024_kani=true,,2026-10-02T04:21:00+09:00,200,200,ok,,https://www.kaigokensaku.mhlw.go.jp/27/index.php?JigyosyoCd=2779200399-00&ServiceCd=510&action_kouhyou_detail_feature_index=true,https://www.kaigokensaku.mhlw.go.jp/27/index.php?JigyosyoCd=2779200399-00&ServiceCd=510&action_kouhyou_detail_024_kihon=true
135,特別養護老人ホームくつろぎ・つるみ荘,特別養護老人ホーム,大阪市鶴見区中茶屋１丁目１番１０号特別養護老人ホームくつろぎ・つるみ荘,大阪市鶴見区,2779202197,510,mhlw_name_address,1.0,待機人数のみ取得可能,,73,4,2025-10-24,0/0人,,,https://www.kaigokensaku.mhlw.go.jp/27/index.php?JigyosyoCd=2779202197-00&ServiceCd=510&action_kouhyou_detail_024_kani=true,http://www.elfkaigo.co.jp/tsurumi/,2026-10-02T04:21:04+09:00,200,200,ok,,https://www.kaigokensaku.mhlw.go.jp/27/index.php?JigyosyoCd=2779202197-00&ServiceCd=510&action_kouhyou_detail_feature_index=true,https://www.kaigokensaku.mhlw.go.jp/27/index.php?JigyosyoCd=2779202197-00&ServiceCd=510&action_kouhyou_detail_024_kihon=true
136,特別養護老人ホームらんまん鶴見,特別養護老人ホーム,大阪市鶴見区鶴見5丁目2番10号,大阪市鶴見区,2779202106,510,mhlw_name_address,1.0,空床取得可能,0,44,20,2025-01-15,0/44人,厚労省公式,https://www.kaigokensaku.mhlw.go.jp/27/index.php?JigyosyoCd=2779202106-00&ServiceCd=510&action_kouhyou_detail_feature_index=true,https://www.kaigokensaku.mhlw.go.jp/27/index.php?JigyosyoCd=2779202106-00&ServiceCd=510&action_kouhyou_detail_024_kani=true,,2026-10-02T04:21:08+09:00,200,200,ok,,https://www.kaigokensaku.mhlw.go.jp/27/index.php?JigyosyoCd=2779202106-00&ServiceCd=510&action_kouhyou_detail_feature_index=true,https://www.kaigokensaku.mhlw.go.jp/27/index.php?JigyosyoCd=2779202106-00&ServiceCd=510&action_kouhyou_detail_024_kihon=true
137,介護老人福祉施設ゆうわ,特別養護老人ホーム,大阪市鶴見区諸口6-1-17,大阪市鶴見区,2799200106,540,mhlw_name_address,1.0,取得不可,,29,,2024-12-21,0/0人,,,,http://yu-shuwa.sakura.ne.jp/index.html,2026-10-02T04:21:11+09:00,200,200,ok,,https://www.kaigokensaku.mhlw.go.jp/27/index.php?JigyosyoCd=2799200106-00&ServiceCd=540&action_kouhyou_detail_feature_index=true,https://www.kaigokensaku.mhlw.go.jp/27/index.php?JigyosyoCd=2799200106-00&ServiceCd=540&action_kouhyou_detail_026_kihon=true
138,特別養護老人ホーム 健祥会エンリケ,特別養護老人ホーム,大阪市住之江区南港北二丁目7番48号,大阪市住之江区,2775902204,510,mhlw_name_address,1.0,空床取得可能,14,144,0,2026-05-24,14/144人,厚労省公式,https://www.kaigokensaku.mhlw.go.jp/27/index.php?JigyosyoCd=2775902204-00&ServiceCd=510&action_kouhyou_detail_feature_index=true,https://www.kaigokensaku.mhlw.go.jp/27/index.php?JigyosyoCd=2775902204-00&ServiceCd=510&action_kouhyou_detail_024_kani=true,,2026-10-02T04:21:16+09:00,200,200,ok,,https://www.kaigokensaku.mhlw.go.jp/27/index.php?JigyosyoCd=2775902204-00&ServiceCd=510&action_kouhyou_detail_feature_index=true,https://www.kaigokensaku.mhlw.go.jp/27/index.php?JigyosyoCd=2775902204-00&ServiceCd=510&action_kouhyou_detail_024_kihon=true
139,南港咲洲特別養護老人ホーム,特別養護老人ホーム,大阪市住之江区南港中２－１－３５,大阪市住之江区,2775900612,510,mhlw_name_address,1.0,空床取得可能,0,140,193,2026-05-21,0/140人,厚労省公式,https://www.kaigokensaku.mhlw.go.jp/27/index.php?JigyosyoCd=2775900612-00&ServiceCd=510&action_kouhyou_detail_feature_index=true,https://www.kaigokensaku.mhlw.go.jp/27/index.php?JigyosyoCd=2775900612-00&ServiceCd=510&action_kouhyou_detail_024_kani=true,,2026-10-02T04:21:20+09:00,200,200,ok,,https://www.kaigokensaku.mhlw.go.jp/27/index.php?JigyosyoCd=2775900612-00&ServiceCd=510&action_kouhyou_detail_feature_index=true,https://www.kaigokensaku.mhlw.go.jp/27/index.php?JigyosyoCd=2775900612-00&ServiceCd=510&action_kouhyou_detail_024_kihon=true
140,特別養護老人ホーム 浜木綿苑,特別養護老人ホーム,大阪市住之江区南港北１丁目４番地１号,大阪市住之江区,2775902485,510,mhlw_name_address,1.0,待機人数のみ取得可能,,140,0,2025-10-27,0/0人,,,https://www.kaigokensaku.mhlw.go.jp/27/index.php?JigyosyoCd=2775902485-00&ServiceCd=510&action_kouhyou_detail_024_kihon=true,http://www.tezukayama.or.jp/hamayuen/index.html,2026-10-02T04:21:23+09:00,200,200,ok,,https://www.kaigokensaku.mhlw.go.jp/27/index.php?JigyosyoCd=2775902485-00&ServiceCd=510&action_kouhyou_detail_feature_index=true,https://www.kaigokensaku.mhlw.go.jp/27/index.php?JigyosyoCd=2775902485-00&ServiceCd=510&action_kouhyou_detail_024_kihon=true
141,特別養護老人ホーム いわき園,特別養護老人ホーム,大阪市住之江区南加賀屋三丁目９番２号,大阪市住之江区,2775900315,510,mhlw_name_address,1.0,空床取得可能,3,130,25,2026-09-25,3/130人,厚労省公式,https://www.kaigokensaku.mhlw.go.jp/27/index.php?JigyosyoCd=2775900315-00&ServiceCd=510&action_kouhyou_detail_feature_index=true,https://www.kaigokensaku.mhlw.go.jp/27/index.php?JigyosyoCd=2775900315-00&ServiceCd=510&action_kouhyou_detail_024_kani=true,,2026-10-02T04:21:27+09:00,200,200,ok,,https://www.kaigokensaku.mhlw.go.jp/27/index.php?JigyosyoCd=2775900315-00&ServiceCd=510&action_kouhyou_detail_feature_index=true,https://www.kaigokensaku.mhlw.go.jp/27/index.php?JigyosyoCd=2775900315-00&ServiceCd=510&action_kouhyou_detail_024_kihon=true
142,特別養護老人ホーム加賀屋の森,特別養護老人ホーム,大阪市住之江区北加賀屋5丁目4番23号,大阪市住之江区,2775902303,510,mhlw_name_address,1.0,空床取得可能,0,90,39,2025-12-10,0/90人,厚労省公式,https://www.kaigokensaku.mhlw.go.jp/27/index.php?JigyosyoCd=2775902303-00&ServiceCd=510&action_kouhyou_detail_feature_index=true,https://www.kaigokensaku.mhlw.go.jp/27/index.php?JigyosyoCd=2775902303-00&ServiceCd=510&action_kouhyou_detail_024_kani=true,,2026-10-02T04:21:30+09:00,200,200,ok,,https://www.kaigokensaku.mhlw.go.jp/27/index.php?JigyosyoCd=2775902303-00&ServiceCd=510&action_kouhyou_detail_feature_index=true,https://www.kaigokensaku.mhlw.go.jp/27/index.php?JigyosyoCd=2775902303-00&ServiceCd=510&action_kouhyou_detail_024_kihon=true
143,介護老人福祉施設 グルメ杵屋社会貢献の家,特別養護老人ホーム,大阪市住之江区浜口東2-5-14,大阪市住之江区,2775900323,510,mhlw_name_address,1.0,待機人数のみ取得可能,,84,95,2024-12-27,0/0人,,,https://www.kaigokensaku.mhlw.go.jp/27/index.php?JigyosyoCd=2775900323-00&ServiceCd=510&action_kouhyou_detail_024_kani=true,http://www.gksc.jp/,2026-10-02T04:21:34+09:00,200,200,ok,,https://www.kaigokensaku.mhlw.go.jp/27/index.php?JigyosyoCd=2775900323-00&ServiceCd=510&action_kouhyou_detail_feature_index=true,https://www.kaigokensaku.mhlw.go.jp/27/index.php?JigyosyoCd=2775900323-00&ServiceCd=510&action_kouhyou_detail_024_kihon=true
144,介護老人福祉施設カサブランカ,特別養護老人ホーム,大阪市住之江区新北島八丁目１番８０号,大阪市住之江区,,510,unmatched_ambiguous,0.493,取得不可,,,,,,,,,,2026-10-02T04:21:39+09:00,,,unmatched_no_official_page,MHLW open data could not be matched with sufficient confidence,,
145,特別養護老人ホーム四天王寺紅生園,特別養護老人ホーム,大阪市平野区喜連東五丁目13番30号,大阪市平野区,2775805712,510,mhlw_name_address,1.0,待機人数のみ取得可能,,110,134,,0/0人,,,https://www.kaigokensaku.mhlw.go.jp/27/index.php?JigyosyoCd=2775805712-00&ServiceCd=510&action_kouhyou_detail_024_kani=true,http://www.shitennoji-fukushi.jp,2026-10-02T04:21:39+09:00,200,200,ok,,https://www.kaigokensaku.mhlw.go.jp/27/index.php?JigyosyoCd=2775805712-00&ServiceCd=510&action_kouhyou_detail_feature_index=true,https://www.kaigokensaku.mhlw.go.jp/27/index.php?JigyosyoCd=2775805712-00&ServiceCd=510&action_kouhyou_detail_024_kihon=true
146,特別養護老人ホームやぐるま苑,特別養護老人ホーム,大阪市瓜破南2丁目4番10号,大阪市平野区,2775806330,510,seed_code,1.0,空床取得可能,11,109,0,2025-10-20,11/109人,厚労省公式,https://www.kaigokensaku.mhlw.go.jp/27/index.php?JigyosyoCd=2775806330-00&ServiceCd=510&action_kouhyou_detail_feature_index=true,https://www.kaigokensaku.mhlw.go.jp/27/index.php?JigyosyoCd=2775806330-00&ServiceCd=510&action_kouhyou_detail_024_kani=true,,2026-10-02T04:21:45+09:00,200,200,ok,,https://www.kaigokensaku.mhlw.go.jp/27/index.php?JigyosyoCd=2775806330-00&ServiceCd=510&action_kouhyou_detail_feature_index=true,https://www.kaigokensaku.mhlw.go.jp/27/index.php?JigyosyoCd=2775806330-00&ServiceCd=510&action_kouhyou_detail_024_kihon=true
147,特別養護老人ホーム長吉,特別養護老人ホーム,大阪市平野区長吉川辺３－２０－１４,大阪市平野区,2775800432,510,mhlw_name_address,1.0,空床取得可能,0,104,20,2023-10-18,0/104人,厚労省公式,https://www.kaigokensaku.mhlw.go.jp/27/index.php?JigyosyoCd=2775800432-00&ServiceCd=510&action_kouhyou_detail_feature_index=true,https://www.kaigokensaku.mhlw.go.jp/27/index.php?JigyosyoCd=2775800432-00&ServiceCd=510&action_kouhyou_detail_024_kani=true,,2026-10-02T04:21:49+09:00,200,200,ok,,https://www.kaigokensaku.mhlw.go.jp/27/index.php?JigyosyoCd=2775800432-00&ServiceCd=510&action_kouhyou_detail_feature_index=true,https://www.kaigokensaku.mhlw.go.jp/27/index.php?JigyosyoCd=2775800432-00&ServiceCd=510&action_kouhyou_detail_024_kihon=true
148,特別養護老人ホーム こうのとり,特別養護老人ホーム,大阪市平野区長吉川辺三丁目２番３号,大阪市平野区,2775804731,510,mhlw_name_address,1.0,空床取得可能,0,100,28,2024-12-26,0/100人,厚労省公式,https://www.kaigokensaku.mhlw.go.jp/27/index.php?JigyosyoCd=2775804731-00&ServiceCd=510&action_kouhyou_detail_feature_index=true,https://www.kaigokensaku.mhlw.go.jp/27/index.php?JigyosyoCd=2775804731-00&ServiceCd=510&action_kouhyou_detail_024_kani=true,,2026-10-02T04:21:52+09:00,200,200,ok,,https://www.kaigokensaku.mhlw.go.jp/27/index.php?JigyosyoCd=2775804731-00&ServiceCd=510&action_kouhyou_detail_feature_index=true,https://www.kaigokensaku.mhlw.go.jp/27/index.php?JigyosyoCd=2775804731-00&ServiceCd=510&action_kouhyou_detail_024_kihon=true
149,加美北特別養護老人ホーム,特別養護老人ホーム,大阪市平野区加美北7丁目1番2号加美北特別養護老人ホーム,大阪市平野区,2775800762,510,mhlw_name_address,1.0,空床取得可能,0,100,30,2025-10-22,0/100人,厚労省公式,https://www.kaigokensaku.mhlw.go.jp/27/index.php?JigyosyoCd=2775800762-00&ServiceCd=510&action_kouhyou_detail_feature_index=true,https://www.kaigokensaku.mhlw.go.jp/27/index.php?JigyosyoCd=2775800762-00&ServiceCd=510&action_kouhyou_detail_024_kani=true,,2026-10-02T04:21:55+09:00,200,200,ok,,https://www.kaigokensaku.mhlw.go.jp/27/index.php?JigyosyoCd=2775800762-00&ServiceCd=510&action_kouhyou_detail_feature_index=true,https://www.kaigokensaku.mhlw.go.jp/27/index.php?JigyosyoCd=2775800762-00&ServiceCd=510&action_kouhyou_detail_024_kihon=true
150,特別養護老人ホーム プラーナ,特別養護老人ホーム,大阪市平野区長吉川辺2-1-32,大阪市平野区,2775807296,510,mhlw_name_address,1.0,待機人数のみ取得可能,,90,13,2025-09-27,0/0人,,,https://www.kaigokensaku.mhlw.go.jp/27/index.php?JigyosyoCd=2775807296-00&ServiceCd=510&action_kouhyou_detail_024_kani=true,https://koyu-fukushikai.jp/,2026-10-02T04:21:59+09:00,200,200,ok,,https://www.kaigokensaku.mhlw.go.jp/27/index.php?JigyosyoCd=2775807296-00&ServiceCd=510&action_kouhyou_detail_feature_index=true,https://www.kaigokensaku.mhlw.go.jp/27/index.php?JigyosyoCd=2775807296-00&ServiceCd=510&action_kouhyou_detail_024_kihon=true
151,特別養護老人ホーム 万寿苑,特別養護老人ホーム,大阪市平野区加美東4丁目18番23号,大阪市平野区,2775803980,510,mhlw_name_address,1.0,空床取得可能,0,81,50,2025-09-22,0/81人,厚労省公式,https://www.kaigokensaku.mhlw.go.jp/27/index.php?JigyosyoCd=2775803980-00&ServiceCd=510&action_kouhyou_detail_feature_index=true,https://www.kaigokensaku.mhlw.go.jp/27/index.php?JigyosyoCd=2775803980-00&ServiceCd=510&action_kouhyou_detail_024_kani=true,,2026-10-02T04:22:06+09:00,200,200,ok,,https://www.kaigokensaku.mhlw.go.jp/27/index.php?JigyosyoCd=2775803980-00&ServiceCd=510&action_kouhyou_detail_feature_index=true,https://www.kaigokensaku.mhlw.go.jp/27/index.php?JigyosyoCd=2775803980-00&ServiceCd=510&action_kouhyou_detail_024_kihon=true
152,特別養護老人ホームオアシス寿安,特別養護老人ホーム,大阪市平野区長吉六反一丁目5番7号,大阪市平野区,2775807353,510,mhlw_name_address,1.0,待機人数のみ取得可能,,72,1,2025-10-17,0/0人,,,https://www.kaigokensaku.mhlw.go.jp/27/index.php?JigyosyoCd=2775807353-00&ServiceCd=510&action_kouhyou_detail_024_kani=true,https://oasisgroup.or.jp/,2026-10-02T04:22:12+09:00,200,200,ok,,https://www.kaigokensaku.mhlw.go.jp/27/index.php?JigyosyoCd=2775807353-00&ServiceCd=510&action_kouhyou_detail_feature_index=true,https://www.kaigokensaku.mhlw.go.jp/27/index.php?JigyosyoCd=2775807353-00&ServiceCd=510&action_kouhyou_detail_024_kihon=true
153,特別養護老人ホーム 喜連,特別養護老人ホーム,大阪市平野区喜連２丁目２番４０号,大阪市平野区,2775800390,510,mhlw_name_address,1.0,待機人数のみ取得可能,,60,18,2022-10-01,0/0人,,,https://www.kaigokensaku.mhlw.go.jp/27/index.php?JigyosyoCd=2775800390-00&ServiceCd=510&action_kouhyou_detail_024_kani=true,http://www.eijyu.or.jp/,2026-10-02T04:22:17+09:00,200,200,ok,,https://www.kaigokensaku.mhlw.go.jp/27/index.php?JigyosyoCd=2775800390-00&ServiceCd=510&action_kouhyou_detail_feature_index=true,https://www.kaigokensaku.mhlw.go.jp/27/index.php?JigyosyoCd=2775800390-00&ServiceCd=510&action_kouhyou_detail_024_kihon=true
154,特別養護老人ホームせんぽ瓜破東,特別養護老人ホーム,大阪市平野区瓜破東8丁目8番6号,大阪市平野区,2775807171,510,mhlw_name_address,1.0,待機人数のみ取得可能,,54,4,,0/0人,,,https://www.kaigokensaku.mhlw.go.jp/27/index.php?JigyosyoCd=2775807171-00&ServiceCd=510&action_kouhyou_detail_024_kani=true,http://senpokai.org/,2026-10-02T04:22:23+09:00,200,200,ok,,https://www.kaigokensaku.mhlw.go.jp/27/index.php?JigyosyoCd=2775807171-00&ServiceCd=510&action_kouhyou_detail_feature_index=true,https://www.kaigokensaku.mhlw.go.jp/27/index.php?JigyosyoCd=2775807171-00&ServiceCd=510&action_kouhyou_detail_024_kihon=true
155,特別養護老人ホーム 愛和,特別養護老人ホーム,大阪市平野区長吉六反２－１－６,大阪市平野区,2775800366,510,mhlw_name_address,1.0,空床取得可能,2,50,0,2025-09-27,2/50人,厚労省公式,https://www.kaigokensaku.mhlw.go.jp/27/index.php?JigyosyoCd=2775800366-00&ServiceCd=510&action_kouhyou_detail_feature_index=true,https://www.kaigokensaku.mhlw.go.jp/27/index.php?JigyosyoCd=2775800366-00&ServiceCd=510&action_kouhyou_detail_024_kani=true,,2026-10-02T04:22:27+09:00,200,200,ok,,https://www.kaigokensaku.mhlw.go.jp/27/index.php?JigyosyoCd=2775800366-00&ServiceCd=510&action_kouhyou_detail_feature_index=true,https://www.kaigokensaku.mhlw.go.jp/27/index.php?JigyosyoCd=2775800366-00&ServiceCd=510&action_kouhyou_detail_024_kihon=true
156,特別養護老人ホーム 桜苑,特別養護老人ホーム,大阪市平野区平野東3-7-16,大阪市平野区,2775806975,510,mhlw_name_address,1.0,空床取得可能,0,48,2,2025-02-20,0/48人,厚労省公式,https://www.kaigokensaku.mhlw.go.jp/27/index.php?JigyosyoCd=2775806975-00&ServiceCd=510&action_kouhyou_detail_feature_index=true,https://www.kaigokensaku.mhlw.go.jp/27/index.php?JigyosyoCd=2775806975-00&ServiceCd=510&action_kouhyou_detail_024_kani=true,,2026-10-02T04:22:30+09:00,200,200,ok,,https://www.kaigokensaku.mhlw.go.jp/27/index.php?JigyosyoCd=2775806975-00&ServiceCd=510&action_kouhyou_detail_feature_index=true,https://www.kaigokensaku.mhlw.go.jp/27/index.php?JigyosyoCd=2775806975-00&ServiceCd=510&action_kouhyou_detail_024_kihon=true
157,喜連の杜,特別養護老人ホーム,大阪市平野区喜連4-6-19,大阪市平野区,2795800537,540,mhlw_name_address,1.0,取得不可,,29,,,0/0人,,,,http://www.eijyu.or.jp,2026-10-02T04:22:34+09:00,200,200,ok,,https://www.kaigokensaku.mhlw.go.jp/27/index.php?JigyosyoCd=2795800537-00&ServiceCd=540&action_kouhyou_detail_feature_index=true,https://www.kaigokensaku.mhlw.go.jp/27/index.php?JigyosyoCd=2795800537-00&ServiceCd=540&action_kouhyou_detail_026_kihon=true
158,特別養護老人ホーム平野愛和,特別養護老人ホーム,大阪市平野区平野東２丁目１番３０号,大阪市平野区,2775800655,540,mhlw_name_address,1.0,空床取得可能,5,40,,2025-09-25,5/29人,厚労省公式,https://www.kaigokensaku.mhlw.go.jp/27/index.php?JigyosyoCd=2775800655-00&ServiceCd=540&action_kouhyou_detail_feature_index=true,,,2026-10-02T04:22:39+09:00,200,200,ok,,https://www.kaigokensaku.mhlw.go.jp/27/index.php?JigyosyoCd=2775800655-00&ServiceCd=540&action_kouhyou_detail_feature_index=true,https://www.kaigokensaku.mhlw.go.jp/27/index.php?JigyosyoCd=2775800655-00&ServiceCd=540&action_kouhyou_detail_026_kihon=true
159,永寿特別養護老人ホーム,特別養護老人ホーム,大阪市平野区瓜破南１－２－１１,大阪市平野区,,540,unmatched_ambiguous,0.668,取得不可,,,,,,,,,,2026-10-02T04:22:43+09:00,,,unmatched_no_official_page,MHLW open data could not be matched with sufficient confidence,,
160,地域密着型特別養護老人ホームせんぽ瓜破東,特別養護老人ホーム,大阪市平野区瓜破東8丁目8番6号,大阪市平野区,2795800487,540,mhlw_name_address,1.0,取得不可,,20,,,0/0人,,,,http://senpokai.org/,2026-10-02T04:22:43+09:00,200,200,ok,,https://www.kaigokensaku.mhlw.go.jp/27/index.php?JigyosyoCd=2795800487-00&ServiceCd=540&action_kouhyou_detail_feature_index=true,https://www.kaigokensaku.mhlw.go.jp/27/index.php?JigyosyoCd=2795800487-00&ServiceCd=540&action_kouhyou_detail_026_kihon=true
161,地域密着型特別養護老人ホームオアシス寿安,特別養護老人ホーム,大阪市平野区長吉六反一丁目5番7号,大阪市平野区,2795800545,540,mhlw_name_address,1.0,空床取得可能,1,20,,2025-10-20,1/20人,厚労省公式,https://www.kaigokensaku.mhlw.go.jp/27/index.php?JigyosyoCd=2795800545-00&ServiceCd=540&action_kouhyou_detail_feature_index=true,,,2026-10-02T04:22:49+09:00,200,200,ok,,https://www.kaigokensaku.mhlw.go.jp/27/index.php?JigyosyoCd=2795800545-00&ServiceCd=540&action_kouhyou_detail_feature_index=true,https://www.kaigokensaku.mhlw.go.jp/27/index.php?JigyosyoCd=2795800545-00&ServiceCd=540&action_kouhyou_detail_026_kihon=true
162,中津特別養護老人ホーム喜久寿苑,特別養護老人ホーム,大阪市北区大淀南2丁目2番51号,大阪市北区,2774103945,510,mhlw_name_address,1.0,待機人数のみ取得可能,,100,43,2024-12-21,0/0人,,,https://www.kaigokensaku.mhlw.go.jp/27/index.php?JigyosyoCd=2774103945-00&ServiceCd=510&action_kouhyou_detail_024_kani=true,https://www.nakatsu.saiseikai.or.jp/kikujuen/,2026-10-02T04:22:52+09:00,200,200,ok,,https://www.kaigokensaku.mhlw.go.jp/27/index.php?JigyosyoCd=2774103945-00&ServiceCd=510&action_kouhyou_detail_feature_index=true,https://www.kaigokensaku.mhlw.go.jp/27/index.php?JigyosyoCd=2774103945-00&ServiceCd=510&action_kouhyou_detail_024_kihon=true
163,特別養護老人ホーム 平成曽根崎苑,特別養護老人ホーム,大阪市北区曽根崎1-1-20,大阪市北区,2774103283,510,mhlw_name_address,1.0,待機人数のみ取得可能,,100,0,,,,,https://www.kaigokensaku.mhlw.go.jp/27/index.php?JigyosyoCd=2774103283-00&ServiceCd=510&action_kouhyou_detail_024_kihon=true,http://www.heiseifukushikai.com,2026-10-02T04:22:56+09:00,200,200,ok,,https://www.kaigokensaku.mhlw.go.jp/27/index.php?JigyosyoCd=2774103283-00&ServiceCd=510&action_kouhyou_detail_feature_index=true,https://www.kaigokensaku.mhlw.go.jp/27/index.php?JigyosyoCd=2774103283-00&ServiceCd=510&action_kouhyou_detail_024_kihon=true
164,特別養護老人ホーム 藤ミレニアム,特別養護老人ホーム,大阪市北区本庄西2-6-15藤ミレニアム,大阪市北区,2774100388,510,mhlw_name_address,1.0,空床取得可能,0,82,22,2025-10-17,0/82人,厚労省公式,https://www.kaigokensaku.mhlw.go.jp/27/index.php?JigyosyoCd=2774100388-00&ServiceCd=510&action_kouhyou_detail_feature_index=true,https://www.kaigokensaku.mhlw.go.jp/27/index.php?JigyosyoCd=2774100388-00&ServiceCd=510&action_kouhyou_detail_024_kani=true,,2026-10-02T04:23:02+09:00,200,200,ok,,https://www.kaigokensaku.mhlw.go.jp/27/index.php?JigyosyoCd=2774100388-00&ServiceCd=510&action_kouhyou_detail_feature_index=true,https://www.kaigokensaku.mhlw.go.jp/27/index.php?JigyosyoCd=2774100388-00&ServiceCd=510&action_kouhyou_detail_024_kihon=true
165,特別養護老人ホーム 淳風おおさか,特別養護老人ホーム,大阪市北区大淀南二丁目５番２０号,大阪市北区,2774101337,510,mhlw_name_address,1.0,空床取得可能,0,82,86,2026-09-18,0/82人,厚労省公式,https://www.kaigokensaku.mhlw.go.jp/27/index.php?JigyosyoCd=2774101337-00&ServiceCd=510&action_kouhyou_detail_feature_index=true,https://www.kaigokensaku.mhlw.go.jp/27/index.php?JigyosyoCd=2774101337-00&ServiceCd=510&action_kouhyou_detail_024_kani=true,,2026-10-02T04:23:05+09:00,200,200,ok,,https://www.kaigokensaku.mhlw.go.jp/27/index.php?JigyosyoCd=2774101337-00&ServiceCd=510&action_kouhyou_detail_feature_index=true,https://www.kaigokensaku.mhlw.go.jp/27/index.php?JigyosyoCd=2774101337-00&ServiceCd=510&action_kouhyou_detail_024_kihon=true
166,特別養護老人ホーム 北野よろこび苑,特別養護老人ホーム,大阪市北区神山町１５－１２,大阪市北区,2774100495,510,mhlw_name_address,1.0,空床取得可能,12,50,72,2024-11-29,12/50人,厚労省公式,https://www.kaigokensaku.mhlw.go.jp/27/index.php?JigyosyoCd=2774100495-00&ServiceCd=510&action_kouhyou_detail_feature_index=true,https://www.kaigokensaku.mhlw.go.jp/27/index.php?JigyosyoCd=2774100495-00&ServiceCd=510&action_kouhyou_detail_024_kani=true,,2026-10-02T04:23:09+09:00,200,200,ok,,https://www.kaigokensaku.mhlw.go.jp/27/index.php?JigyosyoCd=2774100495-00&ServiceCd=510&action_kouhyou_detail_feature_index=true,https://www.kaigokensaku.mhlw.go.jp/27/index.php?JigyosyoCd=2774100495-00&ServiceCd=510&action_kouhyou_detail_024_kihon=true
167,特別養護老人ホーム鶴満寺聚楽院,特別養護老人ホーム,大阪市北区長柄東1-3-12,大阪市北区,2774100206,510,mhlw_name_address,1.0,待機人数のみ取得可能,,50,2,2021-11-04,0/0人,,,https://www.kaigokensaku.mhlw.go.jp/27/index.php?JigyosyoCd=2774100206-00&ServiceCd=510&action_kouhyou_detail_024_kani=true,http://www.kinder.ne.jp/~kakumanji-jikouen/,2026-10-02T04:23:12+09:00,200,200,ok,,https://www.kaigokensaku.mhlw.go.jp/27/index.php?JigyosyoCd=2774100206-00&ServiceCd=510&action_kouhyou_detail_feature_index=true,https://www.kaigokensaku.mhlw.go.jp/27/index.php?JigyosyoCd=2774100206-00&ServiceCd=510&action_kouhyou_detail_024_kihon=true
168,特別養護老人ホーム さくら,特別養護老人ホーム,大阪市中央区農人橋一丁目４番２０号,大阪市中央区,2779400213,510,mhlw_name_address,1.0,空床取得可能,14,134,10,2025-10-07,14/134人,厚労省公式,https://www.kaigokensaku.mhlw.go.jp/27/index.php?JigyosyoCd=2779400213-00&ServiceCd=510&action_kouhyou_detail_feature_index=true,https://www.kaigokensaku.mhlw.go.jp/27/index.php?JigyosyoCd=2779400213-00&ServiceCd=510&action_kouhyou_detail_024_kani=true,,2026-10-02T04:23:16+09:00,200,200,ok,,https://www.kaigokensaku.mhlw.go.jp/27/index.php?JigyosyoCd=2779400213-00&ServiceCd=510&action_kouhyou_detail_feature_index=true,https://www.kaigokensaku.mhlw.go.jp/27/index.php?JigyosyoCd=2779400213-00&ServiceCd=510&action_kouhyou_detail_024_kihon=true
169,特別養護老人ホームベルライブ,特別養護老人ホーム,堺市堺区南安井町３丁１番１号,堺市堺区,2770106199,510,seed_code,1.0,空床取得可能,0,88,72,2025-10-09,0/88人,厚労省公式,https://www.kaigokensaku.mhlw.go.jp/27/index.php?JigyosyoCd=2770106199-00&ServiceCd=510&action_kouhyou_detail_feature_index=true,https://www.kaigokensaku.mhlw.go.jp/27/index.php?JigyosyoCd=2770106199-00&ServiceCd=510&action_kouhyou_detail_024_kani=true,,2026-10-02T04:23:20+09:00,200,200,ok,,https://www.kaigokensaku.mhlw.go.jp/27/index.php?JigyosyoCd=2770106199-00&ServiceCd=510&action_kouhyou_detail_feature_index=true,https://www.kaigokensaku.mhlw.go.jp/27/index.php?JigyosyoCd=2770106199-00&ServiceCd=510&action_kouhyou_detail_024_kihon=true
170,特別養護老人ホーム ハートピア堺,特別養護老人ホーム,堺市堺区海山町３－１５０－１,堺市堺区,2770101109,510,seed_code,1.0,空床取得可能,0,90,88,2023-10-22,0/84人,厚労省公式,https://www.kaigokensaku.mhlw.go.jp/27/index.php?JigyosyoCd=2770101109-00&ServiceCd=510&action_kouhyou_detail_feature_index=true,https://www.kaigokensaku.mhlw.go.jp/27/index.php?JigyosyoCd=2770101109-00&ServiceCd=510&action_kouhyou_detail_024_kani=true,,2026-10-02T04:23:23+09:00,200,200,ok,,https://www.kaigokensaku.mhlw.go.jp/27/index.php?JigyosyoCd=2770101109-00&ServiceCd=510&action_kouhyou_detail_feature_index=true,https://www.kaigokensaku.mhlw.go.jp/27/index.php?JigyosyoCd=2770101109-00&ServiceCd=510&action_kouhyou_detail_024_kihon=true
171,特別養護老人ホーム大仙もずの音,特別養護老人ホーム,堺市堺区大仙町1-2,堺市堺区,2776001758,510,mhlw_name_address,1.0,空床取得可能,0,80,164,2026-09-21,0/80人,厚労省公式,https://www.kaigokensaku.mhlw.go.jp/27/index.php?JigyosyoCd=2776001758-00&ServiceCd=510&action_kouhyou_detail_feature_index=true,https://www.kaigokensaku.mhlw.go.jp/27/index.php?JigyosyoCd=2776001758-00&ServiceCd=510&action_kouhyou_detail_024_kani=true,,2026-10-02T04:23:26+09:00,200,200,ok,,https://www.kaigokensaku.mhlw.go.jp/27/index.php?JigyosyoCd=2776001758-00&ServiceCd=510&action_kouhyou_detail_feature_index=true,https://www.kaigokensaku.mhlw.go.jp/27/index.php?JigyosyoCd=2776001758-00&ServiceCd=510&action_kouhyou_detail_024_kihon=true
172,特別養護老人ホーム グレース堺,特別養護老人ホーム,堺市堺区京町通1-21,堺市堺区,2770102826,510,seed_code,1.0,空床取得可能,5,80,14,2025-10-17,5/80人,厚労省公式,https://www.kaigokensaku.mhlw.go.jp/27/index.php?JigyosyoCd=2770102826-00&ServiceCd=510&action_kouhyou_detail_feature_index=true,https://www.kaigokensaku.mhlw.go.jp/27/index.php?JigyosyoCd=2770102826-00&ServiceCd=510&action_kouhyou_detail_024_kani=true,,2026-10-02T04:23:30+09:00,200,200,ok,,https://www.kaigokensaku.mhlw.go.jp/27/index.php?JigyosyoCd=2770102826-00&ServiceCd=510&action_kouhyou_detail_feature_index=true,https://www.kaigokensaku.mhlw.go.jp/27/index.php?JigyosyoCd=2770102826-00&ServiceCd=510&action_kouhyou_detail_024_kihon=true
173,松屋茶論,特別養護老人ホーム,堺市堺区松屋大和川通1丁13番1松屋茶論,堺市堺区,2776002558,510,mhlw_name_address,1.0,待機人数のみ取得可能,,80,10,2025-12-17,0/0人,,,https://www.kaigokensaku.mhlw.go.jp/27/index.php?JigyosyoCd=2776002558-00&ServiceCd=510&action_kouhyou_detail_024_kani=true,http://www.misasakai.or.jp/shisetsu/matsuyasalon.php,2026-10-02T04:23:33+09:00,200,200,ok,,https://www.kaigokensaku.mhlw.go.jp/27/index.php?JigyosyoCd=2776002558-00&ServiceCd=510&action_kouhyou_detail_feature_index=true,https://www.kaigokensaku.mhlw.go.jp/27/index.php?JigyosyoCd=2776002558-00&ServiceCd=510&action_kouhyou_detail_024_kihon=true
174,特別養護老人ホームかーさ・びあんか,特別養護老人ホーム,堺市堺区今池町４丁４番８号,堺市堺区,2770102677,510,seed_code,1.0,待機人数のみ取得可能,,64,6,2025-02-17,0/0人,,,https://www.kaigokensaku.mhlw.go.jp/27/index.php?JigyosyoCd=2770102677-00&ServiceCd=510&action_kouhyou_detail_024_kani=true,http://www.asakayama-kinenkai.or.jp,2026-10-02T04:23:39+09:00,200,200,ok,,https://www.kaigokensaku.mhlw.go.jp/27/index.php?JigyosyoCd=2770102677-00&ServiceCd=510&action_kouhyou_detail_feature_index=true,https://www.kaigokensaku.mhlw.go.jp/27/index.php?JigyosyoCd=2770102677-00&ServiceCd=510&action_kouhyou_detail_024_kihon=true
175,特別養護老人ホームアル・ソーレ,特別養護老人ホーム,堺市堺区甲斐町西２丁１－１５,堺市堺区,2770104814,510,seed_code,1.0,空床取得可能,0,50,30,2025-10-18,0/50人,厚労省公式,https://www.kaigokensaku.mhlw.go.jp/27/index.php?JigyosyoCd=2770104814-00&ServiceCd=510&action_kouhyou_detail_feature_index=true,https://www.kaigokensaku.mhlw.go.jp/27/index.php?JigyosyoCd=2770104814-00&ServiceCd=510&action_kouhyou_detail_024_kani=true,,2026-10-02T04:23:42+09:00,200,200,ok,,https://www.kaigokensaku.mhlw.go.jp/27/index.php?JigyosyoCd=2770104814-00&ServiceCd=510&action_kouhyou_detail_feature_index=true,https://www.kaigokensaku.mhlw.go.jp/27/index.php?JigyosyoCd=2770104814-00&ServiceCd=510&action_kouhyou_detail_024_kihon=true
176,特別養護老人ホーム愛らいふ,特別養護老人ホーム,堺市堺区協和町３丁１２８－１１,堺市堺区,2770101547,510,seed_code,1.0,待機人数のみ取得可能,,46,15,2026-09-28,0/0人,,,https://www.kaigokensaku.mhlw.go.jp/27/index.php?JigyosyoCd=2770101547-00&ServiceCd=510&action_kouhyou_detail_024_kani=true,http://www.ailife.or.jp/,2026-10-02T04:23:45+09:00,200,200,ok,,https://www.kaigokensaku.mhlw.go.jp/27/index.php?JigyosyoCd=2770101547-00&ServiceCd=510&action_kouhyou_detail_feature_index=true,https://www.kaigokensaku.mhlw.go.jp/27/index.php?JigyosyoCd=2770101547-00&ServiceCd=510&action_kouhyou_detail_024_kihon=true
177,かーさ・びあんか 三国ヶ丘,特別養護老人ホーム,堺市堺区北三国ヶ丘町2丁4番1号,堺市堺区,2796000137,540,mhlw_name_address,1.0,空床取得可能,0,29,,2025-02-17,0/29人,厚労省公式,https://www.kaigokensaku.mhlw.go.jp/27/index.php?JigyosyoCd=2796000137-00&ServiceCd=540&action_kouhyou_detail_feature_index=true,,,2026-10-02T04:23:50+09:00,200,200,ok,,https://www.kaigokensaku.mhlw.go.jp/27/index.php?JigyosyoCd=2796000137-00&ServiceCd=540&action_kouhyou_detail_feature_index=true,https://www.kaigokensaku.mhlw.go.jp/27/index.php?JigyosyoCd=2796000137-00&ServiceCd=540&action_kouhyou_detail_026_kihon=true
178,特別養護老人ホーム ベルファミリア,特別養護老人ホーム,堺市中区東山841番地1,堺市中区,2770101794,510,seed_code,1.0,待機人数のみ取得可能,,100,90,2025-10-25,0/0人,,,https://www.kaigokensaku.mhlw.go.jp/27/index.php?JigyosyoCd=2770101794-00&ServiceCd=510&action_kouhyou_detail_024_kani=true,http://www.yujinkai.com,2026-10-02T04:23:54+09:00,200,200,ok,,https://www.kaigokensaku.mhlw.go.jp/27/index.php?JigyosyoCd=2770101794-00&ServiceCd=510&action_kouhyou_detail_feature_index=true,https://www.kaigokensaku.mhlw.go.jp/27/index.php?JigyosyoCd=2770101794-00&ServiceCd=510&action_kouhyou_detail_024_kihon=true
179,特別養護老人ホーム嘉齢荘,特別養護老人ホーム,堺市中区伏尾１９６番地,堺市中区,2770101901,510,seed_code,1.0,待機人数のみ取得可能,,90,18,2016-11-18,0/0人,,,https://www.kaigokensaku.mhlw.go.jp/27/index.php?JigyosyoCd=2770101901-00&ServiceCd=510&action_kouhyou_detail_024_kani=true,http://www.fukuseikai.org,2026-10-02T04:23:58+09:00,200,200,ok,,https://www.kaigokensaku.mhlw.go.jp/27/index.php?JigyosyoCd=2770101901-00&ServiceCd=510&action_kouhyou_detail_feature_index=true,https://www.kaigokensaku.mhlw.go.jp/27/index.php?JigyosyoCd=2770101901-00&ServiceCd=510&action_kouhyou_detail_024_kihon=true
180,特別養護老人ホーム あいする久世,特別養護老人ホーム,堺市中区平井６７５番地1,堺市中区,2776104149,510,mhlw_name_address,1.0,待機人数のみ取得可能,,86,0,,,,,https://www.kaigokensaku.mhlw.go.jp/27/index.php?JigyosyoCd=2776104149-00&ServiceCd=510&action_kouhyou_detail_024_kani=true,http://www.houseikai.net/,2026-10-02T04:24:04+09:00,200,200,ok,,https://www.kaigokensaku.mhlw.go.jp/27/index.php?JigyosyoCd=2776104149-00&ServiceCd=510&action_kouhyou_detail_feature_index=true,https://www.kaigokensaku.mhlw.go.jp/27/index.php?JigyosyoCd=2776104149-00&ServiceCd=510&action_kouhyou_detail_024_kihon=true
181,特別養護老人ホームふれ愛の家,特別養護老人ホーム,堺市中区土塔町2028番地,堺市中区,2770101240,510,seed_code,1.0,待機人数のみ取得可能,,84,41,,0/0人,,,https://www.kaigokensaku.mhlw.go.jp/27/index.php?JigyosyoCd=2770101240-00&ServiceCd=510&action_kouhyou_detail_024_kani=true,https://tokogakuen.com,2026-10-02T04:24:08+09:00,200,200,ok,,https://www.kaigokensaku.mhlw.go.jp/27/index.php?JigyosyoCd=2770101240-00&ServiceCd=510&action_kouhyou_detail_feature_index=true,https://www.kaigokensaku.mhlw.go.jp/27/index.php?JigyosyoCd=2770101240-00&ServiceCd=510&action_kouhyou_detail_024_kihon=true
182,特別養護老人ホームやすらぎの園,特別養護老人ホーム,堺市中区深井畑山町2528番地の1,堺市中区,2770102644,510,seed_code,1.0,空床取得可能,0,80,0,2024-12-26,0/80人,厚労省公式,https://www.kaigokensaku.mhlw.go.jp/27/index.php?JigyosyoCd=2770102644-00&ServiceCd=510&action_kouhyou_detail_feature_index=true,https://www.kaigokensaku.mhlw.go.jp/27/index.php?JigyosyoCd=2770102644-00&ServiceCd=510&action_kouhyou_detail_024_kihon=true,,2026-10-02T04:24:12+09:00,200,200,ok,,https://www.kaigokensaku.mhlw.go.jp/27/index.php?JigyosyoCd=2770102644-00&ServiceCd=510&action_kouhyou_detail_feature_index=true,https://www.kaigokensaku.mhlw.go.jp/27/index.php?JigyosyoCd=2770102644-00&ServiceCd=510&action_kouhyou_detail_024_kihon=true
183,特別養護老人ホームゆーとりあ,特別養護老人ホーム,堺市中区見野山164番地,堺市中区,2776102242,510,mhlw_name_address,1.0,空床取得可能,0,80,19,2024-12-25,0/80人,厚労省公式,https://www.kaigokensaku.mhlw.go.jp/27/index.php?JigyosyoCd=2776102242-00&ServiceCd=510&action_kouhyou_detail_feature_index=true,https://www.kaigokensaku.mhlw.go.jp/27/index.php?JigyosyoCd=2776102242-00&ServiceCd=510&action_kouhyou_detail_024_kani=true,,2026-10-02T04:24:15+09:00,200,200,ok,,https://www.kaigokensaku.mhlw.go.jp/27/index.php?JigyosyoCd=2776102242-00&ServiceCd=510&action_kouhyou_detail_feature_index=true,https://www.kaigokensaku.mhlw.go.jp/27/index.php?JigyosyoCd=2776102242-00&ServiceCd=510&action_kouhyou_detail_024_kihon=true
184,特別養護老人ホーム クレーネ堺,特別養護老人ホーム,堺市中区福田339-2,堺市中区,2770104236,510,seed_code,1.0,空床取得可能,0,70,20,2025-12-15,0/70人,厚労省公式,https://www.kaigokensaku.mhlw.go.jp/27/index.php?JigyosyoCd=2770104236-00&ServiceCd=510&action_kouhyou_detail_feature_index=true,https://www.kaigokensaku.mhlw.go.jp/27/index.php?JigyosyoCd=2770104236-00&ServiceCd=510&action_kouhyou_detail_024_kani=true,,2026-10-02T04:24:19+09:00,200,200,ok,,https://www.kaigokensaku.mhlw.go.jp/27/index.php?JigyosyoCd=2770104236-00&ServiceCd=510&action_kouhyou_detail_feature_index=true,https://www.kaigokensaku.mhlw.go.jp/27/index.php?JigyosyoCd=2770104236-00&ServiceCd=510&action_kouhyou_detail_024_kihon=true
185,特別養護老人ホーム マーヤの里 鈴の宮,特別養護老人ホーム,堺市中区毛穴町294-1,堺市中区,2776103588,510,mhlw_name_address,1.0,待機人数のみ取得可能,,50,0,2026-09-25,0/0人,,,https://www.kaigokensaku.mhlw.go.jp/27/index.php?JigyosyoCd=2776103588-00&ServiceCd=510&action_kouhyou_detail_024_kihon=true,http://ma-ya.org,2026-10-02T04:24:22+09:00,200,200,ok,,https://www.kaigokensaku.mhlw.go.jp/27/index.php?JigyosyoCd=2776103588-00&ServiceCd=510&action_kouhyou_detail_feature_index=true,https://www.kaigokensaku.mhlw.go.jp/27/index.php?JigyosyoCd=2776103588-00&ServiceCd=510&action_kouhyou_detail_024_kihon=true
186,特別養護老人ホーム遊陶里,特別養護老人ホーム,堺市中区福田541-1,堺市中区,2796100143,540,mhlw_name_address,1.0,取得不可,,29,,2025-09-30,0/0人,,,,http://www.kousetsukai.com,2026-10-02T04:24:27+09:00,200,200,ok,,https://www.kaigokensaku.mhlw.go.jp/27/index.php?JigyosyoCd=2796100143-00&ServiceCd=540&action_kouhyou_detail_feature_index=true,https://www.kaigokensaku.mhlw.go.jp/27/index.php?JigyosyoCd=2796100143-00&ServiceCd=540&action_kouhyou_detail_026_kihon=true
187,特別養護老人ホーム マーヤの里 鈴の宮,特別養護老人ホーム,堺市中区毛穴町294-1,堺市中区,2796100283,540,mhlw_name_address,1.0,取得不可,,29,,2026-09-25,0/0人,,,,http://ma-ya.org,2026-10-02T04:24:31+09:00,200,200,ok,,https://www.kaigokensaku.mhlw.go.jp/27/index.php?JigyosyoCd=2796100283-00&ServiceCd=540&action_kouhyou_detail_feature_index=true,https://www.kaigokensaku.mhlw.go.jp/27/index.php?JigyosyoCd=2796100283-00&ServiceCd=540&action_kouhyou_detail_026_kihon=true
188,特別養護老人ホーム つるぎ荘,特別養護老人ホーム,堺市東区日置荘田中町143-1,堺市東区,2770101703,510,seed_code,1.0,空床取得可能,1,84,48,2021-10-22,1/84人,厚労省公式,https://www.kaigokensaku.mhlw.go.jp/27/index.php?JigyosyoCd=2770101703-00&ServiceCd=510&action_kouhyou_detail_feature_index=true,https://www.kaigokensaku.mhlw.go.jp/27/index.php?JigyosyoCd=2770101703-00&ServiceCd=510&action_kouhyou_detail_024_kani=true,,2026-10-02T04:24:36+09:00,200,200,ok,,https://www.kaigokensaku.mhlw.go.jp/27/index.php?JigyosyoCd=2770101703-00&ServiceCd=510&action_kouhyou_detail_feature_index=true,https://www.kaigokensaku.mhlw.go.jp/27/index.php?JigyosyoCd=2770101703-00&ServiceCd=510&action_kouhyou_detail_024_kihon=true
189,特別養護老人ホームくみのき苑しらさぎ,特別養護老人ホーム,堺市東区白鷺町3丁18番17号,堺市東区,2776201184,510,mhlw_name_address,1.0,空床取得可能,0,80,47,2025-09-29,0/80人,厚労省公式,https://www.kaigokensaku.mhlw.go.jp/27/index.php?JigyosyoCd=2776201184-00&ServiceCd=510&action_kouhyou_detail_feature_index=true,https://www.kaigokensaku.mhlw.go.jp/27/index.php?JigyosyoCd=2776201184-00&ServiceCd=510&action_kouhyou_detail_024_kani=true,,2026-10-02T04:24:39+09:00,200,200,ok,,https://www.kaigokensaku.mhlw.go.jp/27/index.php?JigyosyoCd=2776201184-00&ServiceCd=510&action_kouhyou_detail_feature_index=true,https://www.kaigokensaku.mhlw.go.jp/27/index.php?JigyosyoCd=2776201184-00&ServiceCd=510&action_kouhyou_detail_024_kihon=true
190,特別養護老人ホーム くみのき苑ゆらら,特別養護老人ホーム,堺市東区南野田454‐2,堺市東区,2776200459,510,mhlw_name_address,1.0,空床取得可能,0,80,292,2026-02-14,0/80人,厚労省公式,https://www.kaigokensaku.mhlw.go.jp/27/index.php?JigyosyoCd=2776200459-00&ServiceCd=510&action_kouhyou_detail_feature_index=true,https://www.kaigokensaku.mhlw.go.jp/27/index.php?JigyosyoCd=2776200459-00&ServiceCd=510&action_kouhyou_detail_024_kani=true,,2026-10-02T04:24:42+09:00,200,200,ok,,https://www.kaigokensaku.mhlw.go.jp/27/index.php?JigyosyoCd=2776200459-00&ServiceCd=510&action_kouhyou_detail_feature_index=true,https://www.kaigokensaku.mhlw.go.jp/27/index.php?JigyosyoCd=2776200459-00&ServiceCd=510&action_kouhyou_detail_024_kihon=true
191,特別養護老人ホーム ソルメゾン,特別養護老人ホーム,堺市東区菩提町２丁６２番地の１,堺市東区,2770108427,510,seed_code,1.0,空床取得可能,0,80,69,2025-11-25,0/80人,厚労省公式,https://www.kaigokensaku.mhlw.go.jp/27/index.php?JigyosyoCd=2770108427-00&ServiceCd=510&action_kouhyou_detail_feature_index=true,https://www.kaigokensaku.mhlw.go.jp/27/index.php?JigyosyoCd=2770108427-00&ServiceCd=510&action_kouhyou_detail_024_kani=true,,2026-10-02T04:24:46+09:00,200,200,ok,,https://www.kaigokensaku.mhlw.go.jp/27/index.php?JigyosyoCd=2770108427-00&ServiceCd=510&action_kouhyou_detail_feature_index=true,https://www.kaigokensaku.mhlw.go.jp/27/index.php?JigyosyoCd=2770108427-00&ServiceCd=510&action_kouhyou_detail_024_kihon=true
192,特別養護老人ホーム ハーモニー,特別養護老人ホーム,堺市東区南野田33番地,堺市東区,2770101653,510,seed_code,1.0,空床取得可能,0,75,54,2025-10-11,0/75人,厚労省公式,https://www.kaigokensaku.mhlw.go.jp/27/index.php?JigyosyoCd=2770101653-00&ServiceCd=510&action_kouhyou_detail_feature_index=true,https://www.kaigokensaku.mhlw.go.jp/27/index.php?JigyosyoCd=2770101653-00&ServiceCd=510&action_kouhyou_detail_024_kani=true,,2026-10-02T04:24:49+09:00,200,200,ok,,https://www.kaigokensaku.mhlw.go.jp/27/index.php?JigyosyoCd=2770101653-00&ServiceCd=510&action_kouhyou_detail_feature_index=true,https://www.kaigokensaku.mhlw.go.jp/27/index.php?JigyosyoCd=2770101653-00&ServiceCd=510&action_kouhyou_detail_024_kihon=true
193,特別養護老人ホーム・おおみの,特別養護老人ホーム,堺市東区西野42番地,堺市東区,2770102800,510,seed_code,1.0,空床取得可能,0,48,5,2022-10-16,0/48人,厚労省公式,https://www.kaigokensaku.mhlw.go.jp/27/index.php?JigyosyoCd=2770102800-00&ServiceCd=510&action_kouhyou_detail_feature_index=true,https://www.kaigokensaku.mhlw.go.jp/27/index.php?JigyosyoCd=2770102800-00&ServiceCd=510&action_kouhyou_detail_024_kani=true,,2026-10-02T04:24:52+09:00,200,200,ok,,https://www.kaigokensaku.mhlw.go.jp/27/index.php?JigyosyoCd=2770102800-00&ServiceCd=510&action_kouhyou_detail_feature_index=true,https://www.kaigokensaku.mhlw.go.jp/27/index.php?JigyosyoCd=2770102800-00&ServiceCd=510&action_kouhyou_detail_024_kihon=true
194,特別養護老人ホーム・おおみの,特別養護老人ホーム,堺市東区西野42番地,堺市東区,2796200026,540,mhlw_name_address,1.0,空床取得可能,0,28,,2022-10-16,0/28人,厚労省公式,https://www.kaigokensaku.mhlw.go.jp/27/index.php?JigyosyoCd=2796200026-00&ServiceCd=540&action_kouhyou_detail_feature_index=true,,,2026-10-02T04:24:56+09:00,200,200,ok,,https://www.kaigokensaku.mhlw.go.jp/27/index.php?JigyosyoCd=2796200026-00&ServiceCd=540&action_kouhyou_detail_feature_index=true,https://www.kaigokensaku.mhlw.go.jp/27/index.php?JigyosyoCd=2796200026-00&ServiceCd=540&action_kouhyou_detail_026_kihon=true
195,特別養護老人ホーム マーヤの里 上野芝,特別養護老人ホーム,堺市西区上野芝町5-9-20,堺市西区,2776302172,510,mhlw_name_address,1.0,待機人数のみ取得可能,,80,0,2026-09-30,0/0人,,,https://www.kaigokensaku.mhlw.go.jp/27/index.php?JigyosyoCd=2776302172-00&ServiceCd=510&action_kouhyou_detail_024_kihon=true,http://ma-ya.org,2026-10-02T04:24:59+09:00,200,200,ok,,https://www.kaigokensaku.mhlw.go.jp/27/index.php?JigyosyoCd=2776302172-00&ServiceCd=510&action_kouhyou_detail_feature_index=true,https://www.kaigokensaku.mhlw.go.jp/27/index.php?JigyosyoCd=2776302172-00&ServiceCd=510&action_kouhyou_detail_024_kihon=true
196,特別養護老人ホーム アリオン,特別養護老人ホーム,堺市西区浜寺石津町西1-2-7,堺市西区,2776302164,510,mhlw_name_address,1.0,空床取得可能,0,80,23,2025-11-04,0/80人,厚労省公式,https://www.kaigokensaku.mhlw.go.jp/27/index.php?JigyosyoCd=2776302164-00&ServiceCd=510&action_kouhyou_detail_feature_index=true,https://www.kaigokensaku.mhlw.go.jp/27/index.php?JigyosyoCd=2776302164-00&ServiceCd=510&action_kouhyou_detail_024_kani=true,,2026-10-02T04:25:04+09:00,200,200,ok,,https://www.kaigokensaku.mhlw.go.jp/27/index.php?JigyosyoCd=2776302164-00&ServiceCd=510&action_kouhyou_detail_feature_index=true,https://www.kaigokensaku.mhlw.go.jp/27/index.php?JigyosyoCd=2776302164-00&ServiceCd=510&action_kouhyou_detail_024_kihon=true
197,特別養護老人ホーム ベルアルプ,特別養護老人ホーム,堺市西区菱木1丁2343番16,堺市西区,2776301257,510,mhlw_name_address,1.0,空床取得可能,0,80,62,2025-10-31,0/80人,厚労省公式,https://www.kaigokensaku.mhlw.go.jp/27/index.php?JigyosyoCd=2776301257-00&ServiceCd=510&action_kouhyou_detail_feature_index=true,https://www.kaigokensaku.mhlw.go.jp/27/index.php?JigyosyoCd=2776301257-00&ServiceCd=510&action_kouhyou_detail_024_kani=true,,2026-10-02T04:25:07+09:00,200,200,ok,,https://www.kaigokensaku.mhlw.go.jp/27/index.php?JigyosyoCd=2776301257-00&ServiceCd=510&action_kouhyou_detail_feature_index=true,https://www.kaigokensaku.mhlw.go.jp/27/index.php?JigyosyoCd=2776301257-00&ServiceCd=510&action_kouhyou_detail_024_kihon=true
198,特別養護老人ホーム ハートピア泉北,特別養護老人ホーム,堺市西区太平寺331-1,堺市西区,2770101893,510,seed_code,1.0,待機人数のみ取得可能,,64,7,2017-12-20,0/0人,,,https://www.kaigokensaku.mhlw.go.jp/27/index.php?JigyosyoCd=2770101893-00&ServiceCd=510&action_kouhyou_detail_024_kani=true,http://www.sakaifukushikai.jp/,2026-10-02T04:25:11+09:00,200,200,ok,,https://www.kaigokensaku.mhlw.go.jp/27/index.php?JigyosyoCd=2770101893-00&ServiceCd=510&action_kouhyou_detail_feature_index=true,https://www.kaigokensaku.mhlw.go.jp/27/index.php?JigyosyoCd=2770101893-00&ServiceCd=510&action_kouhyou_detail_024_kihon=true
199,特別養護老人ホーム 朗友館,特別養護老人ホーム,堺市西区鳳東町6丁659番地１,堺市西区,2770101745,510,seed_code,1.0,待機人数のみ取得可能,,60,41,2021-11-08,0/0人,,,https://www.kaigokensaku.mhlw.go.jp/27/index.php?JigyosyoCd=2770101745-00&ServiceCd=510&action_kouhyou_detail_024_kani=true,http://www.otorifukushikai.or.jp/,2026-10-02T04:25:15+09:00,200,200,ok,,https://www.kaigokensaku.mhlw.go.jp/27/index.php?JigyosyoCd=2770101745-00&ServiceCd=510&action_kouhyou_detail_feature_index=true,https://www.kaigokensaku.mhlw.go.jp/27/index.php?JigyosyoCd=2770101745-00&ServiceCd=510&action_kouhyou_detail_024_kihon=true
200,特別養護老人ホームパルハウスくさべ,特別養護老人ホーム,堺市西区草部1417,堺市西区,2776300564,510,mhlw_name_address,1.0,待機人数のみ取得可能,,55,18,,0/0人,,,https://www.kaigokensaku.mhlw.go.jp/27/index.php?JigyosyoCd=2776300564-00&ServiceCd=510&action_kouhyou_detail_024_kani=true,https://www.wafukai.net/,2026-10-02T04:25:20+09:00,200,200,ok,,https://www.kaigokensaku.mhlw.go.jp/27/index.php?JigyosyoCd=2776300564-00&ServiceCd=510&action_kouhyou_detail_feature_index=true,https://www.kaigokensaku.mhlw.go.jp/27/index.php?JigyosyoCd=2776300564-00&ServiceCd=510&action_kouhyou_detail_024_kihon=true
201,特別養護老人ホーム 朗友サロン,特別養護老人ホーム,堺市西区草部743番地,堺市西区,2770103147,510,seed_code,1.0,待機人数のみ取得可能,,32,60,2024-12-08,0/0人,,,https://www.kaigokensaku.mhlw.go.jp/27/index.php?JigyosyoCd=2770103147-00&ServiceCd=510&action_kouhyou_detail_024_kani=true,http://www.otorifukusikai.or.jp/,2026-10-02T04:25:29+09:00,200,200,ok,,https://www.kaigokensaku.mhlw.go.jp/27/index.php?JigyosyoCd=2770103147-00&ServiceCd=510&action_kouhyou_detail_feature_index=true,https://www.kaigokensaku.mhlw.go.jp/27/index.php?JigyosyoCd=2770103147-00&ServiceCd=510&action_kouhyou_detail_024_kihon=true
202,ウェルフォンテひのき,特別養護老人ホーム,堺市西区草部５３１番地,堺市西区,2796300164,540,mhlw_name_address,1.0,空床取得可能,3,29,,2024-12-20,3/29人,厚労省公式,https://www.kaigokensaku.mhlw.go.jp/27/index.php?JigyosyoCd=2796300164-00&ServiceCd=540&action_kouhyou_detail_feature_index=true,,,2026-10-02T04:25:35+09:00,200,200,ok,,https://www.kaigokensaku.mhlw.go.jp/27/index.php?JigyosyoCd=2796300164-00&ServiceCd=540&action_kouhyou_detail_feature_index=true,https://www.kaigokensaku.mhlw.go.jp/27/index.php?JigyosyoCd=2796300164-00&ServiceCd=540&action_kouhyou_detail_026_kihon=true
203,地域密着型介護老人福祉施設ハートピア泉北,特別養護老人ホーム,堺市西区太平寺331-1,堺市西区,2796300214,540,mhlw_name_address,1.0,取得不可,,20,,2026-01-16,0/0人,,,,http://www.sakaifukushikai.jp/,2026-10-02T04:25:38+09:00,200,200,ok,,https://www.kaigokensaku.mhlw.go.jp/27/index.php?JigyosyoCd=2796300214-00&ServiceCd=540&action_kouhyou_detail_feature_index=true,https://www.kaigokensaku.mhlw.go.jp/27/index.php?JigyosyoCd=2796300214-00&ServiceCd=540&action_kouhyou_detail_026_kihon=true
204,特別養護老人ホーム 朗友サロン,特別養護老人ホーム,堺市西区草部743番地,堺市西区,2796300222,540,mhlw_name_address,1.0,取得不可,,18,,2024-12-08,0/0人,,,,http://www.otorifukushikai.or.jp/,2026-10-02T04:25:42+09:00,200,200,ok,,https://www.kaigokensaku.mhlw.go.jp/27/index.php?JigyosyoCd=2796300222-00&ServiceCd=540&action_kouhyou_detail_feature_index=true,https://www.kaigokensaku.mhlw.go.jp/27/index.php?JigyosyoCd=2796300222-00&ServiceCd=540&action_kouhyou_detail_026_kihon=true
205,特別養護老人ホーム 美樹の園,特別養護老人ホーム,堺市南区美木多上１２７７番地１,堺市南区,2770102198,510,seed_code,1.0,待機人数のみ取得可能,,114,71,2026-05-23,0/0人,,,https://www.kaigokensaku.mhlw.go.jp/27/index.php?JigyosyoCd=2770102198-00&ServiceCd=510&action_kouhyou_detail_024_kani=true,http://mikinosono.sakura.ne.jp,2026-10-02T04:25:47+09:00,200,200,ok,,https://www.kaigokensaku.mhlw.go.jp/27/index.php?JigyosyoCd=2770102198-00&ServiceCd=510&action_kouhyou_detail_feature_index=true,https://www.kaigokensaku.mhlw.go.jp/27/index.php?JigyosyoCd=2770102198-00&ServiceCd=510&action_kouhyou_detail_024_kihon=true
206,特別養護老人ホーム 年輪,特別養護老人ホーム,堺市南区御池台５－２－２,堺市南区,2770102313,510,seed_code,1.0,空床取得可能,0,100,117,2024-12-19,0/100人,厚労省公式,https://www.kaigokensaku.mhlw.go.jp/27/index.php?JigyosyoCd=2770102313-00&ServiceCd=510&action_kouhyou_detail_feature_index=true,https://www.kaigokensaku.mhlw.go.jp/27/index.php?JigyosyoCd=2770102313-00&ServiceCd=510&action_kouhyou_detail_024_kani=true,,2026-10-02T04:25:52+09:00,200,200,ok,,https://www.kaigokensaku.mhlw.go.jp/27/index.php?JigyosyoCd=2770102313-00&ServiceCd=510&action_kouhyou_detail_feature_index=true,https://www.kaigokensaku.mhlw.go.jp/27/index.php?JigyosyoCd=2770102313-00&ServiceCd=510&action_kouhyou_detail_024_kihon=true
207,特別養護老人ホーム故郷の家,特別養護老人ホーム,堺市南区檜尾３３６０－１２,堺市南区,2770101299,510,seed_code,1.0,待機人数のみ取得可能,,80,77,2023-12-28,0/0人,,,https://www.kaigokensaku.mhlw.go.jp/27/index.php?JigyosyoCd=2770101299-00&ServiceCd=510&action_kouhyou_detail_024_kani=true,http://www.kokorono.or.jp,2026-10-02T04:25:56+09:00,200,200,ok,,https://www.kaigokensaku.mhlw.go.jp/27/index.php?JigyosyoCd=2770101299-00&ServiceCd=510&action_kouhyou_detail_feature_index=true,https://www.kaigokensaku.mhlw.go.jp/27/index.php?JigyosyoCd=2770101299-00&ServiceCd=510&action_kouhyou_detail_024_kihon=true
208,特別養護老人ホーム槇塚荘,特別養護老人ホーム,堺市南区逆瀬川１０３８－２,堺市南区,2770101166,510,seed_code,1.0,空床取得可能,0,73,80,2025-10-10,0/73人,厚労省公式,https://www.kaigokensaku.mhlw.go.jp/27/index.php?JigyosyoCd=2770101166-00&ServiceCd=510&action_kouhyou_detail_feature_index=true,https://www.kaigokensaku.mhlw.go.jp/27/index.php?JigyosyoCd=2770101166-00&ServiceCd=510&action_kouhyou_detail_024_kani=true,,2026-10-02T04:26:02+09:00,200,200,ok,,https://www.kaigokensaku.mhlw.go.jp/27/index.php?JigyosyoCd=2770101166-00&ServiceCd=510&action_kouhyou_detail_feature_index=true,https://www.kaigokensaku.mhlw.go.jp/27/index.php?JigyosyoCd=2770101166-00&ServiceCd=510&action_kouhyou_detail_024_kihon=true
209,特別養護老人ホーム 泉北園百寿荘,特別養護老人ホーム,堺市南区茶山台３－２３－２,堺市南区,2770102453,510,seed_code,1.0,空床取得可能,0,50,52,2025-10-05,0/50人,厚労省公式,https://www.kaigokensaku.mhlw.go.jp/27/index.php?JigyosyoCd=2770102453-00&ServiceCd=510&action_kouhyou_detail_feature_index=true,https://www.kaigokensaku.mhlw.go.jp/27/index.php?JigyosyoCd=2770102453-00&ServiceCd=510&action_kouhyou_detail_024_kani=true,,2026-10-02T04:26:05+09:00,200,200,ok,,https://www.kaigokensaku.mhlw.go.jp/27/index.php?JigyosyoCd=2770102453-00&ServiceCd=510&action_kouhyou_detail_feature_index=true,https://www.kaigokensaku.mhlw.go.jp/27/index.php?JigyosyoCd=2770102453-00&ServiceCd=510&action_kouhyou_detail_024_kihon=true
210,グランドオーク百寿,特別養護老人ホーム,堺市南区茶山台３丁２２番１１,堺市南区,2796400147,540,mhlw_name_address,1.0,空床取得可能,0,29,,2026-09-23,0/29人,厚労省公式,https://www.kaigokensaku.mhlw.go.jp/27/index.php?JigyosyoCd=2796400147-00&ServiceCd=540&action_kouhyou_detail_feature_index=true,,,2026-10-02T04:26:09+09:00,200,200,ok,,https://www.kaigokensaku.mhlw.go.jp/27/index.php?JigyosyoCd=2796400147-00&ServiceCd=540&action_kouhyou_detail_feature_index=true,https://www.kaigokensaku.mhlw.go.jp/27/index.php?JigyosyoCd=2796400147-00&ServiceCd=540&action_kouhyou_detail_026_kihon=true
211,特別養護老人ホーム アステリスク,特別養護老人ホーム,堺市南区檜尾147-1アステリスク,堺市南区,2796400162,540,mhlw_name_address,1.0,空床取得可能,0,29,,2017-12-13,0/29人,厚労省公式,https://www.kaigokensaku.mhlw.go.jp/27/index.php?JigyosyoCd=2796400162-00&ServiceCd=540&action_kouhyou_detail_feature_index=true,,,2026-10-02T04:26:12+09:00,200,200,ok,,https://www.kaigokensaku.mhlw.go.jp/27/index.php?JigyosyoCd=2796400162-00&ServiceCd=540&action_kouhyou_detail_feature_index=true,https://www.kaigokensaku.mhlw.go.jp/27/index.php?JigyosyoCd=2796400162-00&ServiceCd=540&action_kouhyou_detail_026_kihon=true
212,ハピネス金岡,特別養護老人ホーム,堺市北区金岡町2725番,堺市北区,2770102669,510,seed_code,1.0,待機人数のみ取得可能,,104,0,2017-10-06,0/0人,,,https://www.kaigokensaku.mhlw.go.jp/27/index.php?JigyosyoCd=2770102669-00&ServiceCd=510&action_kouhyou_detail_024_kihon=true,http://osakafukushikai.or.jp/tokuyo,2026-10-02T04:26:15+09:00,200,200,ok,,https://www.kaigokensaku.mhlw.go.jp/27/index.php?JigyosyoCd=2770102669-00&ServiceCd=510&action_kouhyou_detail_feature_index=true,https://www.kaigokensaku.mhlw.go.jp/27/index.php?JigyosyoCd=2770102669-00&ServiceCd=510&action_kouhyou_detail_024_kihon=true
213,特別養護老人ホーム 梢，よろこび園,特別養護老人ホーム,堺市北区中村町３６７番地３,堺市北区,2776503506,510,mhlw_name_address,1.0,待機人数のみ取得可能,,80,10,2024-12-14,0/0人,,,https://www.kaigokensaku.mhlw.go.jp/27/index.php?JigyosyoCd=2776503506-00&ServiceCd=510&action_kouhyou_detail_024_kani=true,https://kankikai.jp,2026-10-02T04:26:20+09:00,200,200,ok,,https://www.kaigokensaku.mhlw.go.jp/27/index.php?JigyosyoCd=2776503506-00&ServiceCd=510&action_kouhyou_detail_feature_index=true,https://www.kaigokensaku.mhlw.go.jp/27/index.php?JigyosyoCd=2776503506-00&ServiceCd=510&action_kouhyou_detail_024_kihon=true
214,特別養護老人ホーム 朱雀,特別養護老人ホーム,堺市北区中長尾町1-2-12,堺市北区,2776503134,510,mhlw_name_address,1.0,待機人数のみ取得可能,,80,31,,,,,https://www.kaigokensaku.mhlw.go.jp/27/index.php?JigyosyoCd=2776503134-00&ServiceCd=510&action_kouhyou_detail_024_kani=true,http://www.alsole.or.jp/,2026-10-02T04:26:25+09:00,200,200,ok,,https://www.kaigokensaku.mhlw.go.jp/27/index.php?JigyosyoCd=2776503134-00&ServiceCd=510&action_kouhyou_detail_feature_index=true,https://www.kaigokensaku.mhlw.go.jp/27/index.php?JigyosyoCd=2776503134-00&ServiceCd=510&action_kouhyou_detail_024_kihon=true
215,特別養護老人ホーム グリーンハウス,特別養護老人ホーム,堺市北区百舌鳥本町三丁430番地2,堺市北区,2770107619,510,seed_code,1.0,空床取得可能,1,80,10,2025-02-10,1/80人,厚労省公式,https://www.kaigokensaku.mhlw.go.jp/27/index.php?JigyosyoCd=2770107619-00&ServiceCd=510&action_kouhyou_detail_feature_index=true,https://www.kaigokensaku.mhlw.go.jp/27/index.php?JigyosyoCd=2770107619-00&ServiceCd=510&action_kouhyou_detail_024_kani=true,,2026-10-02T04:26:45+09:00,200,200,ok,,https://www.kaigokensaku.mhlw.go.jp/27/index.php?JigyosyoCd=2770107619-00&ServiceCd=510&action_kouhyou_detail_feature_index=true,https://www.kaigokensaku.mhlw.go.jp/27/index.php?JigyosyoCd=2770107619-00&ServiceCd=510&action_kouhyou_detail_024_kihon=true
216,特別養護老人ホーム あけぼの苑,特別養護老人ホーム,堺市北区野遠町３４４－１,堺市北区,2770102529,510,seed_code,1.0,待機人数のみ取得可能,,72,71,2025-10-29,0/0人,,,https://www.kaigokensaku.mhlw.go.jp/27/index.php?JigyosyoCd=2770102529-00&ServiceCd=510&action_kouhyou_detail_024_kani=true,http://www.akatsuki.or.jp,2026-10-02T04:26:48+09:00,200,200,ok,,https://www.kaigokensaku.mhlw.go.jp/27/index.php?JigyosyoCd=2770102529-00&ServiceCd=510&action_kouhyou_detail_feature_index=true,https://www.kaigokensaku.mhlw.go.jp/27/index.php?JigyosyoCd=2770102529-00&ServiceCd=510&action_kouhyou_detail_024_kihon=true
217,特別養護老人ホーム 陵東館,特別養護老人ホーム,堺市北区長曽根町１２１０番地の１,堺市北区,2770102628,510,seed_code,1.0,待機人数のみ取得可能,,70,37,2025-10-27,0/0人,,,https://www.kaigokensaku.mhlw.go.jp/27/index.php?JigyosyoCd=2770102628-00&ServiceCd=510&action_kouhyou_detail_024_kani=true,https://kansaifukushikai.or.jp,2026-10-02T04:26:54+09:00,200,200,ok,,https://www.kaigokensaku.mhlw.go.jp/27/index.php?JigyosyoCd=2770102628-00&ServiceCd=510&action_kouhyou_detail_feature_index=true,https://www.kaigokensaku.mhlw.go.jp/27/index.php?JigyosyoCd=2770102628-00&ServiceCd=510&action_kouhyou_detail_024_kihon=true
218,特別養護老人ホーム寿里苑やすらぎの郷,特別養護老人ホーム,堺市北区常磐町3丁13番5号,堺市北区,2796500318,540,mhlw_name_address,1.0,取得不可,,29,,,0/0人,,,,https://www.julien.or.jp/yasuragi/,2026-10-02T04:27:01+09:00,200,200,ok,,https://www.kaigokensaku.mhlw.go.jp/27/index.php?JigyosyoCd=2796500318-00&ServiceCd=540&action_kouhyou_detail_feature_index=true,https://www.kaigokensaku.mhlw.go.jp/27/index.php?JigyosyoCd=2796500318-00&ServiceCd=540&action_kouhyou_detail_026_kihon=true
219,地域密着型特別養護老人ホーム ブレス南花田,特別養護老人ホーム,堺市北区南花田町531番地,堺市北区,2796500094,540,mhlw_name_address,1.0,待機人数のみ取得可能,,29,0,2019-10-07,0/0人,,,https://www.kaigokensaku.mhlw.go.jp/27/index.php?JigyosyoCd=2796500094-00&ServiceCd=540&action_kouhyou_detail_026_kihon=true,http://houseikai.net,2026-10-02T04:27:13+09:00,200,200,ok,,https://www.kaigokensaku.mhlw.go.jp/27/index.php?JigyosyoCd=2796500094-00&ServiceCd=540&action_kouhyou_detail_feature_index=true,https://www.kaigokensaku.mhlw.go.jp/27/index.php?JigyosyoCd=2796500094-00&ServiceCd=540&action_kouhyou_detail_026_kihon=true
220,特別養護老人ホーム美原荘,特別養護老人ホーム,堺市美原区平尾595番1号,堺市美原区,2770107304,510,seed_code,1.0,待機人数のみ取得可能,,120,25,2024-12-24,0/0人,,,https://www.kaigokensaku.mhlw.go.jp/27/index.php?JigyosyoCd=2770107304-00&ServiceCd=510&action_kouhyou_detail_024_kani=true,http://miharasou-group.net/mihara/,2026-10-02T04:27:17+09:00,200,200,ok,,https://www.kaigokensaku.mhlw.go.jp/27/index.php?JigyosyoCd=2770107304-00&ServiceCd=510&action_kouhyou_detail_feature_index=true,https://www.kaigokensaku.mhlw.go.jp/27/index.php?JigyosyoCd=2770107304-00&ServiceCd=510&action_kouhyou_detail_024_kihon=true
221,特別養護老人ホーム 平尾荘,特別養護老人ホーム,堺市美原区平尾1938-1,堺市美原区,2770107205,510,seed_code,1.0,待機人数のみ取得可能,,80,38,2025-02-19,0/0人,,,https://www.kaigokensaku.mhlw.go.jp/27/index.php?JigyosyoCd=2770107205-00&ServiceCd=510&action_kouhyou_detail_024_kani=true,http://www.tenjukai.or.jp,2026-10-02T04:27:24+09:00,200,200,ok,,https://www.kaigokensaku.mhlw.go.jp/27/index.php?JigyosyoCd=2770107205-00&ServiceCd=510&action_kouhyou_detail_feature_index=true,https://www.kaigokensaku.mhlw.go.jp/27/index.php?JigyosyoCd=2770107205-00&ServiceCd=510&action_kouhyou_detail_024_kihon=true
222,特別養護老人ホーム美原荘「すごうの郷」,特別養護老人ホーム,堺市美原区菅生1番地1,堺市美原区,2796600043,540,mhlw_name_address,1.0,空床取得可能,0,29,,2025-10-31,0/29人,厚労省公式,https://www.kaigokensaku.mhlw.go.jp/27/index.php?JigyosyoCd=2796600043-00&ServiceCd=540&action_kouhyou_detail_feature_index=true,,,2026-10-02T04:27:53+09:00,200,200,ok,,https://www.kaigokensaku.mhlw.go.jp/27/index.php?JigyosyoCd=2796600043-00&ServiceCd=540&action_kouhyou_detail_feature_index=true,https://www.kaigokensaku.mhlw.go.jp/27/index.php?JigyosyoCd=2796600043-00&ServiceCd=540&action_kouhyou_detail_026_kihon=true
223,特別養護老人ホーム 萬寿園,特別養護老人ホーム,岸和田市尾生町808番地,岸和田市,2771100126,510,seed_code,1.0,待機人数のみ取得可能,,105,2,2025-10-03,0/0人,,,https://www.kaigokensaku.mhlw.go.jp/27/index.php?JigyosyoCd=2771100126-00&ServiceCd=510&action_kouhyou_detail_024_kani=true,http://www13.ocn.ne.jp/~man/MyPage/menu0.html,2026-10-02T04:27:57+09:00,200,200,ok,,https://www.kaigokensaku.mhlw.go.jp/27/index.php?JigyosyoCd=2771100126-00&ServiceCd=510&action_kouhyou_detail_feature_index=true,https://www.kaigokensaku.mhlw.go.jp/27/index.php?JigyosyoCd=2771100126-00&ServiceCd=510&action_kouhyou_detail_024_kihon=true
224,特別養護老人ホーム いなば荘,特別養護老人ホーム,岸和田市稲葉町1066番地,岸和田市,2771100696,510,seed_code,1.0,空床取得可能,0,104,30,2025-10-19,0/104人,厚労省公式,https://www.kaigokensaku.mhlw.go.jp/27/index.php?JigyosyoCd=2771100696-00&ServiceCd=510&action_kouhyou_detail_feature_index=true,https://www.kaigokensaku.mhlw.go.jp/27/index.php?JigyosyoCd=2771100696-00&ServiceCd=510&action_kouhyou_detail_024_kani=true,,2026-10-02T04:28:00+09:00,200,200,ok,,https://www.kaigokensaku.mhlw.go.jp/27/index.php?JigyosyoCd=2771100696-00&ServiceCd=510&action_kouhyou_detail_feature_index=true,https://www.kaigokensaku.mhlw.go.jp/27/index.php?JigyosyoCd=2771100696-00&ServiceCd=510&action_kouhyou_detail_024_kihon=true
225,岸和田特別養護老人ホーム,特別養護老人ホーム,岸和田市藤井町２丁目１３番１３号,岸和田市,2771100308,510,seed_code,1.0,待機人数のみ取得可能,,54,77,2020-10-11,0/0人,,,https://www.kaigokensaku.mhlw.go.jp/27/index.php?JigyosyoCd=2771100308-00&ServiceCd=510&action_kouhyou_detail_024_kani=true,https://washukai.com/service/service_001/,2026-10-02T04:28:04+09:00,200,200,ok,,https://www.kaigokensaku.mhlw.go.jp/27/index.php?JigyosyoCd=2771100308-00&ServiceCd=510&action_kouhyou_detail_feature_index=true,https://www.kaigokensaku.mhlw.go.jp/27/index.php?JigyosyoCd=2771100308-00&ServiceCd=510&action_kouhyou_detail_024_kihon=true
226,特別養護老人ホーム 神於山園,特別養護老人ホーム,岸和田市尾生町３１９２番２,岸和田市,2771100290,510,seed_code,1.0,空床取得可能,0,50,32,2026-04-05,0/50人,厚労省公式,https://www.kaigokensaku.mhlw.go.jp/27/index.php?JigyosyoCd=2771100290-00&ServiceCd=510&action_kouhyou_detail_feature_index=true,https://www.kaigokensaku.mhlw.go.jp/27/index.php?JigyosyoCd=2771100290-00&ServiceCd=510&action_kouhyou_detail_024_kani=true,,2026-10-02T04:28:09+09:00,200,200,ok,,https://www.kaigokensaku.mhlw.go.jp/27/index.php?JigyosyoCd=2771100290-00&ServiceCd=510&action_kouhyou_detail_feature_index=true,https://www.kaigokensaku.mhlw.go.jp/27/index.php?JigyosyoCd=2771100290-00&ServiceCd=510&action_kouhyou_detail_024_kihon=true
227,特別養護老人ホーム 千亀利荘,特別養護老人ホーム,岸和田市積川町３５８番地,岸和田市,2771100217,510,seed_code,1.0,空床取得可能,2,50,0,2025-10-11,2/50人,厚労省公式,https://www.kaigokensaku.mhlw.go.jp/27/index.php?JigyosyoCd=2771100217-00&ServiceCd=510&action_kouhyou_detail_feature_index=true,https://www.kaigokensaku.mhlw.go.jp/27/index.php?JigyosyoCd=2771100217-00&ServiceCd=510&action_kouhyou_detail_024_kani=true,,2026-10-02T04:28:12+09:00,200,200,ok,,https://www.kaigokensaku.mhlw.go.jp/27/index.php?JigyosyoCd=2771100217-00&ServiceCd=510&action_kouhyou_detail_feature_index=true,https://www.kaigokensaku.mhlw.go.jp/27/index.php?JigyosyoCd=2771100217-00&ServiceCd=510&action_kouhyou_detail_024_kihon=true
228,第二岸和田特別養護老人ホーム,特別養護老人ホーム,岸和田市藤井町2-13-19,岸和田市,2771106313,510,seed_code,1.0,待機人数のみ取得可能,,50,16,2023-10-18,0/0人,,,https://www.kaigokensaku.mhlw.go.jp/27/index.php?JigyosyoCd=2771106313-00&ServiceCd=510&action_kouhyou_detail_024_kani=true,https://kishiwada.or.jp/,2026-10-02T04:28:15+09:00,200,200,ok,,https://www.kaigokensaku.mhlw.go.jp/27/index.php?JigyosyoCd=2771106313-00&ServiceCd=510&action_kouhyou_detail_feature_index=true,https://www.kaigokensaku.mhlw.go.jp/27/index.php?JigyosyoCd=2771106313-00&ServiceCd=510&action_kouhyou_detail_024_kihon=true
229,特別養護老人ホームCiao神於山園,特別養護老人ホーム,岸和田市尾生町3192番1,岸和田市,2771107022,510,seed_code,1.0,待機人数のみ取得可能,,36,12,,,,,https://www.kaigokensaku.mhlw.go.jp/27/index.php?JigyosyoCd=2771107022-00&ServiceCd=510&action_kouhyou_detail_024_kani=true,http://kounoyamaen.or.jp,2026-10-02T04:28:29+09:00,200,200,ok,,https://www.kaigokensaku.mhlw.go.jp/27/index.php?JigyosyoCd=2771107022-00&ServiceCd=510&action_kouhyou_detail_feature_index=true,https://www.kaigokensaku.mhlw.go.jp/27/index.php?JigyosyoCd=2771107022-00&ServiceCd=510&action_kouhyou_detail_024_kihon=true
230,岸和田北特別養護老人ホーム,特別養護老人ホーム,岸和田市磯上町3-3-13岸和田北特別養護老人ホーム,岸和田市,2791100189,540,mhlw_name_address,1.0,空床取得可能,0,29,,2025-10-19,0/29人,厚労省公式,https://www.kaigokensaku.mhlw.go.jp/27/index.php?JigyosyoCd=2791100189-00&ServiceCd=540&action_kouhyou_detail_feature_index=true,,,2026-10-02T04:28:34+09:00,200,200,ok,,https://www.kaigokensaku.mhlw.go.jp/27/index.php?JigyosyoCd=2791100189-00&ServiceCd=540&action_kouhyou_detail_feature_index=true,https://www.kaigokensaku.mhlw.go.jp/27/index.php?JigyosyoCd=2791100189-00&ServiceCd=540&action_kouhyou_detail_026_kihon=true
231,社会福祉法人和成会・ひまわりの郷,特別養護老人ホーム,岸和田市小松里町938番2,岸和田市,2791100197,540,mhlw_name_address,1.0,空床取得可能,0,29,,2026-07-24,0/29人,厚労省公式,https://www.kaigokensaku.mhlw.go.jp/27/index.php?JigyosyoCd=2791100197-00&ServiceCd=540&action_kouhyou_detail_feature_index=true,,,2026-10-02T04:28:37+09:00,200,200,ok,,https://www.kaigokensaku.mhlw.go.jp/27/index.php?JigyosyoCd=2791100197-00&ServiceCd=540&action_kouhyou_detail_feature_index=true,https://www.kaigokensaku.mhlw.go.jp/27/index.php?JigyosyoCd=2791100197-00&ServiceCd=540&action_kouhyou_detail_026_kihon=true
232,特別養護老人ホーム岸和田天神山荘,特別養護老人ホーム,岸和田市流木町３３７番地の７,岸和田市,2791100205,540,mhlw_name_address,1.0,空床取得可能,7,29,,2021-11-16,7/29人,厚労省公式,https://www.kaigokensaku.mhlw.go.jp/27/index.php?JigyosyoCd=2791100205-00&ServiceCd=540&action_kouhyou_detail_feature_index=true,,,2026-10-02T04:28:41+09:00,200,200,ok,,https://www.kaigokensaku.mhlw.go.jp/27/index.php?JigyosyoCd=2791100205-00&ServiceCd=540&action_kouhyou_detail_feature_index=true,https://www.kaigokensaku.mhlw.go.jp/27/index.php?JigyosyoCd=2791100205-00&ServiceCd=540&action_kouhyou_detail_026_kihon=true
233,特別養護老人ホーム清豊苑,特別養護老人ホーム,豊中市走井2-8-5,豊中市,2774005074,510,mhlw_name_address,1.0,空床取得可能,1,144,10,2024-12-25,1/144人,厚労省公式,https://www.kaigokensaku.mhlw.go.jp/27/index.php?JigyosyoCd=2774005074-00&ServiceCd=510&action_kouhyou_detail_feature_index=true,https://www.kaigokensaku.mhlw.go.jp/27/index.php?JigyosyoCd=2774005074-00&ServiceCd=510&action_kouhyou_detail_024_kani=true,,2026-10-02T04:28:44+09:00,200,200,ok,,https://www.kaigokensaku.mhlw.go.jp/27/index.php?JigyosyoCd=2774005074-00&ServiceCd=510&action_kouhyou_detail_feature_index=true,https://www.kaigokensaku.mhlw.go.jp/27/index.php?JigyosyoCd=2774005074-00&ServiceCd=510&action_kouhyou_detail_024_kihon=true
234,特別養護老人ホーム 豊泉家 北緑丘,特別養護老人ホーム,豊中市北緑丘2丁目9番5号,豊中市,2774001529,510,mhlw_name_address,1.0,待機人数のみ取得可能,,110,2,2025-12-11,0/0人,,,https://www.kaigokensaku.mhlw.go.jp/27/index.php?JigyosyoCd=2774001529-00&ServiceCd=510&action_kouhyou_detail_024_kani=true,http://www.housenka.com,2026-10-02T04:28:48+09:00,200,200,ok,,https://www.kaigokensaku.mhlw.go.jp/27/index.php?JigyosyoCd=2774001529-00&ServiceCd=510&action_kouhyou_detail_feature_index=true,https://www.kaigokensaku.mhlw.go.jp/27/index.php?JigyosyoCd=2774001529-00&ServiceCd=510&action_kouhyou_detail_024_kihon=true
235,特別養護老人ホーム 豊中グリーンヒル,特別養護老人ホーム,豊中市緑丘３－３３０－２,豊中市,2774000414,510,mhlw_name_address,1.0,空床取得可能,0,108,247,2025-09-21,0/105人,厚労省公式,https://www.kaigokensaku.mhlw.go.jp/27/index.php?JigyosyoCd=2774000414-00&ServiceCd=510&action_kouhyou_detail_feature_index=true,https://www.kaigokensaku.mhlw.go.jp/27/index.php?JigyosyoCd=2774000414-00&ServiceCd=510&action_kouhyou_detail_024_kani=true,,2026-10-02T04:28:54+09:00,200,200,ok,,https://www.kaigokensaku.mhlw.go.jp/27/index.php?JigyosyoCd=2774000414-00&ServiceCd=510&action_kouhyou_detail_feature_index=true,https://www.kaigokensaku.mhlw.go.jp/27/index.php?JigyosyoCd=2774000414-00&ServiceCd=510&action_kouhyou_detail_024_kihon=true
236,特別養護老人ホーム 豊中千寿園,特別養護老人ホーム,豊中市東豊中町六丁目１０番４７号,豊中市,2774005025,510,mhlw_name_address,1.0,空床取得可能,2,100,0,2024-05-05,2/100人,厚労省公式,https://www.kaigokensaku.mhlw.go.jp/27/index.php?JigyosyoCd=2774005025-00&ServiceCd=510&action_kouhyou_detail_feature_index=true,https://www.kaigokensaku.mhlw.go.jp/27/index.php?JigyosyoCd=2774005025-00&ServiceCd=510&action_kouhyou_detail_024_kihon=true,,2026-10-02T04:28:57+09:00,200,200,ok,,https://www.kaigokensaku.mhlw.go.jp/27/index.php?JigyosyoCd=2774005025-00&ServiceCd=510&action_kouhyou_detail_feature_index=true,https://www.kaigokensaku.mhlw.go.jp/27/index.php?JigyosyoCd=2774005025-00&ServiceCd=510&action_kouhyou_detail_024_kihon=true
237,特別養護老人ホーム ふるる,特別養護老人ホーム,豊中市小曽根4丁目5-1,豊中市,2774002584,510,mhlw_name_address,1.0,待機人数のみ取得可能,,97,10,2019-10-17,0/0人,,,https://www.kaigokensaku.mhlw.go.jp/27/index.php?JigyosyoCd=2774002584-00&ServiceCd=510&action_kouhyou_detail_024_kani=true,http://www.fururu-home.com,2026-10-02T04:29:01+09:00,200,200,ok,,https://www.kaigokensaku.mhlw.go.jp/27/index.php?JigyosyoCd=2774002584-00&ServiceCd=510&action_kouhyou_detail_feature_index=true,https://www.kaigokensaku.mhlw.go.jp/27/index.php?JigyosyoCd=2774002584-00&ServiceCd=510&action_kouhyou_detail_024_kihon=true
238,特別養護老人ホーム ロココ豊中,特別養護老人ホーム,豊中市宝山町7番8号,豊中市,2774003541,510,mhlw_name_address,1.0,空床取得可能,0,97,0,2024-02-08,0/95人,厚労省公式,https://www.kaigokensaku.mhlw.go.jp/27/index.php?JigyosyoCd=2774003541-00&ServiceCd=510&action_kouhyou_detail_feature_index=true,https://www.kaigokensaku.mhlw.go.jp/27/index.php?JigyosyoCd=2774003541-00&ServiceCd=510&action_kouhyou_detail_024_kihon=true,,2026-10-02T04:29:08+09:00,200,200,ok,,https://www.kaigokensaku.mhlw.go.jp/27/index.php?JigyosyoCd=2774003541-00&ServiceCd=510&action_kouhyou_detail_feature_index=true,https://www.kaigokensaku.mhlw.go.jp/27/index.php?JigyosyoCd=2774003541-00&ServiceCd=510&action_kouhyou_detail_024_kihon=true
239,特別養護老人ホーム 豊中あいわ苑,特別養護老人ホーム,豊中市寺内1丁目1番10号,豊中市,2774001933,510,mhlw_name_address,1.0,待機人数のみ取得可能,,82,248,2026-10-01,0/0人,,,https://www.kaigokensaku.mhlw.go.jp/27/index.php?JigyosyoCd=2774001933-00&ServiceCd=510&action_kouhyou_detail_024_kani=true,http://www.aijinkai.or.jp/aiwaen/,2026-10-02T04:29:12+09:00,200,200,ok,,https://www.kaigokensaku.mhlw.go.jp/27/index.php?JigyosyoCd=2774001933-00&ServiceCd=510&action_kouhyou_detail_feature_index=true,https://www.kaigokensaku.mhlw.go.jp/27/index.php?JigyosyoCd=2774001933-00&ServiceCd=510&action_kouhyou_detail_024_kihon=true
240,特別養護老人ホームほづみ,特別養護老人ホーム,豊中市穂積一丁目9番1号,豊中市,2774000687,510,mhlw_name_address,1.0,待機人数のみ取得可能,,82,107,2025-10-15,0/0人,,,https://www.kaigokensaku.mhlw.go.jp/27/index.php?JigyosyoCd=2774000687-00&ServiceCd=510&action_kouhyou_detail_024_kani=true,https://www.shoujyukai.com/,2026-10-02T04:29:16+09:00,200,200,ok,,https://www.kaigokensaku.mhlw.go.jp/27/index.php?JigyosyoCd=2774000687-00&ServiceCd=510&action_kouhyou_detail_feature_index=true,https://www.kaigokensaku.mhlw.go.jp/27/index.php?JigyosyoCd=2774000687-00&ServiceCd=510&action_kouhyou_detail_024_kihon=true
241,特別養護老人ホームユーフォリア豊中,特別養護老人ホーム,豊中市勝部1-12-21ユーフォリア豊中,豊中市,2774001495,510,mhlw_name_address,1.0,待機人数のみ取得可能,,82,36,2017-10-05,0/0人,,,https://www.kaigokensaku.mhlw.go.jp/27/index.php?JigyosyoCd=2774001495-00&ServiceCd=510&action_kouhyou_detail_024_kani=true,http://www.euphoria-toyonaka.com/,2026-10-02T04:29:21+09:00,200,200,ok,,https://www.kaigokensaku.mhlw.go.jp/27/index.php?JigyosyoCd=2774001495-00&ServiceCd=510&action_kouhyou_detail_feature_index=true,https://www.kaigokensaku.mhlw.go.jp/27/index.php?JigyosyoCd=2774001495-00&ServiceCd=510&action_kouhyou_detail_024_kihon=true
242,特別養護老人ホーム アリス千里,特別養護老人ホーム,豊中市新千里北町1-18-2,豊中市,2774001297,510,mhlw_name_address,1.0,待機人数のみ取得可能,,68,98,2024-02-12,0/0人,,,https://www.kaigokensaku.mhlw.go.jp/27/index.php?JigyosyoCd=2774001297-00&ServiceCd=510&action_kouhyou_detail_024_kani=true,http://www.toyonakafamily.com/,2026-10-02T04:29:25+09:00,200,200,ok,,https://www.kaigokensaku.mhlw.go.jp/27/index.php?JigyosyoCd=2774001297-00&ServiceCd=510&action_kouhyou_detail_feature_index=true,https://www.kaigokensaku.mhlw.go.jp/27/index.php?JigyosyoCd=2774001297-00&ServiceCd=510&action_kouhyou_detail_024_kihon=true
243,特別養護老人ホームきらぼし,特別養護老人ホーム,豊中市上新田２丁目１７番１号,豊中市,2774001719,510,mhlw_name_address,1.0,待機人数のみ取得可能,,60,43,2017-10-04,0/0人,,,https://www.kaigokensaku.mhlw.go.jp/27/index.php?JigyosyoCd=2774001719-00&ServiceCd=510&action_kouhyou_detail_024_kani=true,http://www.kiraboshi.jp,2026-10-02T04:29:29+09:00,200,200,ok,,https://www.kaigokensaku.mhlw.go.jp/27/index.php?JigyosyoCd=2774001719-00&ServiceCd=510&action_kouhyou_detail_feature_index=true,https://www.kaigokensaku.mhlw.go.jp/27/index.php?JigyosyoCd=2774001719-00&ServiceCd=510&action_kouhyou_detail_024_kihon=true
244,特別養護老人ホーム淳風とよなか,特別養護老人ホーム,豊中市二葉町2-4-5,豊中市,2774000851,510,mhlw_name_address,1.0,空床取得可能,0,65,0,2025-11-20,0/60人,厚労省公式,https://www.kaigokensaku.mhlw.go.jp/27/index.php?JigyosyoCd=2774000851-00&ServiceCd=510&action_kouhyou_detail_feature_index=true,https://www.kaigokensaku.mhlw.go.jp/27/index.php?JigyosyoCd=2774000851-00&ServiceCd=510&action_kouhyou_detail_024_kani=true,,2026-10-02T04:29:34+09:00,200,200,ok,,https://www.kaigokensaku.mhlw.go.jp/27/index.php?JigyosyoCd=2774000851-00&ServiceCd=510&action_kouhyou_detail_feature_index=true,https://www.kaigokensaku.mhlw.go.jp/27/index.php?JigyosyoCd=2774000851-00&ServiceCd=510&action_kouhyou_detail_024_kihon=true
245,特別養護老人ホーム豊寿荘,特別養護老人ホーム,豊中市新千里西町二丁目7番2号,豊中市,2774003327,510,mhlw_name_address,1.0,待機人数のみ取得可能,,50,71,2026-09-27,0/0人,,,https://www.kaigokensaku.mhlw.go.jp/27/index.php?JigyosyoCd=2774003327-00&ServiceCd=510&action_kouhyou_detail_024_kani=true,http://www.osj.or.jp/houju/,2026-10-02T04:29:38+09:00,200,200,ok,,https://www.kaigokensaku.mhlw.go.jp/27/index.php?JigyosyoCd=2774003327-00&ServiceCd=510&action_kouhyou_detail_feature_index=true,https://www.kaigokensaku.mhlw.go.jp/27/index.php?JigyosyoCd=2774003327-00&ServiceCd=510&action_kouhyou_detail_024_kihon=true
246,特別養護老人ホーム美豊苑,特別養護老人ホーム,豊中市箕輪2-13-12,豊中市,2774003491,510,mhlw_name_address,1.0,空床取得可能,0,45,18,2024-12-25,0/45人,厚労省公式,https://www.kaigokensaku.mhlw.go.jp/27/index.php?JigyosyoCd=2774003491-00&ServiceCd=510&action_kouhyou_detail_feature_index=true,https://www.kaigokensaku.mhlw.go.jp/27/index.php?JigyosyoCd=2774003491-00&ServiceCd=510&action_kouhyou_detail_024_kani=true,,2026-10-02T04:29:47+09:00,200,200,ok,,https://www.kaigokensaku.mhlw.go.jp/27/index.php?JigyosyoCd=2774003491-00&ServiceCd=510&action_kouhyou_detail_feature_index=true,https://www.kaigokensaku.mhlw.go.jp/27/index.php?JigyosyoCd=2774003491-00&ServiceCd=510&action_kouhyou_detail_024_kihon=true
247,地域密着型特別養護老人ホーム 刀根山美豊苑,特別養護老人ホーム,豊中市刀根山６丁目７－１２番,豊中市,2794000766,540,mhlw_name_address,1.0,空床取得可能,0,29,,2024-12-24,0/29人,厚労省公式,https://www.kaigokensaku.mhlw.go.jp/27/index.php?JigyosyoCd=2794000766-00&ServiceCd=540&action_kouhyou_detail_feature_index=true,,,2026-10-02T04:29:50+09:00,200,200,ok,,https://www.kaigokensaku.mhlw.go.jp/27/index.php?JigyosyoCd=2794000766-00&ServiceCd=540&action_kouhyou_detail_feature_index=true,https://www.kaigokensaku.mhlw.go.jp/27/index.php?JigyosyoCd=2794000766-00&ServiceCd=540&action_kouhyou_detail_026_kihon=true
248,特別養護老人ホーム利倉清豊苑,特別養護老人ホーム,豊中市利倉3-4-19,豊中市,2794000733,540,mhlw_name_address,1.0,空床取得可能,0,29,,2025-09-19,0/29人,厚労省公式,https://www.kaigokensaku.mhlw.go.jp/27/index.php?JigyosyoCd=2794000733-00&ServiceCd=540&action_kouhyou_detail_feature_index=true,,,2026-10-02T04:29:54+09:00,200,200,ok,,https://www.kaigokensaku.mhlw.go.jp/27/index.php?JigyosyoCd=2794000733-00&ServiceCd=540&action_kouhyou_detail_feature_index=true,https://www.kaigokensaku.mhlw.go.jp/27/index.php?JigyosyoCd=2794000733-00&ServiceCd=540&action_kouhyou_detail_026_kihon=true
249,特別養護老人ホーム清浄苑,特別養護老人ホーム,豊中市豊南町東2-10-1,豊中市,2794001079,540,mhlw_name_address,1.0,取得不可,,29,,,0/0人,,,,http://kyouseikai.org,2026-10-02T04:29:57+09:00,200,200,ok,,https://www.kaigokensaku.mhlw.go.jp/27/index.php?JigyosyoCd=2794001079-00&ServiceCd=540&action_kouhyou_detail_feature_index=true,https://www.kaigokensaku.mhlw.go.jp/27/index.php?JigyosyoCd=2794001079-00&ServiceCd=540&action_kouhyou_detail_026_kihon=true
250,特別養護老人ホーム清揚苑,特別養護老人ホーム,豊中市庄内宝町1-4-5,豊中市,2794001020,540,mhlw_name_address,1.0,取得不可,,29,,2023-09-30,0/0人,,,,https://kyouseikai.org/,2026-10-02T04:30:03+09:00,200,200,ok,,https://www.kaigokensaku.mhlw.go.jp/27/index.php?JigyosyoCd=2794001020-00&ServiceCd=540&action_kouhyou_detail_feature_index=true,https://www.kaigokensaku.mhlw.go.jp/27/index.php?JigyosyoCd=2794001020-00&ServiceCd=540&action_kouhyou_detail_026_kihon=true
251,地域密着型特別養護老人ホームふるる,特別養護老人ホーム,豊中市浜3-8-4ふるる2号館,豊中市,2794000279,540,mhlw_name_address,1.0,空床取得可能,1,29,,2025-10-17,1/29人,厚労省公式,https://www.kaigokensaku.mhlw.go.jp/27/index.php?JigyosyoCd=2794000279-00&ServiceCd=540&action_kouhyou_detail_feature_index=true,,,2026-10-01T04:27:29+09:00,200,200,ok,,https://www.kaigokensaku.mhlw.go.jp/27/index.php?JigyosyoCd=2794000279-00&ServiceCd=540&action_kouhyou_detail_feature_index=true,https://www.kaigokensaku.mhlw.go.jp/27/index.php?JigyosyoCd=2794000279-00&ServiceCd=540&action_kouhyou_detail_026_kihon=true
252,特別養護老人ホーム宙（すばる）豊中,特別養護老人ホーム,豊中市永楽荘４丁目１番３号,豊中市,2794000592,540,mhlw_name_address,1.0,空床取得可能,0,29,,2022-11-04,0/29人,厚労省公式,https://www.kaigokensaku.mhlw.go.jp/27/index.php?JigyosyoCd=2794000592-00&ServiceCd=540&action_kouhyou_detail_feature_index=true,,,2026-10-01T04:27:35+09:00,200,200,ok,,https://www.kaigokensaku.mhlw.go.jp/27/index.php?JigyosyoCd=2794000592-00&ServiceCd=540&action_kouhyou_detail_feature_index=true,https://www.kaigokensaku.mhlw.go.jp/27/index.php?JigyosyoCd=2794000592-00&ServiceCd=540&action_kouhyou_detail_026_kihon=true
253,特別養護老人ホーム永寿園とよなか,特別養護老人ホーム,豊中市新千里南町三丁目2番地122,豊中市,2794000444,540,mhlw_name_address,1.0,空床取得可能,0,29,,2025-10-07,0/29人,厚労省公式,https://www.kaigokensaku.mhlw.go.jp/27/index.php?JigyosyoCd=2794000444-00&ServiceCd=540&action_kouhyou_detail_feature_index=true,,,2026-10-01T04:27:39+09:00,200,200,ok,,https://www.kaigokensaku.mhlw.go.jp/27/index.php?JigyosyoCd=2794000444-00&ServiceCd=540&action_kouhyou_detail_feature_index=true,https://www.kaigokensaku.mhlw.go.jp/27/index.php?JigyosyoCd=2794000444-00&ServiceCd=540&action_kouhyou_detail_026_kihon=true
254,地域密着型特別養護老人ホーム 淳風とよなか,特別養護老人ホーム,豊中市二葉町2丁目4番5号,豊中市,2794000873,540,mhlw_name_address,1.0,空床取得可能,0,29,,2025-10-12,0/29人,厚労省公式,https://www.kaigokensaku.mhlw.go.jp/27/index.php?JigyosyoCd=2794000873-00&ServiceCd=540&action_kouhyou_detail_feature_index=true,,,2026-10-01T04:27:44+09:00,200,200,ok,,https://www.kaigokensaku.mhlw.go.jp/27/index.php?JigyosyoCd=2794000873-00&ServiceCd=540&action_kouhyou_detail_feature_index=true,https://www.kaigokensaku.mhlw.go.jp/27/index.php?JigyosyoCd=2794000873-00&ServiceCd=540&action_kouhyou_detail_026_kihon=true
255,特別養護老人ホーム アイテラス利倉,特別養護老人ホーム,豊中市利倉西1-1-11,豊中市,2794000527,540,mhlw_name_address,1.0,取得不可,,29,,,0/0人,,,,http://yuuai-fukushikai.jp,2026-10-01T04:27:47+09:00,200,200,ok,,https://www.kaigokensaku.mhlw.go.jp/27/index.php?JigyosyoCd=2794000527-00&ServiceCd=540&action_kouhyou_detail_feature_index=true,https://www.kaigokensaku.mhlw.go.jp/27/index.php?JigyosyoCd=2794000527-00&ServiceCd=540&action_kouhyou_detail_026_kihon=true
256,特別養護老人ホームみずほおおぞら,特別養護老人ホーム,豊中市走井三丁目5番35号,豊中市,2794000675,540,mhlw_name_address,1.0,取得不可,,29,,2025-10-12,0/0人,,,,http://piste1.wixsite.com/mizuhooozora,2026-10-01T04:27:53+09:00,200,200,ok,,https://www.kaigokensaku.mhlw.go.jp/27/index.php?JigyosyoCd=2794000675-00&ServiceCd=540&action_kouhyou_detail_feature_index=true,https://www.kaigokensaku.mhlw.go.jp/27/index.php?JigyosyoCd=2794000675-00&ServiceCd=540&action_kouhyou_detail_026_kihon=true
257,特別養護老人ホーム 古江台ホール,特別養護老人ホーム,池田市古江町18番地の2,池田市,2772500258,510,seed_code,1.0,待機人数のみ取得可能,,102,80,2026-02-06,0/0人,,,https://www.kaigokensaku.mhlw.go.jp/27/index.php?JigyosyoCd=2772500258-00&ServiceCd=510&action_kouhyou_detail_024_kani=true,https://nozomi-care.jp/,2026-10-01T04:27:57+09:00,200,200,ok,,https://www.kaigokensaku.mhlw.go.jp/27/index.php?JigyosyoCd=2772500258-00&ServiceCd=510&action_kouhyou_detail_feature_index=true,https://www.kaigokensaku.mhlw.go.jp/27/index.php?JigyosyoCd=2772500258-00&ServiceCd=510&action_kouhyou_detail_024_kihon=true
258,特別養護老人ホームポプラ,特別養護老人ホーム,池田市東山町555-1,池田市,2772501017,510,seed_code,1.0,空床取得可能,0,100,40,2025-09-16,0/100人,厚労省公式,https://www.kaigokensaku.mhlw.go.jp/27/index.php?JigyosyoCd=2772501017-00&ServiceCd=510&action_kouhyou_detail_feature_index=true,https://www.kaigokensaku.mhlw.go.jp/27/index.php?JigyosyoCd=2772501017-00&ServiceCd=510&action_kouhyou_detail_024_kani=true,,2026-10-01T04:28:02+09:00,200,200,ok,,https://www.kaigokensaku.mhlw.go.jp/27/index.php?JigyosyoCd=2772501017-00&ServiceCd=510&action_kouhyou_detail_feature_index=true,https://www.kaigokensaku.mhlw.go.jp/27/index.php?JigyosyoCd=2772501017-00&ServiceCd=510&action_kouhyou_detail_024_kihon=true
259,特別養護老人ホーム ハートフルふしお,特別養護老人ホーム,池田市伏尾町１２番地1,池田市,2772500209,510,seed_code,1.0,空床取得可能,0,84,77,2025-10-20,0/84人,厚労省公式,https://www.kaigokensaku.mhlw.go.jp/27/index.php?JigyosyoCd=2772500209-00&ServiceCd=510&action_kouhyou_detail_feature_index=true,https://www.kaigokensaku.mhlw.go.jp/27/index.php?JigyosyoCd=2772500209-00&ServiceCd=510&action_kouhyou_detail_024_kani=true,,2026-10-01T04:28:06+09:00,200,200,ok,,https://www.kaigokensaku.mhlw.go.jp/27/index.php?JigyosyoCd=2772500209-00&ServiceCd=510&action_kouhyou_detail_feature_index=true,https://www.kaigokensaku.mhlw.go.jp/27/index.php?JigyosyoCd=2772500209-00&ServiceCd=510&action_kouhyou_detail_024_kihon=true
260,ほほえみの園,特別養護老人ホーム,池田市建石町８番１０号,池田市,2772500357,510,seed_code,1.0,空床取得可能,0,60,85,2025-12-12,0/60人,厚労省公式,https://www.kaigokensaku.mhlw.go.jp/27/index.php?JigyosyoCd=2772500357-00&ServiceCd=510&action_kouhyou_detail_feature_index=true,https://www.kaigokensaku.mhlw.go.jp/27/index.php?JigyosyoCd=2772500357-00&ServiceCd=510&action_kouhyou_detail_024_kani=true,,2026-10-01T04:28:09+09:00,200,200,ok,,https://www.kaigokensaku.mhlw.go.jp/27/index.php?JigyosyoCd=2772500357-00&ServiceCd=510&action_kouhyou_detail_feature_index=true,https://www.kaigokensaku.mhlw.go.jp/27/index.php?JigyosyoCd=2772500357-00&ServiceCd=510&action_kouhyou_detail_024_kihon=true
261,特別養護老人ホームオレンジ池田,特別養護老人ホーム,池田市井口堂２丁目４番６号特別養護老人ホームオレンジ池田,池田市,2772502023,510,seed_code,1.0,空床取得可能,0,50,10,2026-09-17,0/50人,厚労省公式,https://www.kaigokensaku.mhlw.go.jp/27/index.php?JigyosyoCd=2772502023-00&ServiceCd=510&action_kouhyou_detail_feature_index=true,https://www.kaigokensaku.mhlw.go.jp/27/index.php?JigyosyoCd=2772502023-00&ServiceCd=510&action_kouhyou_detail_024_kani=true,,2026-10-01T04:28:13+09:00,200,200,ok,,https://www.kaigokensaku.mhlw.go.jp/27/index.php?JigyosyoCd=2772502023-00&ServiceCd=510&action_kouhyou_detail_feature_index=true,https://www.kaigokensaku.mhlw.go.jp/27/index.php?JigyosyoCd=2772502023-00&ServiceCd=510&action_kouhyou_detail_024_kihon=true
262,特別養護老人ホーム ハートフルこうだ,特別養護老人ホーム,池田市神田2-6-7,池田市,2792500064,540,mhlw_name_address,1.0,取得不可,,29,,2025-10-20,0/0人,,,,http://www.daikyokai.or.jp/h_kouda,2026-10-01T04:28:16+09:00,200,200,ok,,https://www.kaigokensaku.mhlw.go.jp/27/index.php?JigyosyoCd=2792500064-00&ServiceCd=540&action_kouhyou_detail_feature_index=true,https://www.kaigokensaku.mhlw.go.jp/27/index.php?JigyosyoCd=2792500064-00&ServiceCd=540&action_kouhyou_detail_026_kihon=true
263,ハートフルふしお紅葉館,特別養護老人ホーム,池田市伏尾町１２番地の１,池田市,2792500262,540,mhlw_name_address,1.0,空床取得可能,0,18,,2025-10-20,0/18人,厚労省公式,https://www.kaigokensaku.mhlw.go.jp/27/index.php?JigyosyoCd=2792500262-00&ServiceCd=540&action_kouhyou_detail_feature_index=true,,,2026-10-01T04:28:25+09:00,200,200,ok,,https://www.kaigokensaku.mhlw.go.jp/27/index.php?JigyosyoCd=2792500262-00&ServiceCd=540&action_kouhyou_detail_feature_index=true,https://www.kaigokensaku.mhlw.go.jp/27/index.php?JigyosyoCd=2792500262-00&ServiceCd=540&action_kouhyou_detail_026_kihon=true
264,特別養護老人ホームみなと弘済園,特別養護老人ホーム,吹田市古江台6-2-1,吹田市,2771607682,510,seed_code,1.0,空床取得可能,0,270,109,2025-09-20,0/270人,厚労省公式,https://www.kaigokensaku.mhlw.go.jp/27/index.php?JigyosyoCd=2771607682-00&ServiceCd=510&action_kouhyou_detail_feature_index=true,https://www.kaigokensaku.mhlw.go.jp/27/index.php?JigyosyoCd=2771607682-00&ServiceCd=510&action_kouhyou_detail_024_kani=true,,2026-10-01T04:28:28+09:00,200,200,ok,,https://www.kaigokensaku.mhlw.go.jp/27/index.php?JigyosyoCd=2771607682-00&ServiceCd=510&action_kouhyou_detail_feature_index=true,https://www.kaigokensaku.mhlw.go.jp/27/index.php?JigyosyoCd=2771607682-00&ServiceCd=510&action_kouhyou_detail_024_kihon=true
265,特別養護老人ホーム あす～る吹田,特別養護老人ホーム,吹田市岸部中２丁目７番１２号,吹田市,2771603095,510,seed_code,1.0,空床取得可能,0,140,100,2025-02-08,0/140人,厚労省公式,https://www.kaigokensaku.mhlw.go.jp/27/index.php?JigyosyoCd=2771603095-00&ServiceCd=510&action_kouhyou_detail_feature_index=true,https://www.kaigokensaku.mhlw.go.jp/27/index.php?JigyosyoCd=2771603095-00&ServiceCd=510&action_kouhyou_detail_024_kani=true,,2026-10-01T04:28:32+09:00,200,200,ok,,https://www.kaigokensaku.mhlw.go.jp/27/index.php?JigyosyoCd=2771603095-00&ServiceCd=510&action_kouhyou_detail_feature_index=true,https://www.kaigokensaku.mhlw.go.jp/27/index.php?JigyosyoCd=2771603095-00&ServiceCd=510&action_kouhyou_detail_024_kihon=true
266,特別養護老人ホーム メルヴェイユ吹田,特別養護老人ホーム,吹田市岸部南1-4-24,吹田市,2771602816,510,seed_code,1.0,待機人数のみ取得可能,,120,7,2017-09-24,0/0人,,,https://www.kaigokensaku.mhlw.go.jp/27/index.php?JigyosyoCd=2771602816-00&ServiceCd=510&action_kouhyou_detail_024_kani=true,http://www.aoyama-med.gr.jp/ontoku-welfare/merveille-suita,2026-10-01T04:28:35+09:00,200,200,ok,,https://www.kaigokensaku.mhlw.go.jp/27/index.php?JigyosyoCd=2771602816-00&ServiceCd=510&action_kouhyou_detail_feature_index=true,https://www.kaigokensaku.mhlw.go.jp/27/index.php?JigyosyoCd=2771602816-00&ServiceCd=510&action_kouhyou_detail_024_kihon=true
267,特別養護老人ホームみらい,特別養護老人ホーム,吹田市山田北５番１３号特別養護老人ホームみらい,吹田市,2771603426,510,seed_code,1.0,待機人数のみ取得可能,,100,10,2017-12-29,0/0人,,,https://www.kaigokensaku.mhlw.go.jp/27/index.php?JigyosyoCd=2771603426-00&ServiceCd=510&action_kouhyou_detail_024_kani=true,http://www.mirai-kai.com/,2026-10-01T04:28:42+09:00,200,200,ok,,https://www.kaigokensaku.mhlw.go.jp/27/index.php?JigyosyoCd=2771603426-00&ServiceCd=510&action_kouhyou_detail_feature_index=true,https://www.kaigokensaku.mhlw.go.jp/27/index.php?JigyosyoCd=2771603426-00&ServiceCd=510&action_kouhyou_detail_024_kihon=true
268,介護老人福祉施設 ちくりんの里,特別養護老人ホーム,吹田市春日 ２丁目２５番地１０号,吹田市,2771602527,510,seed_code,1.0,空床取得可能,0,100,20,2022-10-16,0/100人,厚労省公式,https://www.kaigokensaku.mhlw.go.jp/27/index.php?JigyosyoCd=2771602527-00&ServiceCd=510&action_kouhyou_detail_feature_index=true,https://www.kaigokensaku.mhlw.go.jp/27/index.php?JigyosyoCd=2771602527-00&ServiceCd=510&action_kouhyou_detail_024_kani=true,,2026-10-01T04:28:47+09:00,200,200,ok,,https://www.kaigokensaku.mhlw.go.jp/27/index.php?JigyosyoCd=2771602527-00&ServiceCd=510&action_kouhyou_detail_feature_index=true,https://www.kaigokensaku.mhlw.go.jp/27/index.php?JigyosyoCd=2771602527-00&ServiceCd=510&action_kouhyou_detail_024_kihon=true
269,特別養護老人ホーム吹田千寿園,特別養護老人ホーム,吹田市南吹田4-13-36,吹田市,2771606312,510,seed_code,1.0,空床取得可能,31,100,0,2025-03-26,31/100人,厚労省公式,https://www.kaigokensaku.mhlw.go.jp/27/index.php?JigyosyoCd=2771606312-00&ServiceCd=510&action_kouhyou_detail_feature_index=true,https://www.kaigokensaku.mhlw.go.jp/27/index.php?JigyosyoCd=2771606312-00&ServiceCd=510&action_kouhyou_detail_024_kihon=true,,2026-10-01T04:28:50+09:00,200,200,ok,,https://www.kaigokensaku.mhlw.go.jp/27/index.php?JigyosyoCd=2771606312-00&ServiceCd=510&action_kouhyou_detail_feature_index=true,https://www.kaigokensaku.mhlw.go.jp/27/index.php?JigyosyoCd=2771606312-00&ServiceCd=510&action_kouhyou_detail_024_kihon=true
270,特別養護老人ホームいのこの里,特別養護老人ホーム,吹田市山田西1-26-27,吹田市,2771601115,510,seed_code,1.0,待機人数のみ取得可能,,80,140,2025-09-17,0/0人,,,https://www.kaigokensaku.mhlw.go.jp/27/index.php?JigyosyoCd=2771601115-00&ServiceCd=510&action_kouhyou_detail_024_kani=true,http://www.kobatokai.jp/,2026-10-01T04:28:54+09:00,200,200,ok,,https://www.kaigokensaku.mhlw.go.jp/27/index.php?JigyosyoCd=2771601115-00&ServiceCd=510&action_kouhyou_detail_feature_index=true,https://www.kaigokensaku.mhlw.go.jp/27/index.php?JigyosyoCd=2771601115-00&ServiceCd=510&action_kouhyou_detail_024_kihon=true
271,特別養護老人ホームハピネスさんあい,特別養護老人ホーム,吹田市幸町22-5,吹田市,2771600992,510,seed_code,1.0,空床取得可能,0,84,379,2022-10-04,0/80人,厚労省公式,https://www.kaigokensaku.mhlw.go.jp/27/index.php?JigyosyoCd=2771600992-00&ServiceCd=510&action_kouhyou_detail_feature_index=true,https://www.kaigokensaku.mhlw.go.jp/27/index.php?JigyosyoCd=2771600992-00&ServiceCd=510&action_kouhyou_detail_024_kani=true,,2026-10-01T04:28:58+09:00,200,200,ok,,https://www.kaigokensaku.mhlw.go.jp/27/index.php?JigyosyoCd=2771600992-00&ServiceCd=510&action_kouhyou_detail_feature_index=true,https://www.kaigokensaku.mhlw.go.jp/27/index.php?JigyosyoCd=2771600992-00&ServiceCd=510&action_kouhyou_detail_024_kihon=true
272,吹田特別養護老人ホーム松風園,特別養護老人ホーム,吹田市川園町１番１号,吹田市,2771600232,510,seed_code,1.0,空床取得可能,0,80,158,2025-09-29,0/80人,厚労省公式,https://www.kaigokensaku.mhlw.go.jp/27/index.php?JigyosyoCd=2771600232-00&ServiceCd=510&action_kouhyou_detail_feature_index=true,https://www.kaigokensaku.mhlw.go.jp/27/index.php?JigyosyoCd=2771600232-00&ServiceCd=510&action_kouhyou_detail_024_kani=true,,2026-10-01T04:29:03+09:00,200,200,ok,,https://www.kaigokensaku.mhlw.go.jp/27/index.php?JigyosyoCd=2771600232-00&ServiceCd=510&action_kouhyou_detail_feature_index=true,https://www.kaigokensaku.mhlw.go.jp/27/index.php?JigyosyoCd=2771600232-00&ServiceCd=510&action_kouhyou_detail_024_kihon=true
273,社会福祉法人恩賜財団済生会支部大阪府済生会吹田特別養護老人ホーム高寿園,特別養護老人ホーム,吹田市山手町１－１－１,吹田市,2771600240,510,seed_code,1.0,待機人数のみ取得可能,,70,490,,0/0人,,,https://www.kaigokensaku.mhlw.go.jp/27/index.php?JigyosyoCd=2771600240-00&ServiceCd=510&action_kouhyou_detail_024_kani=true,http://www.suita.saiseikai.or.jp/koujyuen/,2026-10-01T04:29:06+09:00,200,200,ok,,https://www.kaigokensaku.mhlw.go.jp/27/index.php?JigyosyoCd=2771600240-00&ServiceCd=510&action_kouhyou_detail_feature_index=true,https://www.kaigokensaku.mhlw.go.jp/27/index.php?JigyosyoCd=2771600240-00&ServiceCd=510&action_kouhyou_detail_024_kihon=true
274,特別養護老人ホーム エバーグリーン,特別養護老人ホーム,吹田市江坂町４－２０－１,吹田市,2771600380,510,seed_code,1.0,空床取得可能,0,70,10,2025-10-19,0/70人,厚労省公式,https://www.kaigokensaku.mhlw.go.jp/27/index.php?JigyosyoCd=2771600380-00&ServiceCd=510&action_kouhyou_detail_feature_index=true,https://www.kaigokensaku.mhlw.go.jp/27/index.php?JigyosyoCd=2771600380-00&ServiceCd=510&action_kouhyou_detail_024_kani=true,,2026-10-01T04:29:35+09:00,200,200,ok,,https://www.kaigokensaku.mhlw.go.jp/27/index.php?JigyosyoCd=2771600380-00&ServiceCd=510&action_kouhyou_detail_feature_index=true,https://www.kaigokensaku.mhlw.go.jp/27/index.php?JigyosyoCd=2771600380-00&ServiceCd=510&action_kouhyou_detail_024_kihon=true
275,大阪市立弘済院第２特別養護老人ホーム,特別養護老人ホーム,吹田市古江台６－２－１,吹田市,2771600588,510,seed_code,1.0,待機人数のみ取得可能,,70,0,2016-11-07,0/0人,,,https://www.kaigokensaku.mhlw.go.jp/27/index.php?JigyosyoCd=2771600588-00&ServiceCd=510&action_kouhyou_detail_024_kihon=true,https://www.city.osaka.lg.jp/fukushi/page/0000507393.html,2026-10-01T04:29:38+09:00,200,200,ok,,https://www.kaigokensaku.mhlw.go.jp/27/index.php?JigyosyoCd=2771600588-00&ServiceCd=510&action_kouhyou_detail_feature_index=true,https://www.kaigokensaku.mhlw.go.jp/27/index.php?JigyosyoCd=2771600588-00&ServiceCd=510&action_kouhyou_detail_024_kihon=true
276,特別養護老人ホーム 緑風会イサベル,特別養護老人ホーム,吹田市岸部北５丁目４３番１０号,吹田市,2771602931,510,seed_code,1.0,空床取得可能,0,70,23,2025-10-11,0/70人,厚労省公式,https://www.kaigokensaku.mhlw.go.jp/27/index.php?JigyosyoCd=2771602931-00&ServiceCd=510&action_kouhyou_detail_feature_index=true,https://www.kaigokensaku.mhlw.go.jp/27/index.php?JigyosyoCd=2771602931-00&ServiceCd=510&action_kouhyou_detail_024_kani=true,,2026-10-01T04:29:45+09:00,200,200,ok,,https://www.kaigokensaku.mhlw.go.jp/27/index.php?JigyosyoCd=2771602931-00&ServiceCd=510&action_kouhyou_detail_feature_index=true,https://www.kaigokensaku.mhlw.go.jp/27/index.php?JigyosyoCd=2771602931-00&ServiceCd=510&action_kouhyou_detail_024_kihon=true
277,介護老人福祉施設吹田竜ヶ池ホーム,特別養護老人ホーム,吹田市原町３丁目２１番２５号,吹田市,2771603418,510,seed_code,1.0,空床取得可能,0,50,162,2025-10-06,0/50人,厚労省公式,https://www.kaigokensaku.mhlw.go.jp/27/index.php?JigyosyoCd=2771603418-00&ServiceCd=510&action_kouhyou_detail_feature_index=true,https://www.kaigokensaku.mhlw.go.jp/27/index.php?JigyosyoCd=2771603418-00&ServiceCd=510&action_kouhyou_detail_024_kani=true,,2026-10-01T04:29:48+09:00,200,200,ok,,https://www.kaigokensaku.mhlw.go.jp/27/index.php?JigyosyoCd=2771603418-00&ServiceCd=510&action_kouhyou_detail_feature_index=true,https://www.kaigokensaku.mhlw.go.jp/27/index.php?JigyosyoCd=2771603418-00&ServiceCd=510&action_kouhyou_detail_024_kihon=true
278,特別養護老人ホーム 青藍荘,特別養護老人ホーム,吹田市佐竹台２丁目３番１号,吹田市,2771600356,510,seed_code,1.0,空床取得可能,0,50,200,2026-09-21,0/50人,厚労省公式,https://www.kaigokensaku.mhlw.go.jp/27/index.php?JigyosyoCd=2771600356-00&ServiceCd=510&action_kouhyou_detail_feature_index=true,https://www.kaigokensaku.mhlw.go.jp/27/index.php?JigyosyoCd=2771600356-00&ServiceCd=510&action_kouhyou_detail_024_kani=true,,2026-10-01T04:29:52+09:00,200,200,ok,,https://www.kaigokensaku.mhlw.go.jp/27/index.php?JigyosyoCd=2771600356-00&ServiceCd=510&action_kouhyou_detail_feature_index=true,https://www.kaigokensaku.mhlw.go.jp/27/index.php?JigyosyoCd=2771600356-00&ServiceCd=510&action_kouhyou_detail_024_kihon=true
279,特別養護老人ホーム 寿楽荘,特別養護老人ホーム,吹田市岸部北４丁目９番３号,吹田市,2771600554,510,seed_code,1.0,待機人数のみ取得可能,,50,372,2017-09-10,0/0人,,,https://www.kaigokensaku.mhlw.go.jp/27/index.php?JigyosyoCd=2771600554-00&ServiceCd=510&action_kouhyou_detail_024_kani=true,http://juraku-osaka.jp,2026-10-01T04:29:55+09:00,200,200,ok,,https://www.kaigokensaku.mhlw.go.jp/27/index.php?JigyosyoCd=2771600554-00&ServiceCd=510&action_kouhyou_detail_feature_index=true,https://www.kaigokensaku.mhlw.go.jp/27/index.php?JigyosyoCd=2771600554-00&ServiceCd=510&action_kouhyou_detail_024_kihon=true
280,地域密着型特別養護老人ホーム アリス佐竹台,特別養護老人ホーム,吹田市佐竹台5-3-20,吹田市,2791600832,540,mhlw_name_address,1.0,取得不可,,29,,,,,,,https://toyonakafamily.com/,2026-10-01T04:30:00+09:00,200,200,ok,,https://www.kaigokensaku.mhlw.go.jp/27/index.php?JigyosyoCd=2791600832-00&ServiceCd=540&action_kouhyou_detail_feature_index=true,https://www.kaigokensaku.mhlw.go.jp/27/index.php?JigyosyoCd=2791600832-00&ServiceCd=540&action_kouhyou_detail_026_kihon=true
281,特別養護老人ホーム 陽翠苑,特別養護老人ホーム,吹田市南吹田1－1－22,吹田市,2791600592,540,mhlw_name_address,1.0,空床取得可能,0,29,,2025-10-12,0/29人,厚労省公式,https://www.kaigokensaku.mhlw.go.jp/27/index.php?JigyosyoCd=2791600592-00&ServiceCd=540&action_kouhyou_detail_feature_index=true,,,2026-10-01T04:30:05+09:00,200,200,ok,,https://www.kaigokensaku.mhlw.go.jp/27/index.php?JigyosyoCd=2791600592-00&ServiceCd=540&action_kouhyou_detail_feature_index=true,https://www.kaigokensaku.mhlw.go.jp/27/index.php?JigyosyoCd=2791600592-00&ServiceCd=540&action_kouhyou_detail_026_kihon=true
282,特別養護老人ホーム ハピネスさんあいNext,特別養護老人ホーム,吹田市幸町25番1号,吹田市,2791600816,540,mhlw_name_address,1.0,取得不可,,29,,,,,,,http://www.happiness-sanai.com/,2026-10-01T04:30:08+09:00,200,200,ok,,https://www.kaigokensaku.mhlw.go.jp/27/index.php?JigyosyoCd=2791600816-00&ServiceCd=540&action_kouhyou_detail_feature_index=true,https://www.kaigokensaku.mhlw.go.jp/27/index.php?JigyosyoCd=2791600816-00&ServiceCd=540&action_kouhyou_detail_026_kihon=true
283,地域密着型特別養護老人ホーム 憩～北千里～,特別養護老人ホーム,吹田市古江台3丁目9番2号,吹田市,2791600717,540,mhlw_name_address,1.0,取得不可,,29,,,,,,,https://nisitanikai.jp/,2026-10-01T04:30:14+09:00,200,200,ok,,https://www.kaigokensaku.mhlw.go.jp/27/index.php?JigyosyoCd=2791600717-00&ServiceCd=540&action_kouhyou_detail_feature_index=true,https://www.kaigokensaku.mhlw.go.jp/27/index.php?JigyosyoCd=2791600717-00&ServiceCd=540&action_kouhyou_detail_026_kihon=true
284,地域密着型特別養護老人ホーム憩～江坂～,特別養護老人ホーム,吹田市江坂町2-14-22,吹田市,2791600295,540,mhlw_name_address,1.0,空床取得可能,0,29,,2019-09-14,0/29人,厚労省公式,https://www.kaigokensaku.mhlw.go.jp/27/index.php?JigyosyoCd=2791600295-00&ServiceCd=540&action_kouhyou_detail_feature_index=true,,,2026-10-01T04:30:19+09:00,200,200,ok,,https://www.kaigokensaku.mhlw.go.jp/27/index.php?JigyosyoCd=2791600295-00&ServiceCd=540&action_kouhyou_detail_feature_index=true,https://www.kaigokensaku.mhlw.go.jp/27/index.php?JigyosyoCd=2791600295-00&ServiceCd=540&action_kouhyou_detail_026_kihon=true
285,地域密着型特別養護老人ホーム 縁,特別養護老人ホーム,吹田市千里山竹園1-50-18離宮千里山,吹田市,2791600246,540,mhlw_name_address,1.0,取得不可,,29,,2025-10-20,0/0人,,,,http://www.rokushinkai.jp,2026-10-01T04:30:22+09:00,200,200,ok,,https://www.kaigokensaku.mhlw.go.jp/27/index.php?JigyosyoCd=2791600246-00&ServiceCd=540&action_kouhyou_detail_feature_index=true,https://www.kaigokensaku.mhlw.go.jp/27/index.php?JigyosyoCd=2791600246-00&ServiceCd=540&action_kouhyou_detail_026_kihon=true
286,特別養護老人ホーム スローライフ千里,特別養護老人ホーム,吹田市千里万博公園6-8,吹田市,2791600105,540,mhlw_name_address,1.0,取得不可,,29,,2017-10-15,0/0人,,,,http://www.slowlife.or.jp,2026-10-01T04:30:30+09:00,200,200,ok,,https://www.kaigokensaku.mhlw.go.jp/27/index.php?JigyosyoCd=2791600105-00&ServiceCd=540&action_kouhyou_detail_feature_index=true,https://www.kaigokensaku.mhlw.go.jp/27/index.php?JigyosyoCd=2791600105-00&ServiceCd=540&action_kouhyou_detail_026_kihon=true
287,地域密着型特別養護老人ホーム メヌホット千里丘,特別養護老人ホーム,吹田市千里丘北1番3-2号メヌホット千里丘,吹田市,2791600261,540,mhlw_name_address,1.0,空床取得可能,1,29,,2025-12-12,1/29人,厚労省公式,https://www.kaigokensaku.mhlw.go.jp/27/index.php?JigyosyoCd=2791600261-00&ServiceCd=540&action_kouhyou_detail_feature_index=true,,,2026-10-01T04:30:39+09:00,200,200,ok,,https://www.kaigokensaku.mhlw.go.jp/27/index.php?JigyosyoCd=2791600261-00&ServiceCd=540&action_kouhyou_detail_feature_index=true,https://www.kaigokensaku.mhlw.go.jp/27/index.php?JigyosyoCd=2791600261-00&ServiceCd=540&action_kouhyou_detail_026_kihon=true
288,地域密着型特別養護老人ホーム はるる,特別養護老人ホーム,吹田市藤白台１丁目１番１号,吹田市,,540,unmatched_ambiguous,0.755,取得不可,,,,,,,,,,2026-10-01T04:30:42+09:00,,,unmatched_no_official_page,MHLW open data could not be matched with sufficient confidence,,
289,特別養護老人ホーム寿楽荘春日,特別養護老人ホーム,吹田市春日３丁目１７－１,吹田市,2771600554,510,mhlw_name_address,0.845,待機人数のみ取得可能,,50,372,2017-09-10,0/0人,,,https://www.kaigokensaku.mhlw.go.jp/27/index.php?JigyosyoCd=2771600554-00&ServiceCd=510&action_kouhyou_detail_024_kani=true,http://juraku-osaka.jp,2026-10-01T04:30:42+09:00,200,200,ok,,https://www.kaigokensaku.mhlw.go.jp/27/index.php?JigyosyoCd=2771600554-00&ServiceCd=510&action_kouhyou_detail_feature_index=true,https://www.kaigokensaku.mhlw.go.jp/27/index.php?JigyosyoCd=2771600554-00&ServiceCd=510&action_kouhyou_detail_024_kihon=true
290,特別養護老人ホームローズガーデン条南苑,特別養護老人ホーム,泉大津市東豊中町2丁目4番26号,泉大津市,2770600597,510,seed_code,1.0,空床取得可能,2,65,12,2024-12-22,2/65人,厚労省公式,https://www.kaigokensaku.mhlw.go.jp/27/index.php?JigyosyoCd=2770600597-00&ServiceCd=510&action_kouhyou_detail_feature_index=true,https://www.kaigokensaku.mhlw.go.jp/27/index.php?JigyosyoCd=2770600597-00&ServiceCd=510&action_kouhyou_detail_024_kani=true,,2026-10-01T04:30:47+09:00,200,200,ok,,https://www.kaigokensaku.mhlw.go.jp/27/index.php?JigyosyoCd=2770600597-00&ServiceCd=510&action_kouhyou_detail_feature_index=true,https://www.kaigokensaku.mhlw.go.jp/27/index.php?JigyosyoCd=2770600597-00&ServiceCd=510&action_kouhyou_detail_024_kihon=true
291,特別養護老人ホーム オズ,特別養護老人ホーム,泉大津市菅原町１０－３３,泉大津市,2770600076,510,seed_code,1.0,空床取得可能,0,58,60,2025-12-27,0/58人,厚労省公式,https://www.kaigokensaku.mhlw.go.jp/27/index.php?JigyosyoCd=2770600076-00&ServiceCd=510&action_kouhyou_detail_feature_index=true,https://www.kaigokensaku.mhlw.go.jp/27/index.php?JigyosyoCd=2770600076-00&ServiceCd=510&action_kouhyou_detail_024_kani=true,,2026-10-01T04:30:50+09:00,200,200,ok,,https://www.kaigokensaku.mhlw.go.jp/27/index.php?JigyosyoCd=2770600076-00&ServiceCd=510&action_kouhyou_detail_feature_index=true,https://www.kaigokensaku.mhlw.go.jp/27/index.php?JigyosyoCd=2770600076-00&ServiceCd=510&action_kouhyou_detail_024_kihon=true
292,特別養護老人ホーム 覚寿園,特別養護老人ホーム,泉大津市曽根町2丁目2番38号,泉大津市,2770600100,510,seed_code,1.0,待機人数のみ取得可能,,58,30,2025-10-13,0/0人,,,https://www.kaigokensaku.mhlw.go.jp/27/index.php?JigyosyoCd=2770600100-00&ServiceCd=510&action_kouhyou_detail_024_kani=true,http://www.kakujuen.or.jp/,2026-10-01T04:30:53+09:00,200,200,ok,,https://www.kaigokensaku.mhlw.go.jp/27/index.php?JigyosyoCd=2770600100-00&ServiceCd=510&action_kouhyou_detail_feature_index=true,https://www.kaigokensaku.mhlw.go.jp/27/index.php?JigyosyoCd=2770600100-00&ServiceCd=510&action_kouhyou_detail_024_kihon=true
293,特別養護老人ホーム百楽園,特別養護老人ホーム,泉大津市板原町一丁目９番１８号,泉大津市,2770600084,510,seed_code,1.0,空床取得可能,0,57,25,2026-09-24,0/57人,厚労省公式,https://www.kaigokensaku.mhlw.go.jp/27/index.php?JigyosyoCd=2770600084-00&ServiceCd=510&action_kouhyou_detail_feature_index=true,https://www.kaigokensaku.mhlw.go.jp/27/index.php?JigyosyoCd=2770600084-00&ServiceCd=510&action_kouhyou_detail_024_kani=true,,2026-10-01T04:31:01+09:00,200,200,ok,,https://www.kaigokensaku.mhlw.go.jp/27/index.php?JigyosyoCd=2770600084-00&ServiceCd=510&action_kouhyou_detail_feature_index=true,https://www.kaigokensaku.mhlw.go.jp/27/index.php?JigyosyoCd=2770600084-00&ServiceCd=510&action_kouhyou_detail_024_kihon=true
294,特別養護老人ホーム 美休,特別養護老人ホーム,泉大津市河原町11番6号特別養護老人ホーム 美休,泉大津市,2770601843,510,seed_code,1.0,空床取得可能,0,50,3,2023-09-21,0/50人,厚労省公式,https://www.kaigokensaku.mhlw.go.jp/27/index.php?JigyosyoCd=2770601843-00&ServiceCd=510&action_kouhyou_detail_feature_index=true,https://www.kaigokensaku.mhlw.go.jp/27/index.php?JigyosyoCd=2770601843-00&ServiceCd=510&action_kouhyou_detail_024_kani=true,,2026-10-01T04:31:04+09:00,200,200,ok,,https://www.kaigokensaku.mhlw.go.jp/27/index.php?JigyosyoCd=2770601843-00&ServiceCd=510&action_kouhyou_detail_feature_index=true,https://www.kaigokensaku.mhlw.go.jp/27/index.php?JigyosyoCd=2770601843-00&ServiceCd=510&action_kouhyou_detail_024_kihon=true
295,特別養護老人ホームオズだいすき倶楽部,特別養護老人ホーム,泉大津市池浦町三丁目10番16号,泉大津市,2790600023,540,mhlw_name_address,1.0,取得不可,,29,,2017-09-27,0/0人,,,,http://oz-tokuyo.jp/,2026-10-01T04:31:08+09:00,200,200,ok,,https://www.kaigokensaku.mhlw.go.jp/27/index.php?JigyosyoCd=2790600023-00&ServiceCd=540&action_kouhyou_detail_feature_index=true,https://www.kaigokensaku.mhlw.go.jp/27/index.php?JigyosyoCd=2790600023-00&ServiceCd=540&action_kouhyou_detail_026_kihon=true
296,高槻黄金の里特別養護老人ホーム,特別養護老人ホーム,高槻市黄金の里1丁目14番8号,高槻市,2770900633,510,seed_code,1.0,待機人数のみ取得可能,,110,80,2016-10-12,0/0人,,,https://www.kaigokensaku.mhlw.go.jp/27/index.php?JigyosyoCd=2770900633-00&ServiceCd=510&action_kouhyou_detail_024_kani=true,http://www.kogane.or.jp,2026-10-01T04:31:12+09:00,200,200,ok,,https://www.kaigokensaku.mhlw.go.jp/27/index.php?JigyosyoCd=2770900633-00&ServiceCd=510&action_kouhyou_detail_feature_index=true,https://www.kaigokensaku.mhlw.go.jp/27/index.php?JigyosyoCd=2770900633-00&ServiceCd=510&action_kouhyou_detail_024_kihon=true
297,特別養護老人ホーム 和朗園,特別養護老人ホーム,高槻市井尻二丁目37-8,高槻市,2770901326,510,seed_code,1.0,待機人数のみ取得可能,,100,104,2025-10-18,0/0人,,,https://www.kaigokensaku.mhlw.go.jp/27/index.php?JigyosyoCd=2770901326-00&ServiceCd=510&action_kouhyou_detail_024_kani=true,http://www.kyousei-fukushi.or.jp/,2026-10-01T04:31:19+09:00,200,200,ok,,https://www.kaigokensaku.mhlw.go.jp/27/index.php?JigyosyoCd=2770901326-00&ServiceCd=510&action_kouhyou_detail_feature_index=true,https://www.kaigokensaku.mhlw.go.jp/27/index.php?JigyosyoCd=2770901326-00&ServiceCd=510&action_kouhyou_detail_024_kihon=true
298,特別養護老人ホームぐんげ今城の丘,特別養護老人ホーム,高槻市郡家本町１３番２３号,高槻市,2770903868,510,seed_code,1.0,待機人数のみ取得可能,,100,1,2015-09-13,0/0人,,,https://www.kaigokensaku.mhlw.go.jp/27/index.php?JigyosyoCd=2770903868-00&ServiceCd=510&action_kouhyou_detail_024_kihon=true,http://www.syunjyukai.or.jp/,2026-10-01T04:31:24+09:00,200,200,ok,,https://www.kaigokensaku.mhlw.go.jp/27/index.php?JigyosyoCd=2770903868-00&ServiceCd=510&action_kouhyou_detail_feature_index=true,https://www.kaigokensaku.mhlw.go.jp/27/index.php?JigyosyoCd=2770903868-00&ServiceCd=510&action_kouhyou_detail_024_kihon=true
299,介護老人福祉施設 高槻けやきの郷,特別養護老人ホーム,高槻市番田１丁目６０番１号,高槻市,2770901813,510,seed_code,1.0,待機人数のみ取得可能,,100,43,2025-10-12,0/0人,,,https://www.kaigokensaku.mhlw.go.jp/27/index.php?JigyosyoCd=2770901813-00&ServiceCd=510&action_kouhyou_detail_024_kani=true,http://swc-seikouen.jp/takatsuki/index.html,2026-10-01T04:31:29+09:00,200,200,ok,,https://www.kaigokensaku.mhlw.go.jp/27/index.php?JigyosyoCd=2770901813-00&ServiceCd=510&action_kouhyou_detail_feature_index=true,https://www.kaigokensaku.mhlw.go.jp/27/index.php?JigyosyoCd=2770901813-00&ServiceCd=510&action_kouhyou_detail_024_kihon=true
300,特別養護老人ホーム高槻荘,特別養護老人ホーム,高槻市郡家新町４８番７号,高槻市,2770901227,510,seed_code,1.0,待機人数のみ取得可能,,100,120,2024-12-25,0/0人,,,https://www.kaigokensaku.mhlw.go.jp/27/index.php?JigyosyoCd=2770901227-00&ServiceCd=510&action_kouhyou_detail_024_kani=true,https://takatsuki-huku2.wixsite.com/osj-takatukisou,2026-10-01T04:31:34+09:00,200,200,ok,,https://www.kaigokensaku.mhlw.go.jp/27/index.php?JigyosyoCd=2770901227-00&ServiceCd=510&action_kouhyou_detail_feature_index=true,https://www.kaigokensaku.mhlw.go.jp/27/index.php?JigyosyoCd=2770901227-00&ServiceCd=510&action_kouhyou_detail_024_kihon=true
301,特別養護老人ホーム 樫田の里,特別養護老人ホーム,高槻市大字田能小字畑子谷１５番地１,高槻市,2770902266,510,seed_code,1.0,空床取得可能,4,100,35,2025-10-17,4/100人,厚労省公式,https://www.kaigokensaku.mhlw.go.jp/27/index.php?JigyosyoCd=2770902266-00&ServiceCd=510&action_kouhyou_detail_feature_index=true,https://www.kaigokensaku.mhlw.go.jp/27/index.php?JigyosyoCd=2770902266-00&ServiceCd=510&action_kouhyou_detail_024_kani=true,,2026-10-01T04:31:40+09:00,200,200,ok,,https://www.kaigokensaku.mhlw.go.jp/27/index.php?JigyosyoCd=2770902266-00&ServiceCd=510&action_kouhyou_detail_feature_index=true,https://www.kaigokensaku.mhlw.go.jp/27/index.php?JigyosyoCd=2770902266-00&ServiceCd=510&action_kouhyou_detail_024_kihon=true
302,特別養護老人ホームリヴェスタ ひろの,特別養護老人ホーム,高槻市唐崎南３丁目３０番５号,高槻市,2770903256,510,seed_code,1.0,待機人数のみ取得可能,,100,20,2026-02-12,0/0人,,,https://www.kaigokensaku.mhlw.go.jp/27/index.php?JigyosyoCd=2770903256-00&ServiceCd=510&action_kouhyou_detail_024_kani=true,https://hironokai.com/,2026-10-01T04:31:46+09:00,200,200,ok,,https://www.kaigokensaku.mhlw.go.jp/27/index.php?JigyosyoCd=2770903256-00&ServiceCd=510&action_kouhyou_detail_feature_index=true,https://www.kaigokensaku.mhlw.go.jp/27/index.php?JigyosyoCd=2770903256-00&ServiceCd=510&action_kouhyou_detail_024_kihon=true
303,特別養護老人ホームエイペックスひろの,特別養護老人ホーム,高槻市前島1丁目36番1号,高槻市,2770900831,510,seed_code,1.0,待機人数のみ取得可能,,95,40,2025-09-27,0/0人,,,https://www.kaigokensaku.mhlw.go.jp/27/index.php?JigyosyoCd=2770900831-00&ServiceCd=510&action_kouhyou_detail_024_kani=true,https://hironokai.com/,2026-10-01T04:31:51+09:00,200,200,ok,,https://www.kaigokensaku.mhlw.go.jp/27/index.php?JigyosyoCd=2770900831-00&ServiceCd=510&action_kouhyou_detail_feature_index=true,https://www.kaigokensaku.mhlw.go.jp/27/index.php?JigyosyoCd=2770900831-00&ServiceCd=510&action_kouhyou_detail_024_kihon=true
304,特別養護老人ホーム出丸苑,特別養護老人ホーム,高槻市出丸町４番６２号,高槻市,2770902597,510,seed_code,1.0,待機人数のみ取得可能,,95,65,2025-12-25,0/0人,,,https://www.kaigokensaku.mhlw.go.jp/27/index.php?JigyosyoCd=2770902597-00&ServiceCd=510&action_kouhyou_detail_024_kani=true,http://demaruen-takatsuki.com,2026-10-01T04:31:56+09:00,200,200,ok,,https://www.kaigokensaku.mhlw.go.jp/27/index.php?JigyosyoCd=2770902597-00&ServiceCd=510&action_kouhyou_detail_feature_index=true,https://www.kaigokensaku.mhlw.go.jp/27/index.php?JigyosyoCd=2770902597-00&ServiceCd=510&action_kouhyou_detail_024_kihon=true
305,特別養護老人ホームひばり苑,特別養護老人ホーム,高槻市三箇牧二丁目20番3号,高槻市,2770901953,510,seed_code,1.0,待機人数のみ取得可能,,93,18,2025-10-18,0/0人,,,https://www.kaigokensaku.mhlw.go.jp/27/index.php?JigyosyoCd=2770901953-00&ServiceCd=510&action_kouhyou_detail_024_kani=true,http://tahoukai-hibarien.com,2026-10-01T04:32:02+09:00,200,200,ok,,https://www.kaigokensaku.mhlw.go.jp/27/index.php?JigyosyoCd=2770901953-00&ServiceCd=510&action_kouhyou_detail_feature_index=true,https://www.kaigokensaku.mhlw.go.jp/27/index.php?JigyosyoCd=2770901953-00&ServiceCd=510&action_kouhyou_detail_024_kihon=true
306,特別養護老人ホーム 高槻ともしび苑,特別養護老人ホーム,高槻市安岡寺町6丁目6番1号,高槻市,2770900393,510,seed_code,1.0,待機人数のみ取得可能,,85,84,2017-12-26,0/0人,,,https://www.kaigokensaku.mhlw.go.jp/27/index.php?JigyosyoCd=2770900393-00&ServiceCd=510&action_kouhyou_detail_024_kani=true,http://tomoshibifukushikai.jp/,2026-10-01T04:32:09+09:00,200,200,ok,,https://www.kaigokensaku.mhlw.go.jp/27/index.php?JigyosyoCd=2770900393-00&ServiceCd=510&action_kouhyou_detail_feature_index=true,https://www.kaigokensaku.mhlw.go.jp/27/index.php?JigyosyoCd=2770900393-00&ServiceCd=510&action_kouhyou_detail_024_kihon=true
307,特別養護老人ホーム れんげ荘,特別養護老人ホーム,高槻市三島江４丁目３８番７号,高槻市,2770900849,510,seed_code,1.0,待機人数のみ取得可能,,80,100,2024-12-03,0/0人,,,https://www.kaigokensaku.mhlw.go.jp/27/index.php?JigyosyoCd=2770900849-00&ServiceCd=510&action_kouhyou_detail_024_kani=true,http://www.rengesou.or.jp,2026-10-01T04:32:16+09:00,200,200,ok,,https://www.kaigokensaku.mhlw.go.jp/27/index.php?JigyosyoCd=2770900849-00&ServiceCd=510&action_kouhyou_detail_feature_index=true,https://www.kaigokensaku.mhlw.go.jp/27/index.php?JigyosyoCd=2770900849-00&ServiceCd=510&action_kouhyou_detail_024_kihon=true
308,グリーン特別養護老人ホーム,特別養護老人ホーム,高槻市奈佐原4-7-15,高槻市,2770901359,510,seed_code,1.0,待機人数のみ取得可能,,70,550,2018-09-28,0/0人,,,https://www.kaigokensaku.mhlw.go.jp/27/index.php?JigyosyoCd=2770901359-00&ServiceCd=510&action_kouhyou_detail_024_kani=true,,2026-10-01T04:32:22+09:00,200,200,ok,,https://www.kaigokensaku.mhlw.go.jp/27/index.php?JigyosyoCd=2770901359-00&ServiceCd=510&action_kouhyou_detail_feature_index=true,https://www.kaigokensaku.mhlw.go.jp/27/index.php?JigyosyoCd=2770901359-00&ServiceCd=510&action_kouhyou_detail_024_kihon=true
309,特別養護老人ホームミス・ブール記念ホーム,特別養護老人ホーム,高槻市松ヶ丘１－２１－９,高槻市,2770900674,510,seed_code,1.0,空床取得可能,0,50,78,2025-10-04,0/50人,厚労省公式,https://www.kaigokensaku.mhlw.go.jp/27/index.php?JigyosyoCd=2770900674-00&ServiceCd=510&action_kouhyou_detail_feature_index=true,https://www.kaigokensaku.mhlw.go.jp/27/index.php?JigyosyoCd=2770900674-00&ServiceCd=510&action_kouhyou_detail_024_kani=true,,2026-10-01T04:32:26+09:00,200,200,ok,,https://www.kaigokensaku.mhlw.go.jp/27/index.php?JigyosyoCd=2770900674-00&ServiceCd=510&action_kouhyou_detail_feature_index=true,https://www.kaigokensaku.mhlw.go.jp/27/index.php?JigyosyoCd=2770900674-00&ServiceCd=510&action_kouhyou_detail_024_kihon=true
310,地域密着型特別養護老人ホームひなた,特別養護老人ホーム,高槻市郡家新町74-1,高槻市,2790900233,540,mhlw_name_address,1.0,空床取得可能,0,29,,2025-10-08,0/29人,厚労省公式,https://www.kaigokensaku.mhlw.go.jp/27/index.php?JigyosyoCd=2790900233-00&ServiceCd=540&action_kouhyou_detail_feature_index=true,,,2026-10-01T04:32:29+09:00,200,200,ok,,https://www.kaigokensaku.mhlw.go.jp/27/index.php?JigyosyoCd=2790900233-00&ServiceCd=540&action_kouhyou_detail_feature_index=true,https://www.kaigokensaku.mhlw.go.jp/27/index.php?JigyosyoCd=2790900233-00&ServiceCd=540&action_kouhyou_detail_026_kihon=true
311,れんげ荘プラネットホーム,特別養護老人ホーム,高槻市三島江4丁目14番26号,高槻市,2790900316,540,mhlw_name_address,1.0,取得不可,,29,,2022-10-11,0/0人,,,,http://www.rengesou.or.jp,2026-10-01T04:32:33+09:00,200,200,ok,,https://www.kaigokensaku.mhlw.go.jp/27/index.php?JigyosyoCd=2790900316-00&ServiceCd=540&action_kouhyou_detail_feature_index=true,https://www.kaigokensaku.mhlw.go.jp/27/index.php?JigyosyoCd=2790900316-00&ServiceCd=540&action_kouhyou_detail_026_kihon=true
312,小規模特養ホーム西之川原の郷,特別養護老人ホーム,高槻市西之川原1丁目17番1号,高槻市,2790900589,540,mhlw_name_address,1.0,取得不可,,29,,,,,,,http://www.syunjyukai.or.jp/,2026-10-01T04:32:38+09:00,200,200,ok,,https://www.kaigokensaku.mhlw.go.jp/27/index.php?JigyosyoCd=2790900589-00&ServiceCd=540&action_kouhyou_detail_feature_index=true,https://www.kaigokensaku.mhlw.go.jp/27/index.php?JigyosyoCd=2790900589-00&ServiceCd=540&action_kouhyou_detail_026_kihon=true
313,小規模特養ホームぐんげ今城の丘,特別養護老人ホーム,高槻市郡家本町8番1号,高槻市,2790900407,540,mhlw_name_address,1.0,取得不可,,29,,,,,,,http://www.syunjyukai.or.jp,2026-10-01T04:32:42+09:00,200,200,ok,,https://www.kaigokensaku.mhlw.go.jp/27/index.php?JigyosyoCd=2790900407-00&ServiceCd=540&action_kouhyou_detail_feature_index=true,https://www.kaigokensaku.mhlw.go.jp/27/index.php?JigyosyoCd=2790900407-00&ServiceCd=540&action_kouhyou_detail_026_kihon=true
314,小規模特養ホームぐんげ今城の杜,特別養護老人ホーム,高槻市郡家本町8番5号,高槻市,2790900720,540,mhlw_name_address,1.0,取得不可,,29,,,,,,,http://www.syunjyukai.or.jp,2026-10-01T04:32:47+09:00,200,200,ok,,https://www.kaigokensaku.mhlw.go.jp/27/index.php?JigyosyoCd=2790900720-00&ServiceCd=540&action_kouhyou_detail_feature_index=true,https://www.kaigokensaku.mhlw.go.jp/27/index.php?JigyosyoCd=2790900720-00&ServiceCd=540&action_kouhyou_detail_026_kihon=true
315,小規模特養ホーム はむろの庄,特別養護老人ホーム,高槻市土室町32番1号,高槻市,2790900928,540,mhlw_name_address,1.0,取得不可,,29,,,,,,,http://www.syunjyukai.or.jp,2026-10-01T04:32:51+09:00,200,200,ok,,https://www.kaigokensaku.mhlw.go.jp/27/index.php?JigyosyoCd=2790900928-00&ServiceCd=540&action_kouhyou_detail_feature_index=true,https://www.kaigokensaku.mhlw.go.jp/27/index.php?JigyosyoCd=2790900928-00&ServiceCd=540&action_kouhyou_detail_026_kihon=true
316,特別養護老人ホーム 上牧の郷,特別養護老人ホーム,高槻市東上牧２丁目３７番８号,高槻市,2790900381,540,mhlw_name_address,1.0,空床取得可能,0,29,,2026-09-24,0/29人,厚労省公式,https://www.kaigokensaku.mhlw.go.jp/27/index.php?JigyosyoCd=2790900381-00&ServiceCd=540&action_kouhyou_detail_feature_index=true,,,2026-10-01T04:32:56+09:00,200,200,ok,,https://www.kaigokensaku.mhlw.go.jp/27/index.php?JigyosyoCd=2790900381-00&ServiceCd=540&action_kouhyou_detail_feature_index=true,https://www.kaigokensaku.mhlw.go.jp/27/index.php?JigyosyoCd=2790900381-00&ServiceCd=540&action_kouhyou_detail_026_kihon=true
317,ミス・ブール記念ホーム小規模特養,特別養護老人ホーム,高槻市松が丘１－２１－８,高槻市,2790900258,540,mhlw_name_address,1.0,取得不可,,29,,2025-10-04,0/0人,,,,http://www.yohane-g.jp,2026-10-01T04:32:59+09:00,200,200,ok,,https://www.kaigokensaku.mhlw.go.jp/27/index.php?JigyosyoCd=2790900258-00&ServiceCd=540&action_kouhyou_detail_feature_index=true,https://www.kaigokensaku.mhlw.go.jp/27/index.php?JigyosyoCd=2790900258-00&ServiceCd=540&action_kouhyou_detail_026_kihon=true
318,複合型介護施設大冠カーム,特別養護老人ホーム,高槻市須賀町65番10号,高槻市,2790900282,540,mhlw_name_address,1.0,取得不可,,29,,2025-10-24,0/0人,,,,http://www.ojunkai.com/,2026-10-01T04:33:06+09:00,200,200,ok,,https://www.kaigokensaku.mhlw.go.jp/27/index.php?JigyosyoCd=2790900282-00&ServiceCd=540&action_kouhyou_detail_feature_index=true,https://www.kaigokensaku.mhlw.go.jp/27/index.php?JigyosyoCd=2790900282-00&ServiceCd=540&action_kouhyou_detail_026_kihon=true
319,地域密着型特別養護老人ホームゆにわ,特別養護老人ホーム,高槻市津之江北町1番15号,高槻市,2790900944,540,mhlw_name_address,1.0,取得不可,,29,,,,,,,https://hironokai.com/,2026-10-01T04:33:11+09:00,200,200,ok,,https://www.kaigokensaku.mhlw.go.jp/27/index.php?JigyosyoCd=2790900944-00&ServiceCd=540&action_kouhyou_detail_feature_index=true,https://www.kaigokensaku.mhlw.go.jp/27/index.php?JigyosyoCd=2790900944-00&ServiceCd=540&action_kouhyou_detail_026_kihon=true
320,地域密着型特養ひなた柱本,特別養護老人ホーム,高槻市柱本6丁目32-1,高槻市,2790900415,540,mhlw_name_address,1.0,空床取得可能,0,29,,2023-10-20,0/29人,厚労省公式,https://www.kaigokensaku.mhlw.go.jp/27/index.php?JigyosyoCd=2790900415-00&ServiceCd=540&action_kouhyou_detail_feature_index=true,,,2026-10-01T04:33:18+09:00,200,200,ok,,https://www.kaigokensaku.mhlw.go.jp/27/index.php?JigyosyoCd=2790900415-00&ServiceCd=540&action_kouhyou_detail_feature_index=true,https://www.kaigokensaku.mhlw.go.jp/27/index.php?JigyosyoCd=2790900415-00&ServiceCd=540&action_kouhyou_detail_026_kihon=true
321,特別養護老人ホーム 水間ヶ丘,特別養護老人ホーム,貝塚市水間１３７番１,貝塚市,2771300122,510,seed_code,1.0,空床取得可能,2,125,47,2025-09-28,2/125人,厚労省公式,https://www.kaigokensaku.mhlw.go.jp/27/index.php?JigyosyoCd=2771300122-00&ServiceCd=510&action_kouhyou_detail_feature_index=true,https://www.kaigokensaku.mhlw.go.jp/27/index.php?JigyosyoCd=2771300122-00&ServiceCd=510&action_kouhyou_detail_024_kani=true,,2026-10-01T04:33:22+09:00,200,200,ok,,https://www.kaigokensaku.mhlw.go.jp/27/index.php?JigyosyoCd=2771300122-00&ServiceCd=510&action_kouhyou_detail_feature_index=true,https://www.kaigokensaku.mhlw.go.jp/27/index.php?JigyosyoCd=2771300122-00&ServiceCd=510&action_kouhyou_detail_024_kihon=true
322,特別養護老人ホーム貝塚誠心園,特別養護老人ホーム,貝塚市森1103-2,貝塚市,2771300114,510,seed_code,1.0,空床取得可能,0,80,15,2025-10-04,0/80人,厚労省公式,https://www.kaigokensaku.mhlw.go.jp/27/index.php?JigyosyoCd=2771300114-00&ServiceCd=510&action_kouhyou_detail_feature_index=true,https://www.kaigokensaku.mhlw.go.jp/27/index.php?JigyosyoCd=2771300114-00&ServiceCd=510&action_kouhyou_detail_024_kani=true,,2026-10-01T04:33:25+09:00,200,200,ok,,https://www.kaigokensaku.mhlw.go.jp/27/index.php?JigyosyoCd=2771300114-00&ServiceCd=510&action_kouhyou_detail_feature_index=true,https://www.kaigokensaku.mhlw.go.jp/27/index.php?JigyosyoCd=2771300114-00&ServiceCd=510&action_kouhyou_detail_024_kihon=true
323,地域密着型特別養護老人ホーム水間ヶ丘,特別養護老人ホーム,貝塚市加神一丁目２４番３６号,貝塚市,2791300128,540,mhlw_name_address,1.0,空床取得可能,0,29,,2025-09-29,0/29人,厚労省公式,https://www.kaigokensaku.mhlw.go.jp/27/index.php?JigyosyoCd=2791300128-00&ServiceCd=540&action_kouhyou_detail_feature_index=true,,,2026-10-01T04:33:29+09:00,200,200,ok,,https://www.kaigokensaku.mhlw.go.jp/27/index.php?JigyosyoCd=2791300128-00&ServiceCd=540&action_kouhyou_detail_feature_index=true,https://www.kaigokensaku.mhlw.go.jp/27/index.php?JigyosyoCd=2791300128-00&ServiceCd=540&action_kouhyou_detail_026_kihon=true
324,特別養護老人ホームきしまの里,特別養護老人ホーム,貝塚市三ツ松８６９－１,貝塚市,2791300011,540,mhlw_name_address,1.0,空床取得可能,0,20,,2025-10-11,0/20人,厚労省公式,https://www.kaigokensaku.mhlw.go.jp/27/index.php?JigyosyoCd=2791300011-00&ServiceCd=540&action_kouhyou_detail_feature_index=true,,,2026-10-01T04:33:32+09:00,200,200,ok,,https://www.kaigokensaku.mhlw.go.jp/27/index.php?JigyosyoCd=2791300011-00&ServiceCd=540&action_kouhyou_detail_feature_index=true,https://www.kaigokensaku.mhlw.go.jp/27/index.php?JigyosyoCd=2791300011-00&ServiceCd=540&action_kouhyou_detail_026_kihon=true
325,特別養護老人ホーム鶴見緑地苑,特別養護老人ホーム,守口市菊水通3丁目16番2号,守口市,2773202557,510,mhlw_name_address,1.0,空床取得可能,0,87,5,2024-12-06,0/87人,厚労省公式,https://www.kaigokensaku.mhlw.go.jp/27/index.php?JigyosyoCd=2773202557-00&ServiceCd=510&action_kouhyou_detail_feature_index=true,https://www.kaigokensaku.mhlw.go.jp/27/index.php?JigyosyoCd=2773202557-00&ServiceCd=510&action_kouhyou_detail_024_kani=true,,2026-10-01T04:33:35+09:00,200,200,ok,,https://www.kaigokensaku.mhlw.go.jp/27/index.php?JigyosyoCd=2773202557-00&ServiceCd=510&action_kouhyou_detail_feature_index=true,https://www.kaigokensaku.mhlw.go.jp/27/index.php?JigyosyoCd=2773202557-00&ServiceCd=510&action_kouhyou_detail_024_kihon=true
326,特別養護老人ホームすずしろ園,特別養護老人ホーム,守口市南寺方東通１－１３－１６,守口市,2773200395,510,mhlw_name_address,1.0,空床取得可能,2,60,5,2025-10-30,2/60人,厚労省公式,https://www.kaigokensaku.mhlw.go.jp/27/index.php?JigyosyoCd=2773200395-00&ServiceCd=510&action_kouhyou_detail_feature_index=true,https://www.kaigokensaku.mhlw.go.jp/27/index.php?JigyosyoCd=2773200395-00&ServiceCd=510&action_kouhyou_detail_024_kani=true,,2026-10-01T04:33:39+09:00,200,200,ok,,https://www.kaigokensaku.mhlw.go.jp/27/index.php?JigyosyoCd=2773200395-00&ServiceCd=510&action_kouhyou_detail_feature_index=true,https://www.kaigokensaku.mhlw.go.jp/27/index.php?JigyosyoCd=2773200395-00&ServiceCd=510&action_kouhyou_detail_024_kihon=true
327,特別養護老人ホーム梅香苑,特別養護老人ホーム,守口市佐太中町６丁目４１番１９号,守口市,2773200593,510,mhlw_name_address,1.0,空床取得可能,0,60,44,2026-03-22,0/60人,厚労省公式,https://www.kaigokensaku.mhlw.go.jp/27/index.php?JigyosyoCd=2773200593-00&ServiceCd=510&action_kouhyou_detail_feature_index=true,https://www.kaigokensaku.mhlw.go.jp/27/index.php?JigyosyoCd=2773200593-00&ServiceCd=510&action_kouhyou_detail_024_kani=true,,2026-10-01T04:33:42+09:00,200,200,ok,,https://www.kaigokensaku.mhlw.go.jp/27/index.php?JigyosyoCd=2773200593-00&ServiceCd=510&action_kouhyou_detail_feature_index=true,https://www.kaigokensaku.mhlw.go.jp/27/index.php?JigyosyoCd=2773200593-00&ServiceCd=510&action_kouhyou_detail_024_kihon=true
328,特別養護老人ホーム なずな園,特別養護老人ホーム,守口市八雲北町2丁目26番1号,守口市,2773201872,510,mhlw_name_address,1.0,空床取得可能,0,50,10,2026-01-13,0/50人,厚労省公式,https://www.kaigokensaku.mhlw.go.jp/27/index.php?JigyosyoCd=2773201872-00&ServiceCd=510&action_kouhyou_detail_feature_index=true,https://www.kaigokensaku.mhlw.go.jp/27/index.php?JigyosyoCd=2773201872-00&ServiceCd=510&action_kouhyou_detail_024_kani=true,,2026-10-01T04:33:46+09:00,200,200,ok,,https://www.kaigokensaku.mhlw.go.jp/27/index.php?JigyosyoCd=2773201872-00&ServiceCd=510&action_kouhyou_detail_feature_index=true,https://www.kaigokensaku.mhlw.go.jp/27/index.php?JigyosyoCd=2773201872-00&ServiceCd=510&action_kouhyou_detail_024_kihon=true
329,特別養護老人ホーム フローラル,特別養護老人ホーム,守口市大日町1-11-11,守口市,2773200718,510,mhlw_name_address,1.0,待機人数のみ取得可能,,50,30,2016-12-10,0/0人,,,https://www.kaigokensaku.mhlw.go.jp/27/index.php?JigyosyoCd=2773200718-00&ServiceCd=510&action_kouhyou_detail_024_kani=true,http://www.floral.or.jp/,2026-10-01T04:33:49+09:00,200,200,ok,,https://www.kaigokensaku.mhlw.go.jp/27/index.php?JigyosyoCd=2773200718-00&ServiceCd=510&action_kouhyou_detail_feature_index=true,https://www.kaigokensaku.mhlw.go.jp/27/index.php?JigyosyoCd=2773200718-00&ServiceCd=510&action_kouhyou_detail_024_kihon=true
330,特別養護老人ホーム守口荘,特別養護老人ホーム,守口市八雲中町三丁目13番17号,守口市,2773200338,510,mhlw_name_address,1.0,待機人数のみ取得可能,,50,10,2025-12-11,0/0人,,,https://www.kaigokensaku.mhlw.go.jp/27/index.php?JigyosyoCd=2773200338-00&ServiceCd=510&action_kouhyou_detail_024_kani=true,https://shirayuri-net.jp/,2026-10-01T04:33:53+09:00,200,200,ok,,https://www.kaigokensaku.mhlw.go.jp/27/index.php?JigyosyoCd=2773200338-00&ServiceCd=510&action_kouhyou_detail_feature_index=true,https://www.kaigokensaku.mhlw.go.jp/27/index.php?JigyosyoCd=2773200338-00&ServiceCd=510&action_kouhyou_detail_024_kihon=true
331,特別養護老人ホームたかせ若葉苑,特別養護老人ホーム,守口市高瀬町５－８－１６,守口市,2773200296,510,mhlw_name_address,1.0,空床取得可能,0,30,25,2022-10-11,0/30人,厚労省公式,https://www.kaigokensaku.mhlw.go.jp/27/index.php?JigyosyoCd=2773200296-00&ServiceCd=510&action_kouhyou_detail_feature_index=true,https://www.kaigokensaku.mhlw.go.jp/27/index.php?JigyosyoCd=2773200296-00&ServiceCd=510&action_kouhyou_detail_024_kani=true,,2026-10-01T04:34:00+09:00,200,200,ok,,https://www.kaigokensaku.mhlw.go.jp/27/index.php?JigyosyoCd=2773200296-00&ServiceCd=510&action_kouhyou_detail_feature_index=true,https://www.kaigokensaku.mhlw.go.jp/27/index.php?JigyosyoCd=2773200296-00&ServiceCd=510&action_kouhyou_detail_024_kihon=true
332,地域密着型特別養護老人ホームすずな園,特別養護老人ホーム,守口市大宮通1-13-14,守口市,2793200136,540,mhlw_name_address,1.0,取得不可,,29,,2025-10-08,0/0人,,,,http://www.hakuseikai.jp,2026-10-01T04:34:03+09:00,200,200,ok,,https://www.kaigokensaku.mhlw.go.jp/27/index.php?JigyosyoCd=2793200136-00&ServiceCd=540&action_kouhyou_detail_feature_index=true,https://www.kaigokensaku.mhlw.go.jp/27/index.php?JigyosyoCd=2793200136-00&ServiceCd=540&action_kouhyou_detail_026_kihon=true
333,守口金田地域密着型特別養護老人ホームラガール,特別養護老人ホーム,守口市金田町4丁目5番16号守口金田ケアセンターラガール,守口市,2793200219,540,mhlw_name_address,1.0,空床取得可能,0,29,,2024-12-23,0/29人,厚労省公式,https://www.kaigokensaku.mhlw.go.jp/27/index.php?JigyosyoCd=2793200219-00&ServiceCd=540&action_kouhyou_detail_feature_index=true,,,2026-10-01T04:34:10+09:00,200,200,ok,,https://www.kaigokensaku.mhlw.go.jp/27/index.php?JigyosyoCd=2793200219-00&ServiceCd=540&action_kouhyou_detail_feature_index=true,https://www.kaigokensaku.mhlw.go.jp/27/index.php?JigyosyoCd=2793200219-00&ServiceCd=540&action_kouhyou_detail_026_kihon=true
334,ひらかた聖徳園,特別養護老人ホーム,枚方市香里ヶ丘3丁目15-1,枚方市,2772400889,510,seed_code,1.0,空床取得可能,0,120,101,2025-10-15,0/120人,厚労省公式,https://www.kaigokensaku.mhlw.go.jp/27/index.php?JigyosyoCd=2772400889-00&ServiceCd=510&action_kouhyou_detail_feature_index=true,https://www.kaigokensaku.mhlw.go.jp/27/index.php?JigyosyoCd=2772400889-00&ServiceCd=510&action_kouhyou_detail_024_kani=true,,2026-10-01T04:34:13+09:00,200,200,ok,,https://www.kaigokensaku.mhlw.go.jp/27/index.php?JigyosyoCd=2772400889-00&ServiceCd=510&action_kouhyou_detail_feature_index=true,https://www.kaigokensaku.mhlw.go.jp/27/index.php?JigyosyoCd=2772400889-00&ServiceCd=510&action_kouhyou_detail_024_kihon=true
335,特別養護老人ホーム美郷,特別養護老人ホーム,枚方市西招提町1253番地,枚方市,2772402166,510,seed_code,1.0,空床取得可能,0,120,102,2025-10-17,0/120人,厚労省公式,https://www.kaigokensaku.mhlw.go.jp/27/index.php?JigyosyoCd=2772402166-00&ServiceCd=510&action_kouhyou_detail_feature_index=true,https://www.kaigokensaku.mhlw.go.jp/27/index.php?JigyosyoCd=2772402166-00&ServiceCd=510&action_kouhyou_detail_024_kani=true,,2026-10-01T04:34:17+09:00,200,200,ok,,https://www.kaigokensaku.mhlw.go.jp/27/index.php?JigyosyoCd=2772402166-00&ServiceCd=510&action_kouhyou_detail_feature_index=true,https://www.kaigokensaku.mhlw.go.jp/27/index.php?JigyosyoCd=2772402166-00&ServiceCd=510&action_kouhyou_detail_024_kihon=true
336,特別養護老人ホーム 津田荘,特別養護老人ホーム,枚方市津田東町２丁目１番１号,枚方市,2772400319,510,seed_code,1.0,空床取得可能,3,100,80,2025-10-11,3/100人,厚労省公式,https://www.kaigokensaku.mhlw.go.jp/27/index.php?JigyosyoCd=2772400319-00&ServiceCd=510&action_kouhyou_detail_feature_index=true,https://www.kaigokensaku.mhlw.go.jp/27/index.php?JigyosyoCd=2772400319-00&ServiceCd=510&action_kouhyou_detail_024_kani=true,,2026-10-01T04:34:20+09:00,200,200,ok,,https://www.kaigokensaku.mhlw.go.jp/27/index.php?JigyosyoCd=2772400319-00&ServiceCd=510&action_kouhyou_detail_feature_index=true,https://www.kaigokensaku.mhlw.go.jp/27/index.php?JigyosyoCd=2772400319-00&ServiceCd=510&action_kouhyou_detail_024_kihon=true
337,アイリス,特別養護老人ホーム,枚方市春日東町2丁目12番10号,枚方市,2772400665,510,seed_code,1.0,待機人数のみ取得可能,,90,68,2025-10-14,0/0人,,,https://www.kaigokensaku.mhlw.go.jp/27/index.php?JigyosyoCd=2772400665-00&ServiceCd=510&action_kouhyou_detail_024_kani=true,http://my-iris.jp/,2026-10-01T04:34:24+09:00,200,200,ok,,https://www.kaigokensaku.mhlw.go.jp/27/index.php?JigyosyoCd=2772400665-00&ServiceCd=510&action_kouhyou_detail_feature_index=true,https://www.kaigokensaku.mhlw.go.jp/27/index.php?JigyosyoCd=2772400665-00&ServiceCd=510&action_kouhyou_detail_024_kihon=true
338,特別養護老人ホーム御殿山カーム,特別養護老人ホーム,枚方市渚西２丁目７番３０号,枚方市,2772402653,510,seed_code,1.0,待機人数のみ取得可能,,81,92,2024-12-28,0/0人,,,https://www.kaigokensaku.mhlw.go.jp/27/index.php?JigyosyoCd=2772402653-00&ServiceCd=510&action_kouhyou_detail_024_kani=true,http://www.ojunkai.com,2026-10-01T04:34:29+09:00,200,200,ok,,https://www.kaigokensaku.mhlw.go.jp/27/index.php?JigyosyoCd=2772402653-00&ServiceCd=510&action_kouhyou_detail_feature_index=true,https://www.kaigokensaku.mhlw.go.jp/27/index.php?JigyosyoCd=2772402653-00&ServiceCd=510&action_kouhyou_detail_024_kihon=true
339,社会福祉法人希望会 特別養護老人ホームのぞみの杜,特別養護老人ホーム,枚方市東中振２丁目１７番１３号,枚方市,2772408262,510,mhlw_name_address,1.0,待機人数のみ取得可能,,80,55,2025-10-03,0/0人,,,https://www.kaigokensaku.mhlw.go.jp/27/index.php?JigyosyoCd=2772408262-00&ServiceCd=510&action_kouhyou_detail_024_kani=true,http://kiboukai-nozomi.jp,2026-10-01T04:34:33+09:00,200,200,ok,,https://www.kaigokensaku.mhlw.go.jp/27/index.php?JigyosyoCd=2772408262-00&ServiceCd=510&action_kouhyou_detail_feature_index=true,https://www.kaigokensaku.mhlw.go.jp/27/index.php?JigyosyoCd=2772408262-00&ServiceCd=510&action_kouhyou_detail_024_kihon=true
340,特別養護老人ホーム里仁館,特別養護老人ホーム,枚方市田口山2丁目5番1号,枚方市,2772400905,510,seed_code,1.0,空床取得可能,0,80,47,2025-01-27,0/80人,厚労省公式,https://www.kaigokensaku.mhlw.go.jp/27/index.php?JigyosyoCd=2772400905-00&ServiceCd=510&action_kouhyou_detail_feature_index=true,https://www.kaigokensaku.mhlw.go.jp/27/index.php?JigyosyoCd=2772400905-00&ServiceCd=510&action_kouhyou_detail_024_kani=true,,2026-10-01T04:34:39+09:00,200,200,ok,,https://www.kaigokensaku.mhlw.go.jp/27/index.php?JigyosyoCd=2772400905-00&ServiceCd=510&action_kouhyou_detail_feature_index=true,https://www.kaigokensaku.mhlw.go.jp/27/index.php?JigyosyoCd=2772400905-00&ServiceCd=510&action_kouhyou_detail_024_kihon=true
341,特別養護老人ホームしらかばホール,特別養護老人ホーム,枚方市出屋敷西町２丁目１番１号,枚方市,2772402208,510,seed_code,1.0,空床取得可能,0,70,10,2023-10-03,0/70人,厚労省公式,https://www.kaigokensaku.mhlw.go.jp/27/index.php?JigyosyoCd=2772402208-00&ServiceCd=510&action_kouhyou_detail_feature_index=true,https://www.kaigokensaku.mhlw.go.jp/27/index.php?JigyosyoCd=2772402208-00&ServiceCd=510&action_kouhyou_detail_024_kani=true,,2026-10-01T04:34:42+09:00,200,200,ok,,https://www.kaigokensaku.mhlw.go.jp/27/index.php?JigyosyoCd=2772402208-00&ServiceCd=510&action_kouhyou_detail_feature_index=true,https://www.kaigokensaku.mhlw.go.jp/27/index.php?JigyosyoCd=2772402208-00&ServiceCd=510&action_kouhyou_detail_024_kihon=true
342,特別養護老人ホーム サール・ナート,特別養護老人ホーム,枚方市高田２丁目４０－１,枚方市,2772402844,510,seed_code,1.0,待機人数のみ取得可能,,70,100,2026-09-18,0/0人,,,https://www.kaigokensaku.mhlw.go.jp/27/index.php?JigyosyoCd=2772402844-00&ServiceCd=510&action_kouhyou_detail_024_kani=true,http://www.valsta.jp,2026-10-01T04:34:46+09:00,200,200,ok,,https://www.kaigokensaku.mhlw.go.jp/27/index.php?JigyosyoCd=2772402844-00&ServiceCd=510&action_kouhyou_detail_feature_index=true,https://www.kaigokensaku.mhlw.go.jp/27/index.php?JigyosyoCd=2772402844-00&ServiceCd=510&action_kouhyou_detail_024_kihon=true
343,特別養護老人ホーム香里美来,特別養護老人ホーム,枚方市東香里1丁目18-12,枚方市,2772410128,510,seed_code,1.0,空床取得可能,0,66,0,2026-09-29,0/66人,厚労省公式,https://www.kaigokensaku.mhlw.go.jp/27/index.php?JigyosyoCd=2772410128-00&ServiceCd=510&action_kouhyou_detail_feature_index=true,https://www.kaigokensaku.mhlw.go.jp/27/index.php?JigyosyoCd=2772410128-00&ServiceCd=510&action_kouhyou_detail_024_kani=true,,2026-10-01T04:34:50+09:00,200,200,ok,,https://www.kaigokensaku.mhlw.go.jp/27/index.php?JigyosyoCd=2772410128-00&ServiceCd=510&action_kouhyou_detail_feature_index=true,https://www.kaigokensaku.mhlw.go.jp/27/index.php?JigyosyoCd=2772410128-00&ServiceCd=510&action_kouhyou_detail_024_kihon=true
344,特別養護老人ホーム 夢心,特別養護老人ホーム,枚方市長尾北町１丁目１７８５番２,枚方市,2772403511,510,seed_code,1.0,待機人数のみ取得可能,,60,47,2024-12-04,0/0人,,,https://www.kaigokensaku.mhlw.go.jp/27/index.php?JigyosyoCd=2772403511-00&ServiceCd=510&action_kouhyou_detail_024_kani=true,http://www.seishow.or.jp,2026-10-01T04:34:54+09:00,200,200,ok,,https://www.kaigokensaku.mhlw.go.jp/27/index.php?JigyosyoCd=2772403511-00&ServiceCd=510&action_kouhyou_detail_feature_index=true,https://www.kaigokensaku.mhlw.go.jp/27/index.php?JigyosyoCd=2772403511-00&ServiceCd=510&action_kouhyou_detail_024_kihon=true
345,特別養護老人ホーム うぐいすの里,特別養護老人ホーム,枚方市南中振3-8-20,枚方市,2772404246,510,seed_code,1.0,空床取得可能,0,60,77,2025-10-17,0/60人,厚労省公式,https://www.kaigokensaku.mhlw.go.jp/27/index.php?JigyosyoCd=2772404246-00&ServiceCd=510&action_kouhyou_detail_feature_index=true,https://www.kaigokensaku.mhlw.go.jp/27/index.php?JigyosyoCd=2772404246-00&ServiceCd=510&action_kouhyou_detail_024_kani=true,,2026-10-01T04:34:58+09:00,200,200,ok,,https://www.kaigokensaku.mhlw.go.jp/27/index.php?JigyosyoCd=2772404246-00&ServiceCd=510&action_kouhyou_detail_feature_index=true,https://www.kaigokensaku.mhlw.go.jp/27/index.php?JigyosyoCd=2772404246-00&ServiceCd=510&action_kouhyou_detail_024_kihon=true
346,特別養護老人ホーム いこいの里,特別養護老人ホーム,枚方市交北二丁目10-1,枚方市,2772403735,510,seed_code,1.0,待機人数のみ取得可能,,60,30,2024-12-24,0/0人,,,https://www.kaigokensaku.mhlw.go.jp/27/index.php?JigyosyoCd=2772403735-00&ServiceCd=510&action_kouhyou_detail_024_kani=true,http://www.syoujukai.org/,2026-10-01T04:35:01+09:00,200,200,ok,,https://www.kaigokensaku.mhlw.go.jp/27/index.php?JigyosyoCd=2772403735-00&ServiceCd=510&action_kouhyou_detail_feature_index=true,https://www.kaigokensaku.mhlw.go.jp/27/index.php?JigyosyoCd=2772403735-00&ServiceCd=510&action_kouhyou_detail_024_kihon=true
347,介護老人福祉施設 安心苑,特別養護老人ホーム,枚方市招提北町2-25-1,枚方市,2772400483,510,mhlw_name_address,1.0,待機人数のみ取得可能,,56,45,2025-09-21,0/0人,,,https://www.kaigokensaku.mhlw.go.jp/27/index.php?JigyosyoCd=2772400483-00&ServiceCd=510&action_kouhyou_detail_024_kani=true,http://www.seishow.or.jp/,2026-10-01T04:35:06+09:00,200,200,ok,,https://www.kaigokensaku.mhlw.go.jp/27/index.php?JigyosyoCd=2772400483-00&ServiceCd=510&action_kouhyou_detail_feature_index=true,https://www.kaigokensaku.mhlw.go.jp/27/index.php?JigyosyoCd=2772400483-00&ServiceCd=510&action_kouhyou_detail_024_kihon=true
348,ピープルハウス枚方,特別養護老人ホーム,枚方市尊延寺１丁目４番１号,枚方市,2772400798,510,seed_code,1.0,空床取得可能,0,50,33,2026-09-17,0/50人,厚労省公式,https://www.kaigokensaku.mhlw.go.jp/27/index.php?JigyosyoCd=2772400798-00&ServiceCd=510&action_kouhyou_detail_feature_index=true,https://www.kaigokensaku.mhlw.go.jp/27/index.php?JigyosyoCd=2772400798-00&ServiceCd=510&action_kouhyou_detail_024_kani=true,,2026-10-01T04:35:10+09:00,200,200,ok,,https://www.kaigokensaku.mhlw.go.jp/27/index.php?JigyosyoCd=2772400798-00&ServiceCd=510&action_kouhyou_detail_feature_index=true,https://www.kaigokensaku.mhlw.go.jp/27/index.php?JigyosyoCd=2772400798-00&ServiceCd=510&action_kouhyou_detail_024_kihon=true
349,枚方市立特別養護老人ホーム,特別養護老人ホーム,枚方市交北３丁目１－５２,枚方市,2772400590,510,seed_code,1.0,待機人数のみ取得可能,,50,50,2024-12-25,0/0人,,,https://www.kaigokensaku.mhlw.go.jp/27/index.php?JigyosyoCd=2772400590-00&ServiceCd=510&action_kouhyou_detail_024_kani=true,http://www.3poem.or.jp,2026-10-01T04:35:14+09:00,200,200,ok,,https://www.kaigokensaku.mhlw.go.jp/27/index.php?JigyosyoCd=2772400590-00&ServiceCd=510&action_kouhyou_detail_feature_index=true,https://www.kaigokensaku.mhlw.go.jp/27/index.php?JigyosyoCd=2772400590-00&ServiceCd=510&action_kouhyou_detail_024_kihon=true
350,いこいの里,特別養護老人ホーム,枚方市交北二丁目10番1号,枚方市,2772409468,510,seed_code,1.0,待機人数のみ取得可能,,30,35,,0/0人,,,https://www.kaigokensaku.mhlw.go.jp/27/index.php?JigyosyoCd=2772409468-00&ServiceCd=510&action_kouhyou_detail_024_kani=true,http://www.syoujukai.org,2026-10-01T04:35:18+09:00,200,200,ok,,https://www.kaigokensaku.mhlw.go.jp/27/index.php?JigyosyoCd=2772409468-00&ServiceCd=510&action_kouhyou_detail_feature_index=true,https://www.kaigokensaku.mhlw.go.jp/27/index.php?JigyosyoCd=2772409468-00&ServiceCd=510&action_kouhyou_detail_024_kihon=true
351,特別養護老人ホーム 悠々の苑,特別養護老人ホーム,枚方市交北３－１－５０,枚方市,2772400947,510,seed_code,1.0,待機人数のみ取得可能,,30,30,2023-10-28,0/0人,,,https://www.kaigokensaku.mhlw.go.jp/27/index.php?JigyosyoCd=2772400947-00&ServiceCd=510&action_kouhyou_detail_024_kani=true,https://care-net.biz/27/yuuyuunosono/,2026-10-01T04:35:26+09:00,200,200,ok,,https://www.kaigokensaku.mhlw.go.jp/27/index.php?JigyosyoCd=2772400947-00&ServiceCd=510&action_kouhyou_detail_feature_index=true,https://www.kaigokensaku.mhlw.go.jp/27/index.php?JigyosyoCd=2772400947-00&ServiceCd=510&action_kouhyou_detail_024_kihon=true
352,小規模特別養護老人ホームのぞみ,特別養護老人ホーム,枚方市堂山1丁目39番1号,枚方市,2792400422,540,mhlw_name_address,1.0,取得不可,,29,,2025-10-03,0/0人,,,,https://kiboukai-nozomi.jp/,2026-10-01T04:35:33+09:00,200,200,ok,,https://www.kaigokensaku.mhlw.go.jp/27/index.php?JigyosyoCd=2792400422-00&ServiceCd=540&action_kouhyou_detail_feature_index=true,https://www.kaigokensaku.mhlw.go.jp/27/index.php?JigyosyoCd=2792400422-00&ServiceCd=540&action_kouhyou_detail_026_kihon=true
353,地域密着型特養 いこいの里長尾,特別養護老人ホーム,枚方市長尾荒阪1-2804-14,枚方市,2792400752,540,mhlw_name_address,1.0,待機人数のみ取得可能,,29,0,,,,,https://www.kaigokensaku.mhlw.go.jp/27/index.php?JigyosyoCd=2792400752-00&ServiceCd=540&action_kouhyou_detail_026_kihon=true,https://syoujukai.org,2026-10-01T04:35:38+09:00,200,200,ok,,https://www.kaigokensaku.mhlw.go.jp/27/index.php?JigyosyoCd=2792400752-00&ServiceCd=540&action_kouhyou_detail_feature_index=true,https://www.kaigokensaku.mhlw.go.jp/27/index.php?JigyosyoCd=2792400752-00&ServiceCd=540&action_kouhyou_detail_026_kihon=true
354,いこいの里藤阪,特別養護老人ホーム,枚方市藤阪南町２丁目３０－１,枚方市,2792400463,540,mhlw_name_address,1.0,取得不可,,29,,,0/0人,,,,http://www.syoujukai.org/,2026-10-01T04:35:43+09:00,200,200,ok,,https://www.kaigokensaku.mhlw.go.jp/27/index.php?JigyosyoCd=2792400463-00&ServiceCd=540&action_kouhyou_detail_feature_index=true,https://www.kaigokensaku.mhlw.go.jp/27/index.php?JigyosyoCd=2792400463-00&ServiceCd=540&action_kouhyou_detail_026_kihon=true
355,サテライトいこいの里,特別養護老人ホーム,枚方市中宮東之町8-15,枚方市,2792400240,540,mhlw_name_address,1.0,取得不可,,29,,2022-09-29,0/0人,,,,http://www.syoujukai.org/,2026-10-01T04:35:48+09:00,200,200,ok,,https://www.kaigokensaku.mhlw.go.jp/27/index.php?JigyosyoCd=2792400240-00&ServiceCd=540&action_kouhyou_detail_feature_index=true,https://www.kaigokensaku.mhlw.go.jp/27/index.php?JigyosyoCd=2792400240-00&ServiceCd=540&action_kouhyou_detail_026_kihon=true
356,地域密着型特別養護老人ホームなぎさカーム,特別養護老人ホーム,枚方市渚西一丁目24番１号,枚方市,2792400471,540,mhlw_name_address,1.0,取得不可,,29,,2026-09-22,0/0人,,,,http://www.ojunkai.com/,2026-10-01T04:35:53+09:00,200,200,ok,,https://www.kaigokensaku.mhlw.go.jp/27/index.php?JigyosyoCd=2792400471-00&ServiceCd=540&action_kouhyou_detail_feature_index=true,https://www.kaigokensaku.mhlw.go.jp/27/index.php?JigyosyoCd=2792400471-00&ServiceCd=540&action_kouhyou_detail_026_kihon=true
357,特別養護老人ホーム ひら中振長寿の里,特別養護老人ホーム,枚方市北中振四丁目１８番２０号ひら中振長寿の里,枚方市,2792400505,540,mhlw_name_address,1.0,空床取得可能,1,29,,2024-12-11,1/29人,厚労省公式,https://www.kaigokensaku.mhlw.go.jp/27/index.php?JigyosyoCd=2792400505-00&ServiceCd=540&action_kouhyou_detail_feature_index=true,,,2026-10-01T04:35:57+09:00,200,200,ok,,https://www.kaigokensaku.mhlw.go.jp/27/index.php?JigyosyoCd=2792400505-00&ServiceCd=540&action_kouhyou_detail_feature_index=true,https://www.kaigokensaku.mhlw.go.jp/27/index.php?JigyosyoCd=2792400505-00&ServiceCd=540&action_kouhyou_detail_026_kihon=true
358,小規模特別養護老人ホームくずは美郷,特別養護老人ホーム,枚方市南楠葉1丁目65番25号,枚方市,2792400133,540,mhlw_name_address,1.0,空床取得可能,0,29,,2025-10-20,0/29人,厚労省公式,https://www.kaigokensaku.mhlw.go.jp/27/index.php?JigyosyoCd=2792400133-00&ServiceCd=540&action_kouhyou_detail_feature_index=true,,,2026-10-01T04:36:01+09:00,200,200,ok,,https://www.kaigokensaku.mhlw.go.jp/27/index.php?JigyosyoCd=2792400133-00&ServiceCd=540&action_kouhyou_detail_feature_index=true,https://www.kaigokensaku.mhlw.go.jp/27/index.php?JigyosyoCd=2792400133-00&ServiceCd=540&action_kouhyou_detail_026_kihon=true
359,小規模特別養護老人ホームくずは西美郷,特別養護老人ホーム,枚方市西船橋2丁目58-3,枚方市,2792400315,540,mhlw_name_address,1.0,空床取得可能,0,29,,2025-10-20,0/29人,厚労省公式,https://www.kaigokensaku.mhlw.go.jp/27/index.php?JigyosyoCd=2792400315-00&ServiceCd=540&action_kouhyou_detail_feature_index=true,,,2026-10-01T04:36:04+09:00,200,200,ok,,https://www.kaigokensaku.mhlw.go.jp/27/index.php?JigyosyoCd=2792400315-00&ServiceCd=540&action_kouhyou_detail_feature_index=true,https://www.kaigokensaku.mhlw.go.jp/27/index.php?JigyosyoCd=2792400315-00&ServiceCd=540&action_kouhyou_detail_026_kihon=true
360,特別養護老人ホームむらの美来,特別養護老人ホーム,枚方市村野本町24番69号,枚方市,2792400943,540,mhlw_name_address,1.0,空床取得可能,0,29,,2026-09-29,0/29人,厚労省公式,https://www.kaigokensaku.mhlw.go.jp/27/index.php?JigyosyoCd=2792400943-00&ServiceCd=540&action_kouhyou_detail_feature_index=true,,,2026-10-01T04:36:07+09:00,200,200,ok,,https://www.kaigokensaku.mhlw.go.jp/27/index.php?JigyosyoCd=2792400943-00&ServiceCd=540&action_kouhyou_detail_feature_index=true,https://www.kaigokensaku.mhlw.go.jp/27/index.php?JigyosyoCd=2792400943-00&ServiceCd=540&action_kouhyou_detail_026_kihon=true
361,香里いちょう園,特別養護老人ホーム,枚方市東香里1丁目18番12号,枚方市,,510,unmatched,0.0,取得不可,,,,,,,,,,2026-10-01T04:36:11+09:00,,,unmatched_no_official_page,MHLW open data could not be matched with sufficient confidence,,
362,特別養護老人ホーム春日丘荘,特別養護老人ホーム,茨木市南春日丘7丁目11番22号,茨木市,2774201160,510,mhlw_name_address,1.0,空床取得可能,0,120,0,2021-12-20,0/120人,厚労省公式,https://www.kaigokensaku.mhlw.go.jp/27/index.php?JigyosyoCd=2774201160-00&ServiceCd=510&action_kouhyou_detail_feature_index=true,https://www.kaigokensaku.mhlw.go.jp/27/index.php?JigyosyoCd=2774201160-00&ServiceCd=510&action_kouhyou_detail_024_kani=true,,2026-10-01T04:36:11+09:00,200,200,ok,,https://www.kaigokensaku.mhlw.go.jp/27/index.php?JigyosyoCd=2774201160-00&ServiceCd=510&action_kouhyou_detail_feature_index=true,https://www.kaigokensaku.mhlw.go.jp/27/index.php?JigyosyoCd=2774201160-00&ServiceCd=510&action_kouhyou_detail_024_kihon=true
363,茨木特別養護老人ホームラガール,特別養護老人ホーム,茨木市大字安威12番地,茨木市,2774202051,510,mhlw_name_address,1.0,待機人数のみ取得可能,,100,20,2024-12-22,0/0人,,,https://www.kaigokensaku.mhlw.go.jp/27/index.php?JigyosyoCd=2774202051-00&ServiceCd=510&action_kouhyou_detail_024_kani=true,http://www.koudoukai.or.jp/ibaraki/,2026-10-01T04:36:14+09:00,200,200,ok,,https://www.kaigokensaku.mhlw.go.jp/27/index.php?JigyosyoCd=2774202051-00&ServiceCd=510&action_kouhyou_detail_feature_index=true,https://www.kaigokensaku.mhlw.go.jp/27/index.php?JigyosyoCd=2774202051-00&ServiceCd=510&action_kouhyou_detail_024_kihon=true
364,特別養護老人ホーム 茨木荘,特別養護老人ホーム,茨木市丑寅2-1-5,茨木市,2774200832,510,mhlw_name_address,1.0,空床取得可能,0,90,60,2025-09-30,0/90人,厚労省公式,https://www.kaigokensaku.mhlw.go.jp/27/index.php?JigyosyoCd=2774200832-00&ServiceCd=510&action_kouhyou_detail_feature_index=true,https://www.kaigokensaku.mhlw.go.jp/27/index.php?JigyosyoCd=2774200832-00&ServiceCd=510&action_kouhyou_detail_024_kani=true,,2026-10-01T04:36:20+09:00,200,200,ok,,https://www.kaigokensaku.mhlw.go.jp/27/index.php?JigyosyoCd=2774200832-00&ServiceCd=510&action_kouhyou_detail_feature_index=true,https://www.kaigokensaku.mhlw.go.jp/27/index.php?JigyosyoCd=2774200832-00&ServiceCd=510&action_kouhyou_detail_024_kihon=true
365,特別養護老人ホームコムシェいばらき,特別養護老人ホーム,茨木市玉島1丁目28番1号,茨木市,2774202010,510,mhlw_name_address,1.0,空床取得可能,0,70,20,2025-01-26,0/70人,厚労省公式,https://www.kaigokensaku.mhlw.go.jp/27/index.php?JigyosyoCd=2774202010-00&ServiceCd=510&action_kouhyou_detail_feature_index=true,https://www.kaigokensaku.mhlw.go.jp/27/index.php?JigyosyoCd=2774202010-00&ServiceCd=510&action_kouhyou_detail_024_kani=true,,2026-10-01T04:36:23+09:00,200,200,ok,,https://www.kaigokensaku.mhlw.go.jp/27/index.php?JigyosyoCd=2774202010-00&ServiceCd=510&action_kouhyou_detail_feature_index=true,https://www.kaigokensaku.mhlw.go.jp/27/index.php?JigyosyoCd=2774202010-00&ServiceCd=510&action_kouhyou_detail_024_kihon=true
366,特別養護老人ホーム豊川の郷,特別養護老人ホーム,茨木市豊川４丁目３５番３１号,茨木市,2774202283,510,mhlw_name_address,1.0,待機人数のみ取得可能,,68,116,2022-10-17,0/0人,,,https://www.kaigokensaku.mhlw.go.jp/27/index.php?JigyosyoCd=2774202283-00&ServiceCd=510&action_kouhyou_detail_024_kani=true,http://www.to-wakai.or.jp,2026-10-01T04:36:27+09:00,200,200,ok,,https://www.kaigokensaku.mhlw.go.jp/27/index.php?JigyosyoCd=2774202283-00&ServiceCd=510&action_kouhyou_detail_feature_index=true,https://www.kaigokensaku.mhlw.go.jp/27/index.php?JigyosyoCd=2774202283-00&ServiceCd=510&action_kouhyou_detail_024_kihon=true
367,特別養護老人ホーム 春風,特別養護老人ホーム,茨木市南安威2丁目10番5号,茨木市,2774201616,510,mhlw_name_address,1.0,空床取得可能,0,57,84,2026-02-13,0/57人,厚労省公式,https://www.kaigokensaku.mhlw.go.jp/27/index.php?JigyosyoCd=2774201616-00&ServiceCd=510&action_kouhyou_detail_feature_index=true,https://www.kaigokensaku.mhlw.go.jp/27/index.php?JigyosyoCd=2774201616-00&ServiceCd=510&action_kouhyou_detail_024_kani=true,,2026-10-01T04:36:32+09:00,200,200,ok,,https://www.kaigokensaku.mhlw.go.jp/27/index.php?JigyosyoCd=2774201616-00&ServiceCd=510&action_kouhyou_detail_feature_index=true,https://www.kaigokensaku.mhlw.go.jp/27/index.php?JigyosyoCd=2774201616-00&ServiceCd=510&action_kouhyou_detail_024_kihon=true
368,特別養護老人ホーム 庄栄エルダーセンター,特別養護老人ホーム,茨木市庄2丁目7番38号,茨木市,2774200840,510,mhlw_name_address,1.0,空床取得可能,0,56,45,2026-09-23,0/56人,厚労省公式,https://www.kaigokensaku.mhlw.go.jp/27/index.php?JigyosyoCd=2774200840-00&ServiceCd=510&action_kouhyou_detail_feature_index=true,https://www.kaigokensaku.mhlw.go.jp/27/index.php?JigyosyoCd=2774200840-00&ServiceCd=510&action_kouhyou_detail_024_kani=true,,2026-10-01T04:36:35+09:00,200,200,ok,,https://www.kaigokensaku.mhlw.go.jp/27/index.php?JigyosyoCd=2774200840-00&ServiceCd=510&action_kouhyou_detail_feature_index=true,https://www.kaigokensaku.mhlw.go.jp/27/index.php?JigyosyoCd=2774200840-00&ServiceCd=510&action_kouhyou_detail_024_kihon=true
369,特別養護老人ホーム 聖和荘,特別養護老人ホーム,茨木市畑田町11番25号,茨木市,2774200360,510,mhlw_name_address,1.0,空床取得可能,0,50,47,2024-12-01,0/50人,厚労省公式,https://www.kaigokensaku.mhlw.go.jp/27/index.php?JigyosyoCd=2774200360-00&ServiceCd=510&action_kouhyou_detail_feature_index=true,https://www.kaigokensaku.mhlw.go.jp/27/index.php?JigyosyoCd=2774200360-00&ServiceCd=510&action_kouhyou_detail_024_kani=true,,2026-10-01T04:36:39+09:00,200,200,ok,,https://www.kaigokensaku.mhlw.go.jp/27/index.php?JigyosyoCd=2774200360-00&ServiceCd=510&action_kouhyou_detail_feature_index=true,https://www.kaigokensaku.mhlw.go.jp/27/index.php?JigyosyoCd=2774200360-00&ServiceCd=510&action_kouhyou_detail_024_kihon=true
370,特別養護老人ホーム 常清の里,特別養護老人ホーム,茨木市清水一丁目２８番２２号,茨木市,2774200444,510,mhlw_name_address,1.0,待機人数のみ取得可能,,50,85,2019-10-14,0/0人,,,https://www.kaigokensaku.mhlw.go.jp/27/index.php?JigyosyoCd=2774200444-00&ServiceCd=510&action_kouhyou_detail_024_kani=true,http://www.keitokukai.or.jp/,2026-10-01T04:36:42+09:00,200,200,ok,,https://www.kaigokensaku.mhlw.go.jp/27/index.php?JigyosyoCd=2774200444-00&ServiceCd=510&action_kouhyou_detail_feature_index=true,https://www.kaigokensaku.mhlw.go.jp/27/index.php?JigyosyoCd=2774200444-00&ServiceCd=510&action_kouhyou_detail_024_kihon=true
371,特別養護老人ホーム春菊苑,特別養護老人ホーム,茨木市見付山1-10-25,茨木市,2774200410,510,mhlw_name_address,1.0,待機人数のみ取得可能,,30,20,2024-12-24,0/0人,,,https://www.kaigokensaku.mhlw.go.jp/27/index.php?JigyosyoCd=2774200410-00&ServiceCd=510&action_kouhyou_detail_024_kani=true,http://www.keitokukai.or.jp/,2026-10-01T04:36:47+09:00,200,200,ok,,https://www.kaigokensaku.mhlw.go.jp/27/index.php?JigyosyoCd=2774200410-00&ServiceCd=510&action_kouhyou_detail_feature_index=true,https://www.kaigokensaku.mhlw.go.jp/27/index.php?JigyosyoCd=2774200410-00&ServiceCd=510&action_kouhyou_detail_024_kihon=true
372,特別養護老人ホーム春日丘荘「彩の家」,特別養護老人ホーム,茨木市南春日丘7丁目11番48号,茨木市,2794200143,540,mhlw_name_address,1.0,取得不可,,29,,2023-10-28,0/0人,,,,http://www.kasugaoka.net/fc_kasuga02/index.html,2026-10-01T04:36:52+09:00,200,200,ok,,https://www.kaigokensaku.mhlw.go.jp/27/index.php?JigyosyoCd=2794200143-00&ServiceCd=540&action_kouhyou_detail_feature_index=true,https://www.kaigokensaku.mhlw.go.jp/27/index.php?JigyosyoCd=2794200143-00&ServiceCd=540&action_kouhyou_detail_026_kihon=true
373,茨木太田地域密着型特別養護老人ホームラガール,特別養護老人ホーム,茨木市太田東芝町２-９,茨木市,2794200721,540,mhlw_name_address,1.0,取得不可,,29,,2026-08-28,0/0人,,,,http://ibaraki-cc.koudoukai.or.jp/,2026-10-01T04:37:01+09:00,200,200,ok,,https://www.kaigokensaku.mhlw.go.jp/27/index.php?JigyosyoCd=2794200721-00&ServiceCd=540&action_kouhyou_detail_feature_index=true,https://www.kaigokensaku.mhlw.go.jp/27/index.php?JigyosyoCd=2794200721-00&ServiceCd=540&action_kouhyou_detail_026_kihon=true
374,地域密着型介護老人福祉施設みやけの里,特別養護老人ホーム,茨木市丑寅二丁目1番8号,茨木市,2794200416,540,mhlw_name_address,1.0,空床取得可能,0,29,,2026-02-05,0/29人,厚労省公式,https://www.kaigokensaku.mhlw.go.jp/27/index.php?JigyosyoCd=2794200416-00&ServiceCd=540&action_kouhyou_detail_feature_index=true,,,2026-10-01T04:37:30+09:00,200,200,ok,,https://www.kaigokensaku.mhlw.go.jp/27/index.php?JigyosyoCd=2794200416-00&ServiceCd=540&action_kouhyou_detail_feature_index=true,https://www.kaigokensaku.mhlw.go.jp/27/index.php?JigyosyoCd=2794200416-00&ServiceCd=540&action_kouhyou_detail_026_kihon=true
375,コティコート茨木東,特別養護老人ホーム,茨木市鮎川1-12-7,茨木市,2794200895,540,mhlw_name_address,1.0,取得不可,,29,,,,,,,https://www.ikufuku.or.jp/,2026-10-01T04:37:33+09:00,200,200,ok,,https://www.kaigokensaku.mhlw.go.jp/27/index.php?JigyosyoCd=2794200895-00&ServiceCd=540&action_kouhyou_detail_feature_index=true,https://www.kaigokensaku.mhlw.go.jp/27/index.php?JigyosyoCd=2794200895-00&ServiceCd=540&action_kouhyou_detail_026_kihon=true
376,地域密着型介護老人福祉施設ほくしん苑,特別養護老人ホーム,茨木市泉原37-6,茨木市,2794200788,540,mhlw_name_address,1.0,取得不可,,29,,,,,,,http://www.tenno.or.jp/publics/index/57/,2026-10-01T04:37:37+09:00,200,200,ok,,https://www.kaigokensaku.mhlw.go.jp/27/index.php?JigyosyoCd=2794200788-00&ServiceCd=540&action_kouhyou_detail_feature_index=true,https://www.kaigokensaku.mhlw.go.jp/27/index.php?JigyosyoCd=2794200788-00&ServiceCd=540&action_kouhyou_detail_026_kihon=true
377,地域密着型特別養護老人ホームコムシェいばらき佳のか,特別養護老人ホーム,茨木市新堂二丁目２番５号,茨木市,2794200390,540,mhlw_name_address,1.0,取得不可,,19,,2024-12-23,0/0人,,,,http://keishokai.org,2026-10-01T04:37:47+09:00,200,200,ok,,https://www.kaigokensaku.mhlw.go.jp/27/index.php?JigyosyoCd=2794200390-00&ServiceCd=540&action_kouhyou_detail_feature_index=true,https://www.kaigokensaku.mhlw.go.jp/27/index.php?JigyosyoCd=2794200390-00&ServiceCd=540&action_kouhyou_detail_026_kihon=true
378,茨木地域密着型特別養護老人ホームやすらぎ,特別養護老人ホーム,茨木市上穂積1-2-27,茨木市,2794200630,540,mhlw_name_address,1.0,取得不可,,18,,2025-10-17,0/0人,,,,https://www.ibaraki.saiseikai.or.jp/yasuragi/,2026-10-01T04:37:52+09:00,200,200,ok,,https://www.kaigokensaku.mhlw.go.jp/27/index.php?JigyosyoCd=2794200630-00&ServiceCd=540&action_kouhyou_detail_feature_index=true,https://www.kaigokensaku.mhlw.go.jp/27/index.php?JigyosyoCd=2794200630-00&ServiceCd=540&action_kouhyou_detail_026_kihon=true
379,特別養護老人ホーム 吉兆苑,特別養護老人ホーム,八尾市幸町六丁目33番地2,八尾市,2775500354,510,mhlw_name_address,1.0,待機人数のみ取得可能,,150,25,2022-10-18,0/0人,,,https://www.kaigokensaku.mhlw.go.jp/27/index.php?JigyosyoCd=2775500354-00&ServiceCd=510&action_kouhyou_detail_024_kani=true,http://www.kicchouen.com,2026-10-01T04:37:57+09:00,200,200,ok,,https://www.kaigokensaku.mhlw.go.jp/27/index.php?JigyosyoCd=2775500354-00&ServiceCd=510&action_kouhyou_detail_feature_index=true,https://www.kaigokensaku.mhlw.go.jp/27/index.php?JigyosyoCd=2775500354-00&ServiceCd=510&action_kouhyou_detail_024_kihon=true
380,特別養護老人ホーム 萱振苑,特別養護老人ホーム,八尾市萱振町5丁目10番地,八尾市,2775500313,510,mhlw_name_address,1.0,空床取得可能,0,90,20,2026-09-26,0/90人,厚労省公式,https://www.kaigokensaku.mhlw.go.jp/27/index.php?JigyosyoCd=2775500313-00&ServiceCd=510&action_kouhyou_detail_feature_index=true,https://www.kaigokensaku.mhlw.go.jp/27/index.php?JigyosyoCd=2775500313-00&ServiceCd=510&action_kouhyou_detail_024_kani=true,,2026-10-01T04:38:04+09:00,200,200,ok,,https://www.kaigokensaku.mhlw.go.jp/27/index.php?JigyosyoCd=2775500313-00&ServiceCd=510&action_kouhyou_detail_feature_index=true,https://www.kaigokensaku.mhlw.go.jp/27/index.php?JigyosyoCd=2775500313-00&ServiceCd=510&action_kouhyou_detail_024_kihon=true
381,特別養護老人ホーム 信貴の里,特別養護老人ホーム,八尾市服部川5丁目7番地2,八尾市,2775500412,510,mhlw_name_address,1.0,待機人数のみ取得可能,,84,76,2017-09-19,0/0人,,,https://www.kaigokensaku.mhlw.go.jp/27/index.php?JigyosyoCd=2775500412-00&ServiceCd=510&action_kouhyou_detail_024_kani=true,http://shiginosato.com,2026-10-01T04:38:08+09:00,200,200,ok,,https://www.kaigokensaku.mhlw.go.jp/27/index.php?JigyosyoCd=2775500412-00&ServiceCd=510&action_kouhyou_detail_feature_index=true,https://www.kaigokensaku.mhlw.go.jp/27/index.php?JigyosyoCd=2775500412-00&ServiceCd=510&action_kouhyou_detail_024_kihon=true
382,特別養護老人ホーム四天王寺大畑山苑,特別養護老人ホーム,八尾市大字恩智1092-2,八尾市,2775505791,510,mhlw_name_address,1.0,待機人数のみ取得可能,,70,38,2020-10-03,0/0人,,,https://www.kaigokensaku.mhlw.go.jp/27/index.php?JigyosyoCd=2775505791-00&ServiceCd=510&action_kouhyou_detail_024_kani=true,http://www.shitennoji-fukushi.jp/oohatayamaen/,2026-10-01T04:38:13+09:00,200,200,ok,,https://www.kaigokensaku.mhlw.go.jp/27/index.php?JigyosyoCd=2775505791-00&ServiceCd=510&action_kouhyou_detail_feature_index=true,https://www.kaigokensaku.mhlw.go.jp/27/index.php?JigyosyoCd=2775505791-00&ServiceCd=510&action_kouhyou_detail_024_kihon=true
383,特別養護老人ホーム 高秀苑,特別養護老人ホーム,八尾市桂町５丁目１１－６特別養護老人ホーム 高秀苑,八尾市,2775502236,510,mhlw_name_address,1.0,空床取得可能,0,63,0,2025-12-18,0/63人,厚労省公式,https://www.kaigokensaku.mhlw.go.jp/27/index.php?JigyosyoCd=2775502236-00&ServiceCd=510&action_kouhyou_detail_feature_index=true,https://www.kaigokensaku.mhlw.go.jp/27/index.php?JigyosyoCd=2775502236-00&ServiceCd=510&action_kouhyou_detail_024_kani=true,,2026-10-01T04:38:19+09:00,200,200,ok,,https://www.kaigokensaku.mhlw.go.jp/27/index.php?JigyosyoCd=2775502236-00&ServiceCd=510&action_kouhyou_detail_feature_index=true,https://www.kaigokensaku.mhlw.go.jp/27/index.php?JigyosyoCd=2775502236-00&ServiceCd=510&action_kouhyou_detail_024_kihon=true
384,特別養護老人ホーム ピュア,特別養護老人ホーム,八尾市郡川2丁目33番地１,八尾市,2775501980,510,mhlw_name_address,1.0,空床取得可能,0,60,0,2020-12-03,0/60人,厚労省公式,https://www.kaigokensaku.mhlw.go.jp/27/index.php?JigyosyoCd=2775501980-00&ServiceCd=510&action_kouhyou_detail_feature_index=true,https://www.kaigokensaku.mhlw.go.jp/27/index.php?JigyosyoCd=2775501980-00&ServiceCd=510&action_kouhyou_detail_024_kani=true,,2026-10-01T04:38:22+09:00,200,200,ok,,https://www.kaigokensaku.mhlw.go.jp/27/index.php?JigyosyoCd=2775501980-00&ServiceCd=510&action_kouhyou_detail_feature_index=true,https://www.kaigokensaku.mhlw.go.jp/27/index.php?JigyosyoCd=2775501980-00&ServiceCd=510&action_kouhyou_detail_024_kihon=true
385,特別養護老人ホーム寿光園,特別養護老人ホーム,八尾市楽音寺2-125,八尾市,2775500552,510,mhlw_name_address,1.0,待機人数のみ取得可能,,60,15,,0/0人,,,https://www.kaigokensaku.mhlw.go.jp/27/index.php?JigyosyoCd=2775500552-00&ServiceCd=510&action_kouhyou_detail_024_kani=true,http://jyukouen.jyukoukai.org,2026-10-01T04:38:25+09:00,200,200,ok,,https://www.kaigokensaku.mhlw.go.jp/27/index.php?JigyosyoCd=2775500552-00&ServiceCd=510&action_kouhyou_detail_feature_index=true,https://www.kaigokensaku.mhlw.go.jp/27/index.php?JigyosyoCd=2775500552-00&ServiceCd=510&action_kouhyou_detail_024_kihon=true
386,特別養護老人ホーム ホーム太子堂,特別養護老人ホーム,八尾市太子堂４－１－３２,八尾市,2775500610,510,mhlw_name_address,1.0,待機人数のみ取得可能,,54,30,2025-10-18,0/0人,,,https://www.kaigokensaku.mhlw.go.jp/27/index.php?JigyosyoCd=2775500610-00&ServiceCd=510&action_kouhyou_detail_024_kani=true,http://www.ryuge.or.jp/,2026-10-01T04:38:30+09:00,200,200,ok,,https://www.kaigokensaku.mhlw.go.jp/27/index.php?JigyosyoCd=2775500610-00&ServiceCd=510&action_kouhyou_detail_feature_index=true,https://www.kaigokensaku.mhlw.go.jp/27/index.php?JigyosyoCd=2775500610-00&ServiceCd=510&action_kouhyou_detail_024_kihon=true
387,特別養護老人ホーム成法苑,特別養護老人ホーム,八尾市南本町3-4-5,八尾市,2775500321,510,mhlw_name_address,1.0,待機人数のみ取得可能,,50,50,2025-09-23,0/0人,,,https://www.kaigokensaku.mhlw.go.jp/27/index.php?JigyosyoCd=2775500321-00&ServiceCd=510&action_kouhyou_detail_024_kani=true,http://www.yaorinpokan.or.jp/,2026-10-01T04:38:34+09:00,200,200,ok,,https://www.kaigokensaku.mhlw.go.jp/27/index.php?JigyosyoCd=2775500321-00&ServiceCd=510&action_kouhyou_detail_feature_index=true,https://www.kaigokensaku.mhlw.go.jp/27/index.php?JigyosyoCd=2775500321-00&ServiceCd=510&action_kouhyou_detail_024_kihon=true
388,特別養護老人ホーム長生園,特別養護老人ホーム,八尾市光南町１丁目４番８号,八尾市,2775501758,510,mhlw_name_address,1.0,空床取得可能,0,50,50,2023-02-18,0/50人,厚労省公式,https://www.kaigokensaku.mhlw.go.jp/27/index.php?JigyosyoCd=2775501758-00&ServiceCd=510&action_kouhyou_detail_feature_index=true,https://www.kaigokensaku.mhlw.go.jp/27/index.php?JigyosyoCd=2775501758-00&ServiceCd=510&action_kouhyou_detail_024_kani=true,,2026-10-01T04:38:39+09:00,200,200,ok,,https://www.kaigokensaku.mhlw.go.jp/27/index.php?JigyosyoCd=2775501758-00&ServiceCd=510&action_kouhyou_detail_feature_index=true,https://www.kaigokensaku.mhlw.go.jp/27/index.php?JigyosyoCd=2775501758-00&ServiceCd=510&action_kouhyou_detail_024_kihon=true
389,特別養護老人ホーム久宝寺愛の郷,特別養護老人ホーム,八尾市久宝寺三丁目15-38,八尾市,2775505221,510,mhlw_name_address,1.0,空床取得可能,0,50,100,2025-12-11,0/50人,厚労省公式,https://www.kaigokensaku.mhlw.go.jp/27/index.php?JigyosyoCd=2775505221-00&ServiceCd=510&action_kouhyou_detail_feature_index=true,https://www.kaigokensaku.mhlw.go.jp/27/index.php?JigyosyoCd=2775505221-00&ServiceCd=510&action_kouhyou_detail_024_kani=true,,2026-10-01T04:38:43+09:00,200,200,ok,,https://www.kaigokensaku.mhlw.go.jp/27/index.php?JigyosyoCd=2775505221-00&ServiceCd=510&action_kouhyou_detail_feature_index=true,https://www.kaigokensaku.mhlw.go.jp/27/index.php?JigyosyoCd=2775505221-00&ServiceCd=510&action_kouhyou_detail_024_kihon=true
390,特別養護老人ホーム 高安の郷,特別養護老人ホーム,八尾市服部川４丁目７７番地１,八尾市,2775501725,510,mhlw_name_address,1.0,待機人数のみ取得可能,,50,30,2025-12-25,0/0人,,,https://www.kaigokensaku.mhlw.go.jp/27/index.php?JigyosyoCd=2775501725-00&ServiceCd=510&action_kouhyou_detail_024_kani=true,,2026-10-01T04:38:46+09:00,200,200,ok,,https://www.kaigokensaku.mhlw.go.jp/27/index.php?JigyosyoCd=2775501725-00&ServiceCd=510&action_kouhyou_detail_feature_index=true,https://www.kaigokensaku.mhlw.go.jp/27/index.php?JigyosyoCd=2775501725-00&ServiceCd=510&action_kouhyou_detail_024_kihon=true
391,特別養護老人ホームあすか八尾,特別養護老人ホーム,八尾市太子堂四丁目２番３３号,八尾市,2775500990,510,mhlw_name_address,1.0,待機人数のみ取得可能,,30,25,2019-11-27,0/0人,,,https://www.kaigokensaku.mhlw.go.jp/27/index.php?JigyosyoCd=2775500990-00&ServiceCd=510&action_kouhyou_detail_024_kani=true,http://www.tomojyu.or.jp,2026-10-01T04:38:50+09:00,200,200,ok,,https://www.kaigokensaku.mhlw.go.jp/27/index.php?JigyosyoCd=2775500990-00&ServiceCd=510&action_kouhyou_detail_feature_index=true,https://www.kaigokensaku.mhlw.go.jp/27/index.php?JigyosyoCd=2775500990-00&ServiceCd=510&action_kouhyou_detail_024_kihon=true
392,特別養護老人ホーム 幸寿,特別養護老人ホーム,八尾市太田３丁目１９２番地２特別養護老人ホーム 幸寿,八尾市,2775501147,510,mhlw_name_address,1.0,待機人数のみ取得可能,,30,19,2017-10-19,0/0人,,,https://www.kaigokensaku.mhlw.go.jp/27/index.php?JigyosyoCd=2775501147-00&ServiceCd=510&action_kouhyou_detail_024_kani=true,,2026-10-01T04:38:56+09:00,200,200,ok,,https://www.kaigokensaku.mhlw.go.jp/27/index.php?JigyosyoCd=2775501147-00&ServiceCd=510&action_kouhyou_detail_feature_index=true,https://www.kaigokensaku.mhlw.go.jp/27/index.php?JigyosyoCd=2775501147-00&ServiceCd=510&action_kouhyou_detail_024_kihon=true
393,特別養護老人ホーム しあわせの郷,特別養護老人ホーム,八尾市郡川三丁目80番地1,八尾市,2775502244,510,mhlw_name_address,1.0,待機人数のみ取得可能,,30,139,2022-10-22,0/0人,,,https://www.kaigokensaku.mhlw.go.jp/27/index.php?JigyosyoCd=2775502244-00&ServiceCd=510&action_kouhyou_detail_024_kani=true,http://shiawasenosato.com/,2026-10-01T04:38:59+09:00,200,200,ok,,https://www.kaigokensaku.mhlw.go.jp/27/index.php?JigyosyoCd=2775502244-00&ServiceCd=510&action_kouhyou_detail_feature_index=true,https://www.kaigokensaku.mhlw.go.jp/27/index.php?JigyosyoCd=2775502244-00&ServiceCd=510&action_kouhyou_detail_024_kihon=true
394,特別養護老人ホーム楽寿,特別養護老人ホーム,八尾市神宮寺1丁目154番地特別養護老人ホーム 楽寿,八尾市,2795500251,540,mhlw_name_address,1.0,取得不可,,29,,2026-04-08,0/0人,,,,http://jyukoukai.org/,2026-10-01T04:39:03+09:00,200,200,ok,,https://www.kaigokensaku.mhlw.go.jp/27/index.php?JigyosyoCd=2795500251-00&ServiceCd=540&action_kouhyou_detail_feature_index=true,https://www.kaigokensaku.mhlw.go.jp/27/index.php?JigyosyoCd=2795500251-00&ServiceCd=540&action_kouhyou_detail_026_kihon=true
395,特別養護老人ホーム第二成法苑つむぎ,特別養護老人ホーム,八尾市南本町3丁目5番37号lifeつむぎ,八尾市,2795500350,540,mhlw_name_address,1.0,取得不可,,29,,,,,,,http://www.yaorinpokan.or.jp,2026-10-01T04:39:07+09:00,200,200,ok,,https://www.kaigokensaku.mhlw.go.jp/27/index.php?JigyosyoCd=2795500350-00&ServiceCd=540&action_kouhyou_detail_feature_index=true,https://www.kaigokensaku.mhlw.go.jp/27/index.php?JigyosyoCd=2795500350-00&ServiceCd=540&action_kouhyou_detail_026_kihon=true
396,特別養護老人ホーム 第二長生園 永祥庵,特別養護老人ホーム,八尾市高美町１丁目３番５７号,八尾市,2795500145,540,mhlw_name_address,1.0,空床取得可能,0,29,,2023-02-19,0/29人,厚労省公式,https://www.kaigokensaku.mhlw.go.jp/27/index.php?JigyosyoCd=2795500145-00&ServiceCd=540&action_kouhyou_detail_feature_index=true,,,2026-10-01T04:39:13+09:00,200,200,ok,,https://www.kaigokensaku.mhlw.go.jp/27/index.php?JigyosyoCd=2795500145-00&ServiceCd=540&action_kouhyou_detail_feature_index=true,https://www.kaigokensaku.mhlw.go.jp/27/index.php?JigyosyoCd=2795500145-00&ServiceCd=540&action_kouhyou_detail_026_kihon=true
397,ことほぎ,特別養護老人ホーム,八尾市太田３丁目１９８番地２,八尾市,2795500095,540,mhlw_name_address,1.0,取得不可,,29,,2024-12-15,0/0人,,,,,2026-10-01T04:39:16+09:00,200,200,ok,,https://www.kaigokensaku.mhlw.go.jp/27/index.php?JigyosyoCd=2795500095-00&ServiceCd=540&action_kouhyou_detail_feature_index=true,https://www.kaigokensaku.mhlw.go.jp/27/index.php?JigyosyoCd=2795500095-00&ServiceCd=540&action_kouhyou_detail_026_kihon=true
398,地域密着型特別養護老人ホームしあわせの郷和卯,特別養護老人ホーム,八尾市郡川三丁目82番地,八尾市,2795500152,540,mhlw_name_address,1.0,空床取得可能,0,29,,2018-02-10,0/29人,厚労省公式,https://www.kaigokensaku.mhlw.go.jp/27/index.php?JigyosyoCd=2795500152-00&ServiceCd=540&action_kouhyou_detail_feature_index=true,,,2026-10-01T04:39:20+09:00,200,200,ok,,https://www.kaigokensaku.mhlw.go.jp/27/index.php?JigyosyoCd=2795500152-00&ServiceCd=540&action_kouhyou_detail_feature_index=true,https://www.kaigokensaku.mhlw.go.jp/27/index.php?JigyosyoCd=2795500152-00&ServiceCd=540&action_kouhyou_detail_026_kihon=true
399,地域密着型特別養護老人ホームノーブル高砂,特別養護老人ホーム,八尾市幸町3-108-1地域密着型特別養護老人ホームノーブル高砂,八尾市,2795500194,540,mhlw_name_address,1.0,空床取得可能,3,29,,2025-01-07,3/29人,厚労省公式,https://www.kaigokensaku.mhlw.go.jp/27/index.php?JigyosyoCd=2795500194-00&ServiceCd=540&action_kouhyou_detail_feature_index=true,,,2026-10-01T04:39:23+09:00,200,200,ok,,https://www.kaigokensaku.mhlw.go.jp/27/index.php?JigyosyoCd=2795500194-00&ServiceCd=540&action_kouhyou_detail_feature_index=true,https://www.kaigokensaku.mhlw.go.jp/27/index.php?JigyosyoCd=2795500194-00&ServiceCd=540&action_kouhyou_detail_026_kihon=true
400,特別養護老人ホーム はくとう春日,特別養護老人ホーム,八尾市春日町4-5-3,八尾市,2795500111,540,mhlw_name_address,1.0,取得不可,,29,,2017-10-26,0/0人,,,,https://meijyukai.jp/office/hakutou-kasuga/,2026-10-01T04:39:26+09:00,200,200,ok,,https://www.kaigokensaku.mhlw.go.jp/27/index.php?JigyosyoCd=2795500111-00&ServiceCd=540&action_kouhyou_detail_feature_index=true,https://www.kaigokensaku.mhlw.go.jp/27/index.php?JigyosyoCd=2795500111-00&ServiceCd=540&action_kouhyou_detail_026_kihon=true
401,地域密着型特別養護老人ホーム寿光園,特別養護老人ホーム,八尾市楽音寺2-125,八尾市,2795500236,540,mhlw_name_address,1.0,取得不可,,16,,,0/0人,,,,http://jyukouen.jyukoukai.org,2026-10-01T04:39:34+09:00,200,200,ok,,https://www.kaigokensaku.mhlw.go.jp/27/index.php?JigyosyoCd=2795500236-00&ServiceCd=540&action_kouhyou_detail_feature_index=true,https://www.kaigokensaku.mhlw.go.jp/27/index.php?JigyosyoCd=2795500236-00&ServiceCd=540&action_kouhyou_detail_026_kihon=true
402,特別養護老人ホーム 犬鳴山荘,特別養護老人ホーム,泉佐野市土丸３８８番地,泉佐野市,2774500306,510,mhlw_name_address,1.0,待機人数のみ取得可能,,110,2,2024-12-20,0/0人,,,https://www.kaigokensaku.mhlw.go.jp/27/index.php?JigyosyoCd=2774500306-00&ServiceCd=510&action_kouhyou_detail_024_kihon=true,http://www.inunaki.or.jp,2026-10-01T04:39:52+09:00,200,200,ok,,https://www.kaigokensaku.mhlw.go.jp/27/index.php?JigyosyoCd=2774500306-00&ServiceCd=510&action_kouhyou_detail_feature_index=true,https://www.kaigokensaku.mhlw.go.jp/27/index.php?JigyosyoCd=2774500306-00&ServiceCd=510&action_kouhyou_detail_024_kihon=true
403,特別養護老人ホーム 泉ヶ丘園,特別養護老人ホーム,泉佐野市土丸531,泉佐野市,2774500421,510,mhlw_name_address,1.0,空床取得可能,0,70,2,2025-10-04,0/70人,厚労省公式,https://www.kaigokensaku.mhlw.go.jp/27/index.php?JigyosyoCd=2774500421-00&ServiceCd=510&action_kouhyou_detail_feature_index=true,https://www.kaigokensaku.mhlw.go.jp/27/index.php?JigyosyoCd=2774500421-00&ServiceCd=510&action_kouhyou_detail_024_kani=true,,2026-10-01T04:39:57+09:00,200,200,ok,,https://www.kaigokensaku.mhlw.go.jp/27/index.php?JigyosyoCd=2774500421-00&ServiceCd=510&action_kouhyou_detail_feature_index=true,https://www.kaigokensaku.mhlw.go.jp/27/index.php?JigyosyoCd=2774500421-00&ServiceCd=510&action_kouhyou_detail_024_kihon=true
404,特別養護老人ホーム 泉ヶ丘園りんくう,特別養護老人ホーム,泉佐野市りんくう往来南５－１７,泉佐野市,2774501007,510,mhlw_name_address,1.0,空床取得可能,0,60,3,2019-10-13,0/50人,厚労省公式,https://www.kaigokensaku.mhlw.go.jp/27/index.php?JigyosyoCd=2774501007-00&ServiceCd=510&action_kouhyou_detail_feature_index=true,https://www.kaigokensaku.mhlw.go.jp/27/index.php?JigyosyoCd=2774501007-00&ServiceCd=510&action_kouhyou_detail_024_kani=true,,2026-10-01T04:40:00+09:00,200,200,ok,,https://www.kaigokensaku.mhlw.go.jp/27/index.php?JigyosyoCd=2774501007-00&ServiceCd=510&action_kouhyou_detail_feature_index=true,https://www.kaigokensaku.mhlw.go.jp/27/index.php?JigyosyoCd=2774501007-00&ServiceCd=510&action_kouhyou_detail_024_kihon=true
405,特別養護老人ホーム ホライズン,特別養護老人ホーム,泉佐野市鶴原1071－1,泉佐野市,2774500884,510,mhlw_name_address,1.0,空床取得可能,0,30,10,2026-05-20,0/30人,厚労省公式,https://www.kaigokensaku.mhlw.go.jp/27/index.php?JigyosyoCd=2774500884-00&ServiceCd=510&action_kouhyou_detail_feature_index=true,https://www.kaigokensaku.mhlw.go.jp/27/index.php?JigyosyoCd=2774500884-00&ServiceCd=510&action_kouhyou_detail_024_kani=true,,2026-10-01T04:40:04+09:00,200,200,ok,,https://www.kaigokensaku.mhlw.go.jp/27/index.php?JigyosyoCd=2774500884-00&ServiceCd=510&action_kouhyou_detail_feature_index=true,https://www.kaigokensaku.mhlw.go.jp/27/index.php?JigyosyoCd=2774500884-00&ServiceCd=510&action_kouhyou_detail_024_kihon=true
406,地域密着型介護老人福祉施設 エルダーケア,特別養護老人ホーム,泉佐野市中庄1305番地3,泉佐野市,2794500096,540,mhlw_name_address,1.0,取得不可,,29,,2020-09-24,0/0人,,,,http://www.eldercare.or.jp,2026-10-01T04:40:07+09:00,200,200,ok,,https://www.kaigokensaku.mhlw.go.jp/27/index.php?JigyosyoCd=2794500096-00&ServiceCd=540&action_kouhyou_detail_feature_index=true,https://www.kaigokensaku.mhlw.go.jp/27/index.php?JigyosyoCd=2794500096-00&ServiceCd=540&action_kouhyou_detail_026_kihon=true
407,特別養護老人ホーム 錦織荘,特別養護老人ホーム,富田林市錦織東三丁目４番１８号,富田林市,2774900118,510,mhlw_name_address,1.0,待機人数のみ取得可能,,110,15,2026-09-23,0/0人,,,https://www.kaigokensaku.mhlw.go.jp/27/index.php?JigyosyoCd=2774900118-00&ServiceCd=510&action_kouhyou_detail_024_kani=true,http://tomiwakai.or.jp,2026-10-01T04:40:21+09:00,200,200,ok,,https://www.kaigokensaku.mhlw.go.jp/27/index.php?JigyosyoCd=2774900118-00&ServiceCd=510&action_kouhyou_detail_feature_index=true,https://www.kaigokensaku.mhlw.go.jp/27/index.php?JigyosyoCd=2774900118-00&ServiceCd=510&action_kouhyou_detail_024_kihon=true
408,特別養護老人ホーム 喜志菊水苑,特別養護老人ホーム,富田林市喜志町３丁目１番３３号,富田林市,2774900845,510,mhlw_name_address,1.0,空床取得可能,0,104,32,2025-10-09,0/104人,厚労省公式,https://www.kaigokensaku.mhlw.go.jp/27/index.php?JigyosyoCd=2774900845-00&ServiceCd=510&action_kouhyou_detail_feature_index=true,https://www.kaigokensaku.mhlw.go.jp/27/index.php?JigyosyoCd=2774900845-00&ServiceCd=510&action_kouhyou_detail_024_kani=true,,2026-10-01T04:40:27+09:00,200,200,ok,,https://www.kaigokensaku.mhlw.go.jp/27/index.php?JigyosyoCd=2774900845-00&ServiceCd=510&action_kouhyou_detail_feature_index=true,https://www.kaigokensaku.mhlw.go.jp/27/index.php?JigyosyoCd=2774900845-00&ServiceCd=510&action_kouhyou_detail_024_kihon=true
409,富田林特別養護老人ホーム富美ヶ丘荘,特別養護老人ホーム,富田林市向陽台一丁目3番22号,富田林市,2774900621,510,mhlw_name_address,1.0,待機人数のみ取得可能,,100,97,2026-09-17,0/0人,,,https://www.kaigokensaku.mhlw.go.jp/27/index.php?JigyosyoCd=2774900621-00&ServiceCd=510&action_kouhyou_detail_024_kani=true,https://tondabayashi.saiseikai.or.jp/fumigaokasou/,2026-10-01T04:40:31+09:00,200,200,ok,,https://www.kaigokensaku.mhlw.go.jp/27/index.php?JigyosyoCd=2774900621-00&ServiceCd=510&action_kouhyou_detail_feature_index=true,https://www.kaigokensaku.mhlw.go.jp/27/index.php?JigyosyoCd=2774900621-00&ServiceCd=510&action_kouhyou_detail_024_kihon=true
410,かんなびのさと,特別養護老人ホーム,富田林市大字甘南備216番地,富田林市,2774901520,510,mhlw_name_address,1.0,空床取得可能,1,80,20,2026-03-17,1/80人,厚労省公式,https://www.kaigokensaku.mhlw.go.jp/27/index.php?JigyosyoCd=2774901520-00&ServiceCd=510&action_kouhyou_detail_feature_index=true,https://www.kaigokensaku.mhlw.go.jp/27/index.php?JigyosyoCd=2774901520-00&ServiceCd=510&action_kouhyou_detail_024_kani=true,,2026-10-01T04:40:36+09:00,200,200,ok,,https://www.kaigokensaku.mhlw.go.jp/27/index.php?JigyosyoCd=2774901520-00&ServiceCd=510&action_kouhyou_detail_feature_index=true,https://www.kaigokensaku.mhlw.go.jp/27/index.php?JigyosyoCd=2774901520-00&ServiceCd=510&action_kouhyou_detail_024_kihon=true
411,特別養護老人ホーム オレンジ荘,特別養護老人ホーム,富田林市大字龍泉８７７－７８,富田林市,2774900308,510,mhlw_name_address,1.0,待機人数のみ取得可能,,56,40,2026-09-17,0/0人,,,https://www.kaigokensaku.mhlw.go.jp/27/index.php?JigyosyoCd=2774900308-00&ServiceCd=510&action_kouhyou_detail_024_kani=true,http://www.orange.or.jp/,2026-10-01T04:40:39+09:00,200,200,ok,,https://www.kaigokensaku.mhlw.go.jp/27/index.php?JigyosyoCd=2774900308-00&ServiceCd=510&action_kouhyou_detail_feature_index=true,https://www.kaigokensaku.mhlw.go.jp/27/index.php?JigyosyoCd=2774900308-00&ServiceCd=510&action_kouhyou_detail_024_kihon=true
412,地域密着型介護老人福祉施設 さえずり,特別養護老人ホーム,富田林市五軒家1-25-10,富田林市,2794900072,540,mhlw_name_address,1.0,空床取得可能,0,29,,2024-12-20,0/29人,厚労省公式,https://www.kaigokensaku.mhlw.go.jp/27/index.php?JigyosyoCd=2794900072-00&ServiceCd=540&action_kouhyou_detail_feature_index=true,,,2026-10-01T04:40:44+09:00,200,200,ok,,https://www.kaigokensaku.mhlw.go.jp/27/index.php?JigyosyoCd=2794900072-00&ServiceCd=540&action_kouhyou_detail_feature_index=true,https://www.kaigokensaku.mhlw.go.jp/27/index.php?JigyosyoCd=2794900072-00&ServiceCd=540&action_kouhyou_detail_026_kihon=true
413,特別養護老人ホーム 寿里苑夢の杜,特別養護老人ホーム,富田林市高辺台2-8-12,富田林市,2794900015,540,mhlw_name_address,1.0,取得不可,,29,,2025-01-19,0/0人,,,,http://www.julien.or.jp/,2026-10-01T04:40:50+09:00,200,200,ok,,https://www.kaigokensaku.mhlw.go.jp/27/index.php?JigyosyoCd=2794900015-00&ServiceCd=540&action_kouhyou_detail_feature_index=true,https://www.kaigokensaku.mhlw.go.jp/27/index.php?JigyosyoCd=2794900015-00&ServiceCd=540&action_kouhyou_detail_026_kihon=true
414,特別養護老人ホーム 寝屋川石津園,特別養護老人ホーム,寝屋川市石津中町35番8号,寝屋川市,2770300727,510,seed_code,1.0,待機人数のみ取得可能,,100,67,2024-12-25,0/0人,,,https://www.kaigokensaku.mhlw.go.jp/27/index.php?JigyosyoCd=2770300727-00&ServiceCd=510&action_kouhyou_detail_024_kani=true,http://www.ishiduen.net,2026-10-01T04:41:02+09:00,200,200,ok,,https://www.kaigokensaku.mhlw.go.jp/27/index.php?JigyosyoCd=2770300727-00&ServiceCd=510&action_kouhyou_detail_feature_index=true,https://www.kaigokensaku.mhlw.go.jp/27/index.php?JigyosyoCd=2770300727-00&ServiceCd=510&action_kouhyou_detail_024_kihon=true
415,特別養護老人ホーム いちょう園,特別養護老人ホーム,寝屋川市打上南町１４番１号,寝屋川市,2770300636,510,seed_code,1.0,待機人数のみ取得可能,,94,71,2025-10-05,0/0人,,,https://www.kaigokensaku.mhlw.go.jp/27/index.php?JigyosyoCd=2770300636-00&ServiceCd=510&action_kouhyou_detail_024_kani=true,https://ichouen.org/,2026-10-01T04:41:10+09:00,200,200,ok,,https://www.kaigokensaku.mhlw.go.jp/27/index.php?JigyosyoCd=2770300636-00&ServiceCd=510&action_kouhyou_detail_feature_index=true,https://www.kaigokensaku.mhlw.go.jp/27/index.php?JigyosyoCd=2770300636-00&ServiceCd=510&action_kouhyou_detail_024_kihon=true
416,特別養護老人ホーム寝屋川苑,特別養護老人ホーム,寝屋川市宇谷町１番３６号,寝屋川市,2770300701,510,seed_code,1.0,待機人数のみ取得可能,,84,98,2025-10-18,0/0人,,,https://www.kaigokensaku.mhlw.go.jp/27/index.php?JigyosyoCd=2770300701-00&ServiceCd=510&action_kouhyou_detail_024_kani=true,http://www.neyagawaen.com/,2026-10-01T04:41:16+09:00,200,200,ok,,https://www.kaigokensaku.mhlw.go.jp/27/index.php?JigyosyoCd=2770300701-00&ServiceCd=510&action_kouhyou_detail_feature_index=true,https://www.kaigokensaku.mhlw.go.jp/27/index.php?JigyosyoCd=2770300701-00&ServiceCd=510&action_kouhyou_detail_024_kihon=true
417,特別養護老人ホームさくら園,特別養護老人ホーム,寝屋川市打上南町14番1-2号,寝屋川市,2770305601,510,seed_code,1.0,待機人数のみ取得可能,,80,10,2023-10-08,0/0人,,,https://www.kaigokensaku.mhlw.go.jp/27/index.php?JigyosyoCd=2770305601-00&ServiceCd=510&action_kouhyou_detail_024_kani=true,https://sakuraen-osaka.org,2026-10-01T04:41:22+09:00,200,200,ok,,https://www.kaigokensaku.mhlw.go.jp/27/index.php?JigyosyoCd=2770305601-00&ServiceCd=510&action_kouhyou_detail_feature_index=true,https://www.kaigokensaku.mhlw.go.jp/27/index.php?JigyosyoCd=2770305601-00&ServiceCd=510&action_kouhyou_detail_024_kihon=true
418,特別養護老人ホーム和の里,特別養護老人ホーム,寝屋川市高柳一丁目１番１５号,寝屋川市,2770302657,510,seed_code,1.0,空床取得可能,2,80,0,2026-09-29,2/80人,厚労省公式,https://www.kaigokensaku.mhlw.go.jp/27/index.php?JigyosyoCd=2770302657-00&ServiceCd=510&action_kouhyou_detail_feature_index=true,https://www.kaigokensaku.mhlw.go.jp/27/index.php?JigyosyoCd=2770302657-00&ServiceCd=510&action_kouhyou_detail_024_kani=true,,2026-10-01T04:41:26+09:00,200,200,ok,,https://www.kaigokensaku.mhlw.go.jp/27/index.php?JigyosyoCd=2770302657-00&ServiceCd=510&action_kouhyou_detail_feature_index=true,https://www.kaigokensaku.mhlw.go.jp/27/index.php?JigyosyoCd=2770302657-00&ServiceCd=510&action_kouhyou_detail_024_kihon=true
419,特別養護老人ホーム東神田の里,特別養護老人ホーム,寝屋川市東神田町19番1号,寝屋川市,2770304562,510,seed_code,1.0,空床取得可能,3,70,3,2025-01-23,3/70人,厚労省公式,https://www.kaigokensaku.mhlw.go.jp/27/index.php?JigyosyoCd=2770304562-00&ServiceCd=510&action_kouhyou_detail_feature_index=true,https://www.kaigokensaku.mhlw.go.jp/27/index.php?JigyosyoCd=2770304562-00&ServiceCd=510&action_kouhyou_detail_024_kani=true,,2026-10-01T04:41:30+09:00,200,200,ok,,https://www.kaigokensaku.mhlw.go.jp/27/index.php?JigyosyoCd=2770304562-00&ServiceCd=510&action_kouhyou_detail_feature_index=true,https://www.kaigokensaku.mhlw.go.jp/27/index.php?JigyosyoCd=2770304562-00&ServiceCd=510&action_kouhyou_detail_024_kihon=true
420,特別養護老人ホーム幸楽の里ねや川,特別養護老人ホーム,寝屋川市葛原二丁目4番31号特別養護老人ホーム幸楽の里ねや川,寝屋川市,2770304638,510,seed_code,1.0,空床取得可能,0,70,48,2025-10-06,0/70人,厚労省公式,https://www.kaigokensaku.mhlw.go.jp/27/index.php?JigyosyoCd=2770304638-00&ServiceCd=510&action_kouhyou_detail_feature_index=true,https://www.kaigokensaku.mhlw.go.jp/27/index.php?JigyosyoCd=2770304638-00&ServiceCd=510&action_kouhyou_detail_024_kani=true,,2026-10-01T04:41:33+09:00,200,200,ok,,https://www.kaigokensaku.mhlw.go.jp/27/index.php?JigyosyoCd=2770304638-00&ServiceCd=510&action_kouhyou_detail_feature_index=true,https://www.kaigokensaku.mhlw.go.jp/27/index.php?JigyosyoCd=2770304638-00&ServiceCd=510&action_kouhyou_detail_024_kihon=true
421,特別養護老人ホーム合掌荘,特別養護老人ホーム,寝屋川市成田東が丘28番7号,寝屋川市,2770300495,510,seed_code,1.0,空床取得可能,0,70,37,2024-12-11,0/70人,厚労省公式,https://www.kaigokensaku.mhlw.go.jp/27/index.php?JigyosyoCd=2770300495-00&ServiceCd=510&action_kouhyou_detail_feature_index=true,https://www.kaigokensaku.mhlw.go.jp/27/index.php?JigyosyoCd=2770300495-00&ServiceCd=510&action_kouhyou_detail_024_kani=true,,2026-10-01T04:41:37+09:00,200,200,ok,,https://www.kaigokensaku.mhlw.go.jp/27/index.php?JigyosyoCd=2770300495-00&ServiceCd=510&action_kouhyou_detail_feature_index=true,https://www.kaigokensaku.mhlw.go.jp/27/index.php?JigyosyoCd=2770300495-00&ServiceCd=510&action_kouhyou_detail_024_kihon=true
422,特別養護老人ホーム 香西園,特別養護老人ホーム,寝屋川市香里西之町１４番２４号,寝屋川市,2770300693,510,seed_code,1.0,空床取得可能,0,60,3,2024-12-16,0/60人,厚労省公式,https://www.kaigokensaku.mhlw.go.jp/27/index.php?JigyosyoCd=2770300693-00&ServiceCd=510&action_kouhyou_detail_feature_index=true,https://www.kaigokensaku.mhlw.go.jp/27/index.php?JigyosyoCd=2770300693-00&ServiceCd=510&action_kouhyou_detail_024_kani=true,,2026-10-01T04:41:40+09:00,200,200,ok,,https://www.kaigokensaku.mhlw.go.jp/27/index.php?JigyosyoCd=2770300693-00&ServiceCd=510&action_kouhyou_detail_feature_index=true,https://www.kaigokensaku.mhlw.go.jp/27/index.php?JigyosyoCd=2770300693-00&ServiceCd=510&action_kouhyou_detail_024_kihon=true
423,特別養護老人ホーム 寝屋川十字の園,特別養護老人ホーム,寝屋川市池田3丁目1番33号,寝屋川市,2770300396,510,seed_code,1.0,空床取得可能,0,50,15,2024-01-27,0/50人,厚労省公式,https://www.kaigokensaku.mhlw.go.jp/27/index.php?JigyosyoCd=2770300396-00&ServiceCd=510&action_kouhyou_detail_feature_index=true,https://www.kaigokensaku.mhlw.go.jp/27/index.php?JigyosyoCd=2770300396-00&ServiceCd=510&action_kouhyou_detail_024_kani=true,,2026-10-01T04:41:44+09:00,200,200,ok,,https://www.kaigokensaku.mhlw.go.jp/27/index.php?JigyosyoCd=2770300396-00&ServiceCd=510&action_kouhyou_detail_feature_index=true,https://www.kaigokensaku.mhlw.go.jp/27/index.php?JigyosyoCd=2770300396-00&ServiceCd=510&action_kouhyou_detail_024_kihon=true
424,特別養護老人ホーム 香里寿苑,特別養護老人ホーム,寝屋川市寿町32番20号,寝屋川市,2770302244,510,seed_code,1.0,空床取得可能,0,50,7,2025-10-11,0/50人,厚労省公式,https://www.kaigokensaku.mhlw.go.jp/27/index.php?JigyosyoCd=2770302244-00&ServiceCd=510&action_kouhyou_detail_feature_index=true,https://www.kaigokensaku.mhlw.go.jp/27/index.php?JigyosyoCd=2770302244-00&ServiceCd=510&action_kouhyou_detail_024_kani=true,,2026-10-01T04:41:47+09:00,200,200,ok,,https://www.kaigokensaku.mhlw.go.jp/27/index.php?JigyosyoCd=2770302244-00&ServiceCd=510&action_kouhyou_detail_feature_index=true,https://www.kaigokensaku.mhlw.go.jp/27/index.php?JigyosyoCd=2770302244-00&ServiceCd=510&action_kouhyou_detail_024_kihon=true
425,特別養護老人ホームロイヤルライフ天寿苑,特別養護老人ホーム,寝屋川市御幸東町９番２号,寝屋川市,2770302772,510,seed_code,1.0,待機人数のみ取得可能,,50,40,2017-10-11,0/0人,,,https://www.kaigokensaku.mhlw.go.jp/27/index.php?JigyosyoCd=2770302772-00&ServiceCd=510&action_kouhyou_detail_024_kani=true,https://tenjyuen.jimdoweb.com,2026-10-01T04:41:50+09:00,200,200,ok,,https://www.kaigokensaku.mhlw.go.jp/27/index.php?JigyosyoCd=2770302772-00&ServiceCd=510&action_kouhyou_detail_feature_index=true,https://www.kaigokensaku.mhlw.go.jp/27/index.php?JigyosyoCd=2770302772-00&ServiceCd=510&action_kouhyou_detail_024_kihon=true
426,特別養護老人ホーム かわきた園,特別養護老人ホーム,寝屋川市河北東町18-1,寝屋川市,2770300305,510,seed_code,1.0,空床取得可能,0,50,20,2025-09-27,0/50人,厚労省公式,https://www.kaigokensaku.mhlw.go.jp/27/index.php?JigyosyoCd=2770300305-00&ServiceCd=510&action_kouhyou_detail_feature_index=true,https://www.kaigokensaku.mhlw.go.jp/27/index.php?JigyosyoCd=2770300305-00&ServiceCd=510&action_kouhyou_detail_024_kani=true,,2026-10-01T04:41:54+09:00,200,200,ok,,https://www.kaigokensaku.mhlw.go.jp/27/index.php?JigyosyoCd=2770300305-00&ServiceCd=510&action_kouhyou_detail_feature_index=true,https://www.kaigokensaku.mhlw.go.jp/27/index.php?JigyosyoCd=2770300305-00&ServiceCd=510&action_kouhyou_detail_024_kihon=true
427,特別養護老人ホーム香西会テレサ,特別養護老人ホーム,寝屋川市讃良西町７番４５号,寝屋川市,2790300087,540,mhlw_name_address,1.0,取得不可,,29,,,0/0人,,,,http://kouseikai-web.com/index.html,2026-10-01T04:41:57+09:00,200,200,ok,,https://www.kaigokensaku.mhlw.go.jp/27/index.php?JigyosyoCd=2790300087-00&ServiceCd=540&action_kouhyou_detail_feature_index=true,https://www.kaigokensaku.mhlw.go.jp/27/index.php?JigyosyoCd=2790300087-00&ServiceCd=540&action_kouhyou_detail_026_kihon=true
428,香西会スバル,特別養護老人ホーム,寝屋川市秦町3番12号,寝屋川市,2790300160,540,mhlw_name_address,1.0,取得不可,,29,,2017-09-10,0/0人,,,,,2026-10-01T04:42:03+09:00,200,200,ok,,https://www.kaigokensaku.mhlw.go.jp/27/index.php?JigyosyoCd=2790300160-00&ServiceCd=540&action_kouhyou_detail_feature_index=true,https://www.kaigokensaku.mhlw.go.jp/27/index.php?JigyosyoCd=2790300160-00&ServiceCd=540&action_kouhyou_detail_026_kihon=true
429,特別養護老人ホーム弘房園,特別養護老人ホーム,寝屋川市日新町17番43号,寝屋川市,2790300244,540,mhlw_name_address,1.0,空床取得可能,0,29,,2024-12-09,0/29人,厚労省公式,https://www.kaigokensaku.mhlw.go.jp/27/index.php?JigyosyoCd=2790300244-00&ServiceCd=540&action_kouhyou_detail_feature_index=true,,,2026-10-01T04:42:06+09:00,200,200,ok,,https://www.kaigokensaku.mhlw.go.jp/27/index.php?JigyosyoCd=2790300244-00&ServiceCd=540&action_kouhyou_detail_feature_index=true,https://www.kaigokensaku.mhlw.go.jp/27/index.php?JigyosyoCd=2790300244-00&ServiceCd=540&action_kouhyou_detail_026_kihon=true
430,特別養護老人ホーム神田の里,特別養護老人ホーム,寝屋川市上神田一丁目31番1号,寝屋川市,2790300178,540,mhlw_name_address,1.0,空床取得可能,1,29,,2025-04-12,1/29人,厚労省公式,https://www.kaigokensaku.mhlw.go.jp/27/index.php?JigyosyoCd=2790300178-00&ServiceCd=540&action_kouhyou_detail_feature_index=true,,,2026-10-01T04:42:10+09:00,200,200,ok,,https://www.kaigokensaku.mhlw.go.jp/27/index.php?JigyosyoCd=2790300178-00&ServiceCd=540&action_kouhyou_detail_feature_index=true,https://www.kaigokensaku.mhlw.go.jp/27/index.php?JigyosyoCd=2790300178-00&ServiceCd=540&action_kouhyou_detail_026_kihon=true
431,特別養護老人ホーム寝屋池田長寿の里,特別養護老人ホーム,寝屋川市池田3-4-32,寝屋川市,2790300202,540,mhlw_name_address,1.0,空床取得可能,0,29,,2025-11-22,0/29人,厚労省公式,https://www.kaigokensaku.mhlw.go.jp/27/index.php?JigyosyoCd=2790300202-00&ServiceCd=540&action_kouhyou_detail_feature_index=true,,,2026-10-01T04:42:13+09:00,200,200,ok,,https://www.kaigokensaku.mhlw.go.jp/27/index.php?JigyosyoCd=2790300202-00&ServiceCd=540&action_kouhyou_detail_feature_index=true,https://www.kaigokensaku.mhlw.go.jp/27/index.php?JigyosyoCd=2790300202-00&ServiceCd=540&action_kouhyou_detail_026_kihon=true
432,特別養護老人ホーム ペガサス,特別養護老人ホーム,寝屋南二丁目１４番５号,寝屋川市,2790300186,540,mhlw_name_address,1.0,空床取得可能,1,29,,2017-10-07,1/29人,厚労省公式,https://www.kaigokensaku.mhlw.go.jp/27/index.php?JigyosyoCd=2790300186-00&ServiceCd=540&action_kouhyou_detail_feature_index=true,,,2026-10-01T04:42:16+09:00,200,200,ok,,https://www.kaigokensaku.mhlw.go.jp/27/index.php?JigyosyoCd=2790300186-00&ServiceCd=540&action_kouhyou_detail_feature_index=true,https://www.kaigokensaku.mhlw.go.jp/27/index.php?JigyosyoCd=2790300186-00&ServiceCd=540&action_kouhyou_detail_026_kihon=true
433,特別養護老人ホーム 寿里苑,特別養護老人ホーム,河内長野市小山田町448番地の2,河内長野市,2770700207,510,seed_code,1.0,待機人数のみ取得可能,,140,30,2025-01-09,0/0人,,,https://www.kaigokensaku.mhlw.go.jp/27/index.php?JigyosyoCd=2770700207-00&ServiceCd=510&action_kouhyou_detail_024_kani=true,http://www.julien.or.jp,2026-10-01T04:42:20+09:00,200,200,ok,,https://www.kaigokensaku.mhlw.go.jp/27/index.php?JigyosyoCd=2770700207-00&ServiceCd=510&action_kouhyou_detail_feature_index=true,https://www.kaigokensaku.mhlw.go.jp/27/index.php?JigyosyoCd=2770700207-00&ServiceCd=510&action_kouhyou_detail_024_kihon=true
434,特別養護老人ホーム スリーハートの丘,特別養護老人ホーム,河内長野市上原町５５４番地,河内長野市,2770700355,510,seed_code,1.0,待機人数のみ取得可能,,90,15,,0/0人,,,https://www.kaigokensaku.mhlw.go.jp/27/index.php?JigyosyoCd=2770700355-00&ServiceCd=510&action_kouhyou_detail_024_kani=true,http://www.naganozaidan.jp,2026-10-01T04:42:29+09:00,200,200,ok,,https://www.kaigokensaku.mhlw.go.jp/27/index.php?JigyosyoCd=2770700355-00&ServiceCd=510&action_kouhyou_detail_feature_index=true,https://www.kaigokensaku.mhlw.go.jp/27/index.php?JigyosyoCd=2770700355-00&ServiceCd=510&action_kouhyou_detail_024_kihon=true
435,特別養護老人ホーム ラ・フォート河内長野,特別養護老人ホーム,河内長野市木戸1丁目31番25号,河内長野市,2770703094,510,seed_code,1.0,空床取得可能,0,50,10,2026-02-15,0/50人,厚労省公式,https://www.kaigokensaku.mhlw.go.jp/27/index.php?JigyosyoCd=2770703094-00&ServiceCd=510&action_kouhyou_detail_feature_index=true,https://www.kaigokensaku.mhlw.go.jp/27/index.php?JigyosyoCd=2770703094-00&ServiceCd=510&action_kouhyou_detail_024_kani=true,,2026-10-01T04:42:43+09:00,200,200,ok,,https://www.kaigokensaku.mhlw.go.jp/27/index.php?JigyosyoCd=2770703094-00&ServiceCd=510&action_kouhyou_detail_feature_index=true,https://www.kaigokensaku.mhlw.go.jp/27/index.php?JigyosyoCd=2770703094-00&ServiceCd=510&action_kouhyou_detail_024_kihon=true
436,特別養護老人ホーム あかしあ,特別養護老人ホーム,河内長野市あかしあ台2丁目6番15号,河内長野市,2770700538,510,seed_code,1.0,空床取得可能,0,50,43,2025-10-08,0/50人,厚労省公式,https://www.kaigokensaku.mhlw.go.jp/27/index.php?JigyosyoCd=2770700538-00&ServiceCd=510&action_kouhyou_detail_feature_index=true,https://www.kaigokensaku.mhlw.go.jp/27/index.php?JigyosyoCd=2770700538-00&ServiceCd=510&action_kouhyou_detail_024_kani=true,,2026-10-01T04:42:46+09:00,200,200,ok,,https://www.kaigokensaku.mhlw.go.jp/27/index.php?JigyosyoCd=2770700538-00&ServiceCd=510&action_kouhyou_detail_feature_index=true,https://www.kaigokensaku.mhlw.go.jp/27/index.php?JigyosyoCd=2770700538-00&ServiceCd=510&action_kouhyou_detail_024_kihon=true
437,特別養護老人ホーム生登福祉ケアセンター,特別養護老人ホーム,河内長野市高向２７４番１,河内長野市,2770700652,510,seed_code,1.0,空床取得可能,0,100,128,2026-09-19,0/50人,厚労省公式,https://www.kaigokensaku.mhlw.go.jp/27/index.php?JigyosyoCd=2770700652-00&ServiceCd=510&action_kouhyou_detail_feature_index=true,https://www.kaigokensaku.mhlw.go.jp/27/index.php?JigyosyoCd=2770700652-00&ServiceCd=510&action_kouhyou_detail_024_kani=true,,2026-10-01T04:42:50+09:00,200,200,ok,,https://www.kaigokensaku.mhlw.go.jp/27/index.php?JigyosyoCd=2770700652-00&ServiceCd=510&action_kouhyou_detail_feature_index=true,https://www.kaigokensaku.mhlw.go.jp/27/index.php?JigyosyoCd=2770700652-00&ServiceCd=510&action_kouhyou_detail_024_kihon=true
438,美加の台生登福祉ケアセンター,特別養護老人ホーム,河内長野市石仏300番地,河内長野市,2790700112,540,mhlw_name_address,1.0,取得不可,,29,,2026-05-25,0/0人,,,,http://www.teramoto.or.jp,2026-10-01T04:42:53+09:00,200,200,ok,,https://www.kaigokensaku.mhlw.go.jp/27/index.php?JigyosyoCd=2790700112-00&ServiceCd=540&action_kouhyou_detail_feature_index=true,https://www.kaigokensaku.mhlw.go.jp/27/index.php?JigyosyoCd=2790700112-00&ServiceCd=540&action_kouhyou_detail_026_kihon=true
439,特別養護老人ホーム 寿里苑フルール,特別養護老人ホーム,河内長野市南青葉台6-15,河内長野市,2790700146,540,mhlw_name_address,1.0,取得不可,,29,,2025-01-10,0/0人,,,,http://www.julien.or.jp,2026-10-01T04:42:58+09:00,200,200,ok,,https://www.kaigokensaku.mhlw.go.jp/27/index.php?JigyosyoCd=2790700146-00&ServiceCd=540&action_kouhyou_detail_feature_index=true,https://www.kaigokensaku.mhlw.go.jp/27/index.php?JigyosyoCd=2790700146-00&ServiceCd=540&action_kouhyou_detail_026_kihon=true
440,地域密着型介護老人福祉施設 クローバーの丘,特別養護老人ホーム,河内長野市小塩町４３１番地３,河内長野市,2790700104,540,mhlw_name_address,1.0,空床取得可能,0,29,,2023-10-10,0/29人,厚労省公式,https://www.kaigokensaku.mhlw.go.jp/27/index.php?JigyosyoCd=2790700104-00&ServiceCd=540&action_kouhyou_detail_feature_index=true,,,2026-10-01T04:43:06+09:00,200,200,ok,,https://www.kaigokensaku.mhlw.go.jp/27/index.php?JigyosyoCd=2790700104-00&ServiceCd=540&action_kouhyou_detail_feature_index=true,https://www.kaigokensaku.mhlw.go.jp/27/index.php?JigyosyoCd=2790700104-00&ServiceCd=540&action_kouhyou_detail_026_kihon=true
441,生登福祉介護サービスセンター,特別養護老人ホーム,河内長野市原町5丁目6-12,河内長野市,2790700278,540,mhlw_name_address,1.0,取得不可,,26,,,,,,,http://www.teramoto.or.jp/index.htm,2026-10-01T04:43:09+09:00,200,200,ok,,https://www.kaigokensaku.mhlw.go.jp/27/index.php?JigyosyoCd=2790700278-00&ServiceCd=540&action_kouhyou_detail_feature_index=true,https://www.kaigokensaku.mhlw.go.jp/27/index.php?JigyosyoCd=2790700278-00&ServiceCd=540&action_kouhyou_detail_026_kihon=true
442,特別養護老人ホーム泰昌園,特別養護老人ホーム,河内長野市寺元928番地,河内長野市,,510,unmatched_ambiguous,0.679,取得不可,,,,,,,,,,2026-10-01T04:43:14+09:00,,,unmatched_no_official_page,MHLW open data could not be matched with sufficient confidence,,
443,慈恵園希望の丘,特別養護老人ホーム,河内長野市あかしあ台2丁目6番15号,河内長野市,,510,unmatched,0.0,取得不可,,,,,,,,,,2026-10-01T04:43:14+09:00,,,unmatched_no_official_page,MHLW open data could not be matched with sufficient confidence,,
444,大阪老人ホーム,特別養護老人ホーム,松原市阿保3－14－22,松原市,2774800243,510,mhlw_name_address,1.0,空床取得可能,0,96,85,2024-12-18,0/96人,厚労省公式,https://www.kaigokensaku.mhlw.go.jp/27/index.php?JigyosyoCd=2774800243-00&ServiceCd=510&action_kouhyou_detail_feature_index=true,https://www.kaigokensaku.mhlw.go.jp/27/index.php?JigyosyoCd=2774800243-00&ServiceCd=510&action_kouhyou_detail_024_kani=true,,2026-10-01T04:43:14+09:00,200,200,ok,,https://www.kaigokensaku.mhlw.go.jp/27/index.php?JigyosyoCd=2774800243-00&ServiceCd=510&action_kouhyou_detail_feature_index=true,https://www.kaigokensaku.mhlw.go.jp/27/index.php?JigyosyoCd=2774800243-00&ServiceCd=510&action_kouhyou_detail_024_kihon=true
445,大阪老人ホームうえだ,特別養護老人ホーム,松原市上田８－１１－１１,松原市,2774801415,510,mhlw_name_address,1.0,空床取得可能,0,88,57,2022-10-13,0/88人,厚労省公式,https://www.kaigokensaku.mhlw.go.jp/27/index.php?JigyosyoCd=2774801415-00&ServiceCd=510&action_kouhyou_detail_feature_index=true,https://www.kaigokensaku.mhlw.go.jp/27/index.php?JigyosyoCd=2774801415-00&ServiceCd=510&action_kouhyou_detail_024_kani=true,,2026-10-01T04:43:17+09:00,200,200,ok,,https://www.kaigokensaku.mhlw.go.jp/27/index.php?JigyosyoCd=2774801415-00&ServiceCd=510&action_kouhyou_detail_feature_index=true,https://www.kaigokensaku.mhlw.go.jp/27/index.php?JigyosyoCd=2774801415-00&ServiceCd=510&action_kouhyou_detail_024_kihon=true
446,特別養護老人ホーム寿里苑サラ,特別養護老人ホーム,松原市丹南4丁目172,松原市,2774800706,510,mhlw_name_address,1.0,待機人数のみ取得可能,,80,35,2026-09-29,0/0人,,,https://www.kaigokensaku.mhlw.go.jp/27/index.php?JigyosyoCd=2774800706-00&ServiceCd=510&action_kouhyou_detail_024_kani=true,http://www.julien.or.jp/,2026-10-01T04:43:21+09:00,200,200,ok,,https://www.kaigokensaku.mhlw.go.jp/27/index.php?JigyosyoCd=2774800706-00&ServiceCd=510&action_kouhyou_detail_feature_index=true,https://www.kaigokensaku.mhlw.go.jp/27/index.php?JigyosyoCd=2774800706-00&ServiceCd=510&action_kouhyou_detail_024_kihon=true
447,特別養護老人ホーム 遊づる,特別養護老人ホーム,松原市岡１丁目１８４－１,松原市,2774800219,510,mhlw_name_address,1.0,空床取得可能,0,60,27,2025-10-05,0/60人,厚労省公式,https://www.kaigokensaku.mhlw.go.jp/27/index.php?JigyosyoCd=2774800219-00&ServiceCd=510&action_kouhyou_detail_feature_index=true,https://www.kaigokensaku.mhlw.go.jp/27/index.php?JigyosyoCd=2774800219-00&ServiceCd=510&action_kouhyou_detail_024_kani=true,,2026-10-01T04:43:28+09:00,200,200,ok,,https://www.kaigokensaku.mhlw.go.jp/27/index.php?JigyosyoCd=2774800219-00&ServiceCd=510&action_kouhyou_detail_feature_index=true,https://www.kaigokensaku.mhlw.go.jp/27/index.php?JigyosyoCd=2774800219-00&ServiceCd=510&action_kouhyou_detail_024_kihon=true
448,大阪老人ホームゆずり葉,特別養護老人ホーム,松原市阿保３丁目１５番５号,松原市,2794800199,540,mhlw_name_address,1.0,取得不可,,29,,,,,,,http://shoutokukai.net,2026-10-01T04:43:32+09:00,200,200,ok,,https://www.kaigokensaku.mhlw.go.jp/27/index.php?JigyosyoCd=2794800199-00&ServiceCd=540&action_kouhyou_detail_feature_index=true,https://www.kaigokensaku.mhlw.go.jp/27/index.php?JigyosyoCd=2794800199-00&ServiceCd=540&action_kouhyou_detail_026_kihon=true
449,地域密着型特別養護老人ホームきらきら,特別養護老人ホーム,松原市南新町2-4-28,松原市,2794800074,540,mhlw_name_address,1.0,空床取得可能,0,29,,2026-09-14,0/29人,厚労省公式,https://www.kaigokensaku.mhlw.go.jp/27/index.php?JigyosyoCd=2794800074-00&ServiceCd=540&action_kouhyou_detail_feature_index=true,,,2026-10-01T04:43:37+09:00,200,200,ok,,https://www.kaigokensaku.mhlw.go.jp/27/index.php?JigyosyoCd=2794800074-00&ServiceCd=540&action_kouhyou_detail_feature_index=true,https://www.kaigokensaku.mhlw.go.jp/27/index.php?JigyosyoCd=2794800074-00&ServiceCd=540&action_kouhyou_detail_026_kihon=true
450,特別養護老人ホーム みどりの里,特別養護老人ホーム,大東市北条６丁目２２３０番地の２,大東市,2771900392,510,seed_code,1.0,待機人数のみ取得可能,,90,72,2025-02-11,0/0人,,,https://www.kaigokensaku.mhlw.go.jp/27/index.php?JigyosyoCd=2771900392-00&ServiceCd=510&action_kouhyou_detail_024_kani=true,http://www.osaka-midorinosato.com/,2026-10-01T04:43:40+09:00,200,200,ok,,https://www.kaigokensaku.mhlw.go.jp/27/index.php?JigyosyoCd=2771900392-00&ServiceCd=510&action_kouhyou_detail_feature_index=true,https://www.kaigokensaku.mhlw.go.jp/27/index.php?JigyosyoCd=2771900392-00&ServiceCd=510&action_kouhyou_detail_024_kihon=true
451,特別養護老人ホーム 和光苑,特別養護老人ホーム,大東市野崎3丁目12番1号,大東市,2771900244,510,seed_code,1.0,空床取得可能,0,80,0,2026-09-22,0/80人,厚労省公式,https://www.kaigokensaku.mhlw.go.jp/27/index.php?JigyosyoCd=2771900244-00&ServiceCd=510&action_kouhyou_detail_feature_index=true,https://www.kaigokensaku.mhlw.go.jp/27/index.php?JigyosyoCd=2771900244-00&ServiceCd=510&action_kouhyou_detail_024_kihon=true,,2026-10-01T04:43:49+09:00,200,200,ok,,https://www.kaigokensaku.mhlw.go.jp/27/index.php?JigyosyoCd=2771900244-00&ServiceCd=510&action_kouhyou_detail_feature_index=true,https://www.kaigokensaku.mhlw.go.jp/27/index.php?JigyosyoCd=2771900244-00&ServiceCd=510&action_kouhyou_detail_024_kihon=true
452,特別養護老人ホーム 南郷の里,特別養護老人ホーム,大東市氷野二丁目１番１３号,大東市,2771900822,510,seed_code,1.0,空床取得可能,0,80,60,2025-10-15,0/80人,厚労省公式,https://www.kaigokensaku.mhlw.go.jp/27/index.php?JigyosyoCd=2771900822-00&ServiceCd=510&action_kouhyou_detail_feature_index=true,https://www.kaigokensaku.mhlw.go.jp/27/index.php?JigyosyoCd=2771900822-00&ServiceCd=510&action_kouhyou_detail_024_kani=true,,2026-10-01T04:43:55+09:00,200,200,ok,,https://www.kaigokensaku.mhlw.go.jp/27/index.php?JigyosyoCd=2771900822-00&ServiceCd=510&action_kouhyou_detail_feature_index=true,https://www.kaigokensaku.mhlw.go.jp/27/index.php?JigyosyoCd=2771900822-00&ServiceCd=510&action_kouhyou_detail_024_kihon=true
453,特別養護老人ホームあいの里竜間,特別養護老人ホーム,大東市大字龍間６７３番地３,大東市,2771900319,510,seed_code,1.0,空床取得可能,1,60,25,2025-09-18,1/60人,厚労省公式,https://www.kaigokensaku.mhlw.go.jp/27/index.php?JigyosyoCd=2771900319-00&ServiceCd=510&action_kouhyou_detail_feature_index=true,https://www.kaigokensaku.mhlw.go.jp/27/index.php?JigyosyoCd=2771900319-00&ServiceCd=510&action_kouhyou_detail_024_kani=true,,2026-10-01T04:43:59+09:00,200,200,ok,,https://www.kaigokensaku.mhlw.go.jp/27/index.php?JigyosyoCd=2771900319-00&ServiceCd=510&action_kouhyou_detail_feature_index=true,https://www.kaigokensaku.mhlw.go.jp/27/index.php?JigyosyoCd=2771900319-00&ServiceCd=510&action_kouhyou_detail_024_kihon=true
454,特別養護老人ホーム 生駒園,特別養護老人ホーム,大東市龍間1304番地の4,大東市,2771900061,510,seed_code,1.0,空床取得可能,0,50,5,2025-10-12,0/50人,厚労省公式,https://www.kaigokensaku.mhlw.go.jp/27/index.php?JigyosyoCd=2771900061-00&ServiceCd=510&action_kouhyou_detail_feature_index=true,https://www.kaigokensaku.mhlw.go.jp/27/index.php?JigyosyoCd=2771900061-00&ServiceCd=510&action_kouhyou_detail_024_kani=true,,2026-10-01T04:44:02+09:00,200,200,ok,,https://www.kaigokensaku.mhlw.go.jp/27/index.php?JigyosyoCd=2771900061-00&ServiceCd=510&action_kouhyou_detail_feature_index=true,https://www.kaigokensaku.mhlw.go.jp/27/index.php?JigyosyoCd=2771900061-00&ServiceCd=510&action_kouhyou_detail_024_kihon=true
455,特別養護老人ホーム百楽荘寺川館,特別養護老人ホーム,大東市寺川4丁目3番30,大東市,2791900182,540,mhlw_name_address,1.0,取得不可,,29,,2023-11-02,0/0人,,,,http://fukushi-kotobuki.or.jp,2026-10-01T04:44:08+09:00,200,200,ok,,https://www.kaigokensaku.mhlw.go.jp/27/index.php?JigyosyoCd=2791900182-00&ServiceCd=540&action_kouhyou_detail_feature_index=true,https://www.kaigokensaku.mhlw.go.jp/27/index.php?JigyosyoCd=2791900182-00&ServiceCd=540&action_kouhyou_detail_026_kihon=true
456,特別養護老人ホーム百楽荘,特別養護老人ホーム,大東市栄和町９－２０,大東市,2791900034,540,mhlw_name_address,1.0,空床取得可能,0,29,0,2018-09-27,0/29人,厚労省公式,https://www.kaigokensaku.mhlw.go.jp/27/index.php?JigyosyoCd=2791900034-00&ServiceCd=540&action_kouhyou_detail_feature_index=true,https://www.kaigokensaku.mhlw.go.jp/27/index.php?JigyosyoCd=2791900034-00&ServiceCd=540&action_kouhyou_detail_026_kihon=true,,2026-10-01T04:44:15+09:00,200,200,ok,,https://www.kaigokensaku.mhlw.go.jp/27/index.php?JigyosyoCd=2791900034-00&ServiceCd=540&action_kouhyou_detail_feature_index=true,https://www.kaigokensaku.mhlw.go.jp/27/index.php?JigyosyoCd=2791900034-00&ServiceCd=540&action_kouhyou_detail_026_kihon=true
457,地域密着型特別養護老人ホーム サンサリテ大東,特別養護老人ホーム,大東市深野2-6-1サンサリテ大東,大東市,2791900133,540,mhlw_name_address,1.0,空床取得可能,0,29,,2024-12-24,0/29人,厚労省公式,https://www.kaigokensaku.mhlw.go.jp/27/index.php?JigyosyoCd=2791900133-00&ServiceCd=540&action_kouhyou_detail_feature_index=true,,,2026-10-01T04:44:18+09:00,200,200,ok,,https://www.kaigokensaku.mhlw.go.jp/27/index.php?JigyosyoCd=2791900133-00&ServiceCd=540&action_kouhyou_detail_feature_index=true,https://www.kaigokensaku.mhlw.go.jp/27/index.php?JigyosyoCd=2791900133-00&ServiceCd=540&action_kouhyou_detail_026_kihon=true
458,地域密着型 介護老人福祉施設 諸福苑,特別養護老人ホーム,大東市諸福7丁目4番45号,大東市,2791900091,540,mhlw_name_address,1.0,取得不可,,29,,,,,,,http://izuminokai.net/,2026-10-01T04:44:22+09:00,200,200,ok,,https://www.kaigokensaku.mhlw.go.jp/27/index.php?JigyosyoCd=2791900091-00&ServiceCd=540&action_kouhyou_detail_feature_index=true,https://www.kaigokensaku.mhlw.go.jp/27/index.php?JigyosyoCd=2791900091-00&ServiceCd=540&action_kouhyou_detail_026_kihon=true
459,特別養護老人ホームサテライト諸福苑Ⅱ,特別養護老人ホーム,大東市諸福7丁目４番４５号特別養護老人ホームサテライト諸福苑Ⅱ,大東市,2791900174,540,mhlw_name_address,1.0,取得不可,,29,,,,,,,http://izuminokai.net,2026-10-01T04:44:28+09:00,200,200,ok,,https://www.kaigokensaku.mhlw.go.jp/27/index.php?JigyosyoCd=2791900174-00&ServiceCd=540&action_kouhyou_detail_feature_index=true,https://www.kaigokensaku.mhlw.go.jp/27/index.php?JigyosyoCd=2791900174-00&ServiceCd=540&action_kouhyou_detail_026_kihon=true
460,特別養護老人ホーム光明荘,特別養護老人ホーム,和泉市伏屋町３丁目８番１号,和泉市,2770500706,510,seed_code,1.0,空床取得可能,0,120,72,2025-09-30,0/120人,厚労省公式,https://www.kaigokensaku.mhlw.go.jp/27/index.php?JigyosyoCd=2770500706-00&ServiceCd=510&action_kouhyou_detail_feature_index=true,https://www.kaigokensaku.mhlw.go.jp/27/index.php?JigyosyoCd=2770500706-00&ServiceCd=510&action_kouhyou_detail_024_kani=true,,2026-10-01T04:44:33+09:00,200,200,ok,,https://www.kaigokensaku.mhlw.go.jp/27/index.php?JigyosyoCd=2770500706-00&ServiceCd=510&action_kouhyou_detail_feature_index=true,https://www.kaigokensaku.mhlw.go.jp/27/index.php?JigyosyoCd=2770500706-00&ServiceCd=510&action_kouhyou_detail_024_kihon=true
461,特別養護老人ホーム ビオラ和泉,特別養護老人ホーム,和泉市和気町３丁目５－１９,和泉市,2770500243,510,seed_code,1.0,空床取得可能,0,80,0,2025-02-10,0/80人,厚労省公式,https://www.kaigokensaku.mhlw.go.jp/27/index.php?JigyosyoCd=2770500243-00&ServiceCd=510&action_kouhyou_detail_feature_index=true,https://www.kaigokensaku.mhlw.go.jp/27/index.php?JigyosyoCd=2770500243-00&ServiceCd=510&action_kouhyou_detail_024_kihon=true,,2026-10-01T04:44:36+09:00,200,200,ok,,https://www.kaigokensaku.mhlw.go.jp/27/index.php?JigyosyoCd=2770500243-00&ServiceCd=510&action_kouhyou_detail_feature_index=true,https://www.kaigokensaku.mhlw.go.jp/27/index.php?JigyosyoCd=2770500243-00&ServiceCd=510&action_kouhyou_detail_024_kihon=true
462,和泉北信太特別養護老人ホーム,特別養護老人ホーム,和泉市上町４０３番地の１,和泉市,2770500920,510,seed_code,1.0,空床取得可能,0,70,103,2025-10-20,0/70人,厚労省公式,https://www.kaigokensaku.mhlw.go.jp/27/index.php?JigyosyoCd=2770500920-00&ServiceCd=510&action_kouhyou_detail_feature_index=true,https://www.kaigokensaku.mhlw.go.jp/27/index.php?JigyosyoCd=2770500920-00&ServiceCd=510&action_kouhyou_detail_024_kani=true,,2026-10-01T04:44:40+09:00,200,200,ok,,https://www.kaigokensaku.mhlw.go.jp/27/index.php?JigyosyoCd=2770500920-00&ServiceCd=510&action_kouhyou_detail_feature_index=true,https://www.kaigokensaku.mhlw.go.jp/27/index.php?JigyosyoCd=2770500920-00&ServiceCd=510&action_kouhyou_detail_024_kihon=true
463,特別養護老人ホーム 唐国園,特別養護老人ホーム,和泉市唐国町四丁目１５－５６,和泉市,2770500250,510,seed_code,1.0,空床取得可能,6,50,4,2023-09-26,6/50人,厚労省公式,https://www.kaigokensaku.mhlw.go.jp/27/index.php?JigyosyoCd=2770500250-00&ServiceCd=510&action_kouhyou_detail_feature_index=true,https://www.kaigokensaku.mhlw.go.jp/27/index.php?JigyosyoCd=2770500250-00&ServiceCd=510&action_kouhyou_detail_024_kani=true,,2026-10-01T04:44:43+09:00,200,200,ok,,https://www.kaigokensaku.mhlw.go.jp/27/index.php?JigyosyoCd=2770500250-00&ServiceCd=510&action_kouhyou_detail_feature_index=true,https://www.kaigokensaku.mhlw.go.jp/27/index.php?JigyosyoCd=2770500250-00&ServiceCd=510&action_kouhyou_detail_024_kihon=true
464,特別養護老人ホームひかりの園,特別養護老人ホーム,和泉市 下宮町141番地1,和泉市,2770500383,510,seed_code,1.0,待機人数のみ取得可能,,50,40,2024-12-06,0/0人,,,https://www.kaigokensaku.mhlw.go.jp/27/index.php?JigyosyoCd=2770500383-00&ServiceCd=510&action_kouhyou_detail_024_kani=true,http://izumi-fukushikai.com/hikari/,2026-10-01T04:44:47+09:00,200,200,ok,,https://www.kaigokensaku.mhlw.go.jp/27/index.php?JigyosyoCd=2770500383-00&ServiceCd=510&action_kouhyou_detail_feature_index=true,https://www.kaigokensaku.mhlw.go.jp/27/index.php?JigyosyoCd=2770500383-00&ServiceCd=510&action_kouhyou_detail_024_kihon=true
465,ピープルハウス和泉,特別養護老人ホーム,和泉市和気町２丁目１３番３５号,和泉市,2770500755,510,seed_code,1.0,空床取得可能,0,30,30,2025-10-20,0/30人,厚労省公式,https://www.kaigokensaku.mhlw.go.jp/27/index.php?JigyosyoCd=2770500755-00&ServiceCd=510&action_kouhyou_detail_feature_index=true,https://www.kaigokensaku.mhlw.go.jp/27/index.php?JigyosyoCd=2770500755-00&ServiceCd=510&action_kouhyou_detail_024_kani=true,,2026-10-01T04:44:51+09:00,200,200,ok,,https://www.kaigokensaku.mhlw.go.jp/27/index.php?JigyosyoCd=2770500755-00&ServiceCd=510&action_kouhyou_detail_feature_index=true,https://www.kaigokensaku.mhlw.go.jp/27/index.php?JigyosyoCd=2770500755-00&ServiceCd=510&action_kouhyou_detail_024_kihon=true
466,特別養護老人ホーム ＦＬＯＲＡ,特別養護老人ホーム,和泉市内田町三丁目９番３８号,和泉市,2770504658,510,seed_code,1.0,空床取得可能,0,30,6,2024-12-13,0/30人,厚労省公式,https://www.kaigokensaku.mhlw.go.jp/27/index.php?JigyosyoCd=2770504658-00&ServiceCd=510&action_kouhyou_detail_feature_index=true,https://www.kaigokensaku.mhlw.go.jp/27/index.php?JigyosyoCd=2770504658-00&ServiceCd=510&action_kouhyou_detail_024_kani=true,,2026-10-01T04:44:55+09:00,200,200,ok,,https://www.kaigokensaku.mhlw.go.jp/27/index.php?JigyosyoCd=2770504658-00&ServiceCd=510&action_kouhyou_detail_feature_index=true,https://www.kaigokensaku.mhlw.go.jp/27/index.php?JigyosyoCd=2770504658-00&ServiceCd=510&action_kouhyou_detail_024_kihon=true
467,地域密着型介護老人福祉施設エクウスプリオル,特別養護老人ホーム,和泉市上町89番地,和泉市,2790500199,540,mhlw_name_address,1.0,待機人数のみ取得可能,,29,0,,0/0人,,,https://www.kaigokensaku.mhlw.go.jp/27/index.php?JigyosyoCd=2790500199-00&ServiceCd=540&action_kouhyou_detail_026_kihon=true,http://windhorse.or.jp,2026-10-01T04:44:58+09:00,200,200,ok,,https://www.kaigokensaku.mhlw.go.jp/27/index.php?JigyosyoCd=2790500199-00&ServiceCd=540&action_kouhyou_detail_feature_index=true,https://www.kaigokensaku.mhlw.go.jp/27/index.php?JigyosyoCd=2790500199-00&ServiceCd=540&action_kouhyou_detail_026_kihon=true
468,地域密着型介護老人福祉施設ビオラ和泉,特別養護老人ホーム,和泉市和気町３－４－２４,和泉市,2790500066,540,mhlw_name_address,1.0,空床取得可能,0,29,,2025-09-22,0/29人,厚労省公式,https://www.kaigokensaku.mhlw.go.jp/27/index.php?JigyosyoCd=2790500066-00&ServiceCd=540&action_kouhyou_detail_feature_index=true,,,2026-10-01T04:45:03+09:00,200,200,ok,,https://www.kaigokensaku.mhlw.go.jp/27/index.php?JigyosyoCd=2790500066-00&ServiceCd=540&action_kouhyou_detail_feature_index=true,https://www.kaigokensaku.mhlw.go.jp/27/index.php?JigyosyoCd=2790500066-00&ServiceCd=540&action_kouhyou_detail_026_kihon=true
469,ファミーユ地域密着型介護福祉施設,特別養護老人ホーム,和泉市いぶき野五丁目5番1号,和泉市,2790500074,540,mhlw_name_address,1.0,取得不可,,29,,2025-10-16,0/0人,,,,http://izumi-fukushikai.com/famille/,2026-10-01T04:45:06+09:00,200,200,ok,,https://www.kaigokensaku.mhlw.go.jp/27/index.php?JigyosyoCd=2790500074-00&ServiceCd=540&action_kouhyou_detail_feature_index=true,https://www.kaigokensaku.mhlw.go.jp/27/index.php?JigyosyoCd=2790500074-00&ServiceCd=540&action_kouhyou_detail_026_kihon=true
470,地域密着型特別養護老人ホームサニーヴィラ,特別養護老人ホーム,和泉市府中町5丁目4番2号,和泉市,2790500165,540,mhlw_name_address,1.0,取得不可,,29,,2021-11-18,0/0人,,,,http://www.sunnyvilla.or.jp,2026-10-01T04:45:11+09:00,200,200,ok,,https://www.kaigokensaku.mhlw.go.jp/27/index.php?JigyosyoCd=2790500165-00&ServiceCd=540&action_kouhyou_detail_feature_index=true,https://www.kaigokensaku.mhlw.go.jp/27/index.php?JigyosyoCd=2790500165-00&ServiceCd=540&action_kouhyou_detail_026_kihon=true
471,特別養護老人ホーム友の里,特別養護老人ホーム,和泉市下宮町３５７番地,和泉市,2790500223,540,mhlw_name_address,1.0,取得不可,,1,,,0/0人,,,,https://shimomiya-tomonosato.com,2026-10-01T04:45:16+09:00,200,200,ok,,https://www.kaigokensaku.mhlw.go.jp/27/index.php?JigyosyoCd=2790500223-00&ServiceCd=540&action_kouhyou_detail_feature_index=true,https://www.kaigokensaku.mhlw.go.jp/27/index.php?JigyosyoCd=2790500223-00&ServiceCd=540&action_kouhyou_detail_026_kihon=true
472,特別養護老人ホーム紅葉の郷,特別養護老人ホーム,箕面市稲6-11-20,箕面市,2771400195,510,seed_code,1.0,空床取得可能,0,104,140,2021-11-02,0/104人,厚労省公式,https://www.kaigokensaku.mhlw.go.jp/27/index.php?JigyosyoCd=2771400195-00&ServiceCd=510&action_kouhyou_detail_feature_index=true,https://www.kaigokensaku.mhlw.go.jp/27/index.php?JigyosyoCd=2771400195-00&ServiceCd=510&action_kouhyou_detail_024_kani=true,,2026-10-01T04:45:30+09:00,200,200,ok,,https://www.kaigokensaku.mhlw.go.jp/27/index.php?JigyosyoCd=2771400195-00&ServiceCd=510&action_kouhyou_detail_feature_index=true,https://www.kaigokensaku.mhlw.go.jp/27/index.php?JigyosyoCd=2771400195-00&ServiceCd=510&action_kouhyou_detail_024_kihon=true
473,特別養護老人ホーム白島荘,特別養護老人ホーム,箕面市白島三丁目５番５０号,箕面市,2771400500,510,seed_code,1.0,待機人数のみ取得可能,,90,146,2025-09-26,0/0人,,,https://www.kaigokensaku.mhlw.go.jp/27/index.php?JigyosyoCd=2771400500-00&ServiceCd=510&action_kouhyou_detail_024_kani=true,https://hakushimasou.jp/,2026-10-01T04:45:33+09:00,200,200,ok,,https://www.kaigokensaku.mhlw.go.jp/27/index.php?JigyosyoCd=2771400500-00&ServiceCd=510&action_kouhyou_detail_feature_index=true,https://www.kaigokensaku.mhlw.go.jp/27/index.php?JigyosyoCd=2771400500-00&ServiceCd=510&action_kouhyou_detail_024_kihon=true
474,あかつき特別養護老人ホーム,特別養護老人ホーム,箕面市白島3-16-1,箕面市,2771400302,510,seed_code,1.0,待機人数のみ取得可能,,70,40,2021-11-13,0/0人,,,https://www.kaigokensaku.mhlw.go.jp/27/index.php?JigyosyoCd=2771400302-00&ServiceCd=510&action_kouhyou_detail_024_kani=true,https://gyoukoukai.jp/,2026-10-01T04:45:38+09:00,200,200,ok,,https://www.kaigokensaku.mhlw.go.jp/27/index.php?JigyosyoCd=2771400302-00&ServiceCd=510&action_kouhyou_detail_feature_index=true,https://www.kaigokensaku.mhlw.go.jp/27/index.php?JigyosyoCd=2771400302-00&ServiceCd=510&action_kouhyou_detail_024_kihon=true
475,特別養護老人ホーム照葉の里,特別養護老人ホーム,箕面市下止々呂美561番地,箕面市,2771400203,510,seed_code,1.0,空床取得可能,0,60,50,2025-12-23,0/60人,厚労省公式,https://www.kaigokensaku.mhlw.go.jp/27/index.php?JigyosyoCd=2771400203-00&ServiceCd=510&action_kouhyou_detail_feature_index=true,https://www.kaigokensaku.mhlw.go.jp/27/index.php?JigyosyoCd=2771400203-00&ServiceCd=510&action_kouhyou_detail_024_kani=true,,2026-10-01T04:45:44+09:00,200,200,ok,,https://www.kaigokensaku.mhlw.go.jp/27/index.php?JigyosyoCd=2771400203-00&ServiceCd=510&action_kouhyou_detail_feature_index=true,https://www.kaigokensaku.mhlw.go.jp/27/index.php?JigyosyoCd=2771400203-00&ServiceCd=510&action_kouhyou_detail_024_kihon=true
476,特別養護老人ホーム箕面の郷,特別養護老人ホーム,箕面市石丸1丁目14番1号,箕面市,2771400781,510,seed_code,1.0,待機人数のみ取得可能,,56,71,2025-09-18,0/0人,,,https://www.kaigokensaku.mhlw.go.jp/27/index.php?JigyosyoCd=2771400781-00&ServiceCd=510&action_kouhyou_detail_024_kani=true,http://www.sanyoufukushikai.com/,2026-10-01T04:45:47+09:00,200,200,ok,,https://www.kaigokensaku.mhlw.go.jp/27/index.php?JigyosyoCd=2771400781-00&ServiceCd=510&action_kouhyou_detail_feature_index=true,https://www.kaigokensaku.mhlw.go.jp/27/index.php?JigyosyoCd=2771400781-00&ServiceCd=510&action_kouhyou_detail_024_kihon=true
477,特別養護老人ホームゆずの郷,特別養護老人ホーム,箕面市稲６丁目１４番３６号,箕面市,2791400142,540,mhlw_name_address,1.0,空床取得可能,0,29,,2025-10-19,0/29人,厚労省公式,https://www.kaigokensaku.mhlw.go.jp/27/index.php?JigyosyoCd=2791400142-00&ServiceCd=540&action_kouhyou_detail_feature_index=true,,,2026-10-01T04:45:53+09:00,200,200,ok,,https://www.kaigokensaku.mhlw.go.jp/27/index.php?JigyosyoCd=2791400142-00&ServiceCd=540&action_kouhyou_detail_feature_index=true,https://www.kaigokensaku.mhlw.go.jp/27/index.php?JigyosyoCd=2791400142-00&ServiceCd=540&action_kouhyou_detail_026_kihon=true
478,特別養護老人ホーム 第二好意の庭,特別養護老人ホーム,柏原市国分市場1-9-45特別養護老人ホーム第二好意の庭,柏原市,2774600254,510,mhlw_name_address,1.0,空床取得可能,0,60,13,2025-10-23,0/60人,厚労省公式,https://www.kaigokensaku.mhlw.go.jp/27/index.php?JigyosyoCd=2774600254-00&ServiceCd=510&action_kouhyou_detail_feature_index=true,https://www.kaigokensaku.mhlw.go.jp/27/index.php?JigyosyoCd=2774600254-00&ServiceCd=510&action_kouhyou_detail_024_kani=true,,2026-10-01T04:45:56+09:00,200,200,ok,,https://www.kaigokensaku.mhlw.go.jp/27/index.php?JigyosyoCd=2774600254-00&ServiceCd=510&action_kouhyou_detail_feature_index=true,https://www.kaigokensaku.mhlw.go.jp/27/index.php?JigyosyoCd=2774600254-00&ServiceCd=510&action_kouhyou_detail_024_kihon=true
479,特別養護老人ホームはくとう,特別養護老人ホーム,柏原市大字青谷2104番地の1,柏原市,2774600114,510,mhlw_name_address,1.0,空床取得可能,5,50,25,2022-10-10,5/50人,厚労省公式,https://www.kaigokensaku.mhlw.go.jp/27/index.php?JigyosyoCd=2774600114-00&ServiceCd=510&action_kouhyou_detail_feature_index=true,https://www.kaigokensaku.mhlw.go.jp/27/index.php?JigyosyoCd=2774600114-00&ServiceCd=510&action_kouhyou_detail_024_kani=true,,2026-10-01T04:46:00+09:00,200,200,ok,,https://www.kaigokensaku.mhlw.go.jp/27/index.php?JigyosyoCd=2774600114-00&ServiceCd=510&action_kouhyou_detail_feature_index=true,https://www.kaigokensaku.mhlw.go.jp/27/index.php?JigyosyoCd=2774600114-00&ServiceCd=510&action_kouhyou_detail_024_kihon=true
480,特別養護老人ホーム 大阪「好意の庭」,特別養護老人ホーム,柏原市旭ヶ丘3丁目13番45号,柏原市,2774600213,510,mhlw_name_address,1.0,空床取得可能,0,50,15,2025-10-22,0/50人,厚労省公式,https://www.kaigokensaku.mhlw.go.jp/27/index.php?JigyosyoCd=2774600213-00&ServiceCd=510&action_kouhyou_detail_feature_index=true,https://www.kaigokensaku.mhlw.go.jp/27/index.php?JigyosyoCd=2774600213-00&ServiceCd=510&action_kouhyou_detail_024_kani=true,,2026-10-01T04:46:03+09:00,200,200,ok,,https://www.kaigokensaku.mhlw.go.jp/27/index.php?JigyosyoCd=2774600213-00&ServiceCd=510&action_kouhyou_detail_feature_index=true,https://www.kaigokensaku.mhlw.go.jp/27/index.php?JigyosyoCd=2774600213-00&ServiceCd=510&action_kouhyou_detail_024_kihon=true
481,特別養護老人ホーム柏寿,特別養護老人ホーム,柏原市大字高井田650番1,柏原市,2774600320,510,mhlw_name_address,1.0,空床取得可能,0,30,69,2024-12-06,0/30人,厚労省公式,https://www.kaigokensaku.mhlw.go.jp/27/index.php?JigyosyoCd=2774600320-00&ServiceCd=510&action_kouhyou_detail_feature_index=true,https://www.kaigokensaku.mhlw.go.jp/27/index.php?JigyosyoCd=2774600320-00&ServiceCd=510&action_kouhyou_detail_024_kani=true,,2026-10-01T04:46:07+09:00,200,200,ok,,https://www.kaigokensaku.mhlw.go.jp/27/index.php?JigyosyoCd=2774600320-00&ServiceCd=510&action_kouhyou_detail_feature_index=true,https://www.kaigokensaku.mhlw.go.jp/27/index.php?JigyosyoCd=2774600320-00&ServiceCd=510&action_kouhyou_detail_024_kihon=true
482,特別養護老人ホーム 太寿,特別養護老人ホーム,柏原市太平寺1丁目4番30号,柏原市,2794600037,540,mhlw_name_address,1.0,空床取得可能,4,29,,2025-10-18,4/29人,厚労省公式,https://www.kaigokensaku.mhlw.go.jp/27/index.php?JigyosyoCd=2794600037-00&ServiceCd=540&action_kouhyou_detail_feature_index=true,,,2026-10-01T04:46:10+09:00,200,200,ok,,https://www.kaigokensaku.mhlw.go.jp/27/index.php?JigyosyoCd=2794600037-00&ServiceCd=540&action_kouhyou_detail_feature_index=true,https://www.kaigokensaku.mhlw.go.jp/27/index.php?JigyosyoCd=2794600037-00&ServiceCd=540&action_kouhyou_detail_026_kihon=true
483,特別養護老人ホーム河原城苑,特別養護老人ホーム,羽曳野市河原城９２７番地,羽曳野市,2773800517,510,mhlw_name_address,1.0,空床取得可能,0,50,76,2023-10-16,0/135人,厚労省公式,https://www.kaigokensaku.mhlw.go.jp/27/index.php?JigyosyoCd=2773800517-00&ServiceCd=510&action_kouhyou_detail_feature_index=true,https://www.kaigokensaku.mhlw.go.jp/27/index.php?JigyosyoCd=2773800517-00&ServiceCd=510&action_kouhyou_detail_024_kani=true,,2026-10-01T04:46:14+09:00,200,200,ok,,https://www.kaigokensaku.mhlw.go.jp/27/index.php?JigyosyoCd=2773800517-00&ServiceCd=510&action_kouhyou_detail_feature_index=true,https://www.kaigokensaku.mhlw.go.jp/27/index.php?JigyosyoCd=2773800517-00&ServiceCd=510&action_kouhyou_detail_024_kihon=true
484,四天王寺悲田院特別養護老人ホーム,特別養護老人ホーム,羽曳野市学園前6-1-1,羽曳野市,2773800509,510,mhlw_name_address,1.0,待機人数のみ取得可能,,100,116,2025-10-18,0/0人,,,https://www.kaigokensaku.mhlw.go.jp/27/index.php?JigyosyoCd=2773800509-00&ServiceCd=510&action_kouhyou_detail_024_kani=true,http://www.shitennoji-fukushi.jp/,2026-10-01T04:46:17+09:00,200,200,ok,,https://www.kaigokensaku.mhlw.go.jp/27/index.php?JigyosyoCd=2773800509-00&ServiceCd=510&action_kouhyou_detail_feature_index=true,https://www.kaigokensaku.mhlw.go.jp/27/index.php?JigyosyoCd=2773800509-00&ServiceCd=510&action_kouhyou_detail_024_kihon=true
485,羽曳野特別養護老人ホーム,特別養護老人ホーム,羽曳野市古市2271番地114,羽曳野市,2773800434,510,mhlw_name_address,1.0,空床取得可能,0,100,6,2026-04-08,0/100人,厚労省公式,https://www.kaigokensaku.mhlw.go.jp/27/index.php?JigyosyoCd=2773800434-00&ServiceCd=510&action_kouhyou_detail_feature_index=true,https://www.kaigokensaku.mhlw.go.jp/27/index.php?JigyosyoCd=2773800434-00&ServiceCd=510&action_kouhyou_detail_024_kani=true,,2026-10-01T04:46:23+09:00,200,200,ok,,https://www.kaigokensaku.mhlw.go.jp/27/index.php?JigyosyoCd=2773800434-00&ServiceCd=510&action_kouhyou_detail_feature_index=true,https://www.kaigokensaku.mhlw.go.jp/27/index.php?JigyosyoCd=2773800434-00&ServiceCd=510&action_kouhyou_detail_024_kihon=true
486,特別養護老人ホームあすくの里,特別養護老人ホーム,羽曳野市飛鳥１１番,羽曳野市,2773801135,510,mhlw_name_address,1.0,待機人数のみ取得可能,,80,22,2026-05-03,0/0人,,,https://www.kaigokensaku.mhlw.go.jp/27/index.php?JigyosyoCd=2773801135-00&ServiceCd=510&action_kouhyou_detail_024_kani=true,https://www.daichofuku.or.jp/,2026-10-01T04:46:26+09:00,200,200,ok,,https://www.kaigokensaku.mhlw.go.jp/27/index.php?JigyosyoCd=2773801135-00&ServiceCd=510&action_kouhyou_detail_feature_index=true,https://www.kaigokensaku.mhlw.go.jp/27/index.php?JigyosyoCd=2773801135-00&ServiceCd=510&action_kouhyou_detail_024_kihon=true
487,特別養護老人ホーム アンジュ,特別養護老人ホーム,羽曳野市野371番地,羽曳野市,2773800111,510,mhlw_name_address,1.0,待機人数のみ取得可能,,80,98,2025-11-03,0/0人,,,https://www.kaigokensaku.mhlw.go.jp/27/index.php?JigyosyoCd=2773800111-00&ServiceCd=510&action_kouhyou_detail_024_kani=true,http://tokuyou-ange.jp,2026-10-01T04:46:31+09:00,200,200,ok,,https://www.kaigokensaku.mhlw.go.jp/27/index.php?JigyosyoCd=2773800111-00&ServiceCd=510&action_kouhyou_detail_feature_index=true,https://www.kaigokensaku.mhlw.go.jp/27/index.php?JigyosyoCd=2773800111-00&ServiceCd=510&action_kouhyou_detail_024_kihon=true
488,特別養護老人ホーム スマイル,特別養護老人ホーム,羽曳野市尺度３８２番地の5,羽曳野市,2773800798,510,mhlw_name_address,1.0,待機人数のみ取得可能,,50,12,2025-10-13,0/0人,,,https://www.kaigokensaku.mhlw.go.jp/27/index.php?JigyosyoCd=2773800798-00&ServiceCd=510&action_kouhyou_detail_024_kani=true,http://smile-habikino.jp/,2026-10-01T04:46:36+09:00,200,200,ok,,https://www.kaigokensaku.mhlw.go.jp/27/index.php?JigyosyoCd=2773800798-00&ServiceCd=510&action_kouhyou_detail_feature_index=true,https://www.kaigokensaku.mhlw.go.jp/27/index.php?JigyosyoCd=2773800798-00&ServiceCd=510&action_kouhyou_detail_024_kihon=true
489,特別養護老人ホームたんぴ野,特別養護老人ホーム,羽曳野市野６６番２,羽曳野市,2793800083,540,mhlw_name_address,1.0,空床取得可能,0,29,,2025-10-21,0/29人,厚労省公式,https://www.kaigokensaku.mhlw.go.jp/27/index.php?JigyosyoCd=2793800083-00&ServiceCd=540&action_kouhyou_detail_feature_index=true,,,2026-10-01T04:46:40+09:00,200,200,ok,,https://www.kaigokensaku.mhlw.go.jp/27/index.php?JigyosyoCd=2793800083-00&ServiceCd=540&action_kouhyou_detail_feature_index=true,https://www.kaigokensaku.mhlw.go.jp/27/index.php?JigyosyoCd=2793800083-00&ServiceCd=540&action_kouhyou_detail_026_kihon=true
490,特別養護老人ホームコーリン,特別養護老人ホーム,羽曳野市南古市３－５０,羽曳野市,2793800059,540,mhlw_name_address,1.0,空床取得可能,3,29,,2025-12-25,3/29人,厚労省公式,https://www.kaigokensaku.mhlw.go.jp/27/index.php?JigyosyoCd=2793800059-00&ServiceCd=540&action_kouhyou_detail_feature_index=true,,,2026-10-01T04:46:44+09:00,200,200,ok,,https://www.kaigokensaku.mhlw.go.jp/27/index.php?JigyosyoCd=2793800059-00&ServiceCd=540&action_kouhyou_detail_feature_index=true,https://www.kaigokensaku.mhlw.go.jp/27/index.php?JigyosyoCd=2793800059-00&ServiceCd=540&action_kouhyou_detail_026_kihon=true
491,ナーシングホーム智鳥,特別養護老人ホーム,門真市北島町12番20号,門真市,2772600223,510,seed_code,1.0,空床取得可能,0,80,20,2025-10-07,0/80人,厚労省公式,https://www.kaigokensaku.mhlw.go.jp/27/index.php?JigyosyoCd=2772600223-00&ServiceCd=510&action_kouhyou_detail_feature_index=true,https://www.kaigokensaku.mhlw.go.jp/27/index.php?JigyosyoCd=2772600223-00&ServiceCd=510&action_kouhyou_detail_024_kani=true,,2026-10-01T04:46:47+09:00,200,200,ok,,https://www.kaigokensaku.mhlw.go.jp/27/index.php?JigyosyoCd=2772600223-00&ServiceCd=510&action_kouhyou_detail_feature_index=true,https://www.kaigokensaku.mhlw.go.jp/27/index.php?JigyosyoCd=2772600223-00&ServiceCd=510&action_kouhyou_detail_024_kihon=true
492,ケアホームちどり,特別養護老人ホーム,門真市柳田町15番23号,門真市,2772603649,510,seed_code,1.0,空床取得可能,1,80,10,2026-05-05,1/80人,厚労省公式,https://www.kaigokensaku.mhlw.go.jp/27/index.php?JigyosyoCd=2772603649-00&ServiceCd=510&action_kouhyou_detail_feature_index=true,https://www.kaigokensaku.mhlw.go.jp/27/index.php?JigyosyoCd=2772603649-00&ServiceCd=510&action_kouhyou_detail_024_kani=true,,2026-10-01T04:46:51+09:00,200,200,ok,,https://www.kaigokensaku.mhlw.go.jp/27/index.php?JigyosyoCd=2772603649-00&ServiceCd=510&action_kouhyou_detail_feature_index=true,https://www.kaigokensaku.mhlw.go.jp/27/index.php?JigyosyoCd=2772603649-00&ServiceCd=510&action_kouhyou_detail_024_kihon=true
493,特別養護老人ホーム 門真千寿園,特別養護老人ホーム,門真市野口822,門真市,2772600926,510,seed_code,1.0,空床取得可能,0,80,297,2025-06-11,0/80人,厚労省公式,https://www.kaigokensaku.mhlw.go.jp/27/index.php?JigyosyoCd=2772600926-00&ServiceCd=510&action_kouhyou_detail_feature_index=true,https://www.kaigokensaku.mhlw.go.jp/27/index.php?JigyosyoCd=2772600926-00&ServiceCd=510&action_kouhyou_detail_024_kani=true,,2026-10-01T04:46:54+09:00,200,200,ok,,https://www.kaigokensaku.mhlw.go.jp/27/index.php?JigyosyoCd=2772600926-00&ServiceCd=510&action_kouhyou_detail_feature_index=true,https://www.kaigokensaku.mhlw.go.jp/27/index.php?JigyosyoCd=2772600926-00&ServiceCd=510&action_kouhyou_detail_024_kihon=true
494,特別養護老人ホーム三養苑,特別養護老人ホーム,門真市桑才町19番25号特別養護老人ホーム三養苑,門真市,2772600314,510,seed_code,1.0,待機人数のみ取得可能,,60,80,2022-10-14,0/0人,,,https://www.kaigokensaku.mhlw.go.jp/27/index.php?JigyosyoCd=2772600314-00&ServiceCd=510&action_kouhyou_detail_024_kani=true,http://www.sanyofukushikai.com,2026-10-01T04:46:58+09:00,200,200,ok,,https://www.kaigokensaku.mhlw.go.jp/27/index.php?JigyosyoCd=2772600314-00&ServiceCd=510&action_kouhyou_detail_feature_index=true,https://www.kaigokensaku.mhlw.go.jp/27/index.php?JigyosyoCd=2772600314-00&ServiceCd=510&action_kouhyou_detail_024_kihon=true
495,特別養護老人ホーム門真荘,特別養護老人ホーム,門真市堂山町２５－２０,門真市,2772600363,510,seed_code,1.0,待機人数のみ取得可能,,50,32,2025-10-06,0/0人,,,https://www.kaigokensaku.mhlw.go.jp/27/index.php?JigyosyoCd=2772600363-00&ServiceCd=510&action_kouhyou_detail_024_kani=true,http://www.kadomasou.jp,2026-10-01T04:47:08+09:00,200,200,ok,,https://www.kaigokensaku.mhlw.go.jp/27/index.php?JigyosyoCd=2772600363-00&ServiceCd=510&action_kouhyou_detail_feature_index=true,https://www.kaigokensaku.mhlw.go.jp/27/index.php?JigyosyoCd=2772600363-00&ServiceCd=510&action_kouhyou_detail_024_kihon=true
496,特別養護老人ホーム はるかの郷,特別養護老人ホーム,門真市柳田町27番21号,門真市,2772600470,510,seed_code,1.0,待機人数のみ取得可能,,50,100,2025-02-17,0/0人,,,https://www.kaigokensaku.mhlw.go.jp/27/index.php?JigyosyoCd=2772600470-00&ServiceCd=510&action_kouhyou_detail_024_kani=true,https://eastroad.jp,2026-10-01T04:47:13+09:00,200,200,ok,,https://www.kaigokensaku.mhlw.go.jp/27/index.php?JigyosyoCd=2772600470-00&ServiceCd=510&action_kouhyou_detail_feature_index=true,https://www.kaigokensaku.mhlw.go.jp/27/index.php?JigyosyoCd=2772600470-00&ServiceCd=510&action_kouhyou_detail_024_kihon=true
497,地域密着型介護老人福祉施設はすゆめ,特別養護老人ホーム,門真市堂山町２５－１５,門真市,2792600138,540,mhlw_name_address,1.0,空床取得可能,0,29,,2025-10-20,0/29人,厚労省公式,https://www.kaigokensaku.mhlw.go.jp/27/index.php?JigyosyoCd=2792600138-00&ServiceCd=540&action_kouhyou_detail_feature_index=true,,,2026-10-01T04:47:22+09:00,200,200,ok,,https://www.kaigokensaku.mhlw.go.jp/27/index.php?JigyosyoCd=2792600138-00&ServiceCd=540&action_kouhyou_detail_feature_index=true,https://www.kaigokensaku.mhlw.go.jp/27/index.php?JigyosyoCd=2792600138-00&ServiceCd=540&action_kouhyou_detail_026_kihon=true
498,地域密着型特別養護老人ホーム四宮三養苑,特別養護老人ホーム,門真市四宮5丁目4番22号,門真市,2792600088,540,mhlw_name_address,1.0,空床取得可能,0,29,,2025-10-14,0/29人,厚労省公式,https://www.kaigokensaku.mhlw.go.jp/27/index.php?JigyosyoCd=2792600088-00&ServiceCd=540&action_kouhyou_detail_feature_index=true,,,2026-10-01T04:47:26+09:00,200,200,ok,,https://www.kaigokensaku.mhlw.go.jp/27/index.php?JigyosyoCd=2792600088-00&ServiceCd=540&action_kouhyou_detail_feature_index=true,https://www.kaigokensaku.mhlw.go.jp/27/index.php?JigyosyoCd=2792600088-00&ServiceCd=540&action_kouhyou_detail_026_kihon=true
499,特別養護老人ホームつくしの里,特別養護老人ホーム,門真市大橋町１２番８号,門真市,,510,unmatched_ambiguous,0.603,取得不可,,,,,,,,,,2026-10-01T04:47:29+09:00,,,unmatched_no_official_page,MHLW open data could not be matched with sufficient confidence,,
500,特別養護老人ホームとりかい白鷺園,特別養護老人ホーム,摂津市鳥飼中１丁目19番8号,摂津市,2773700212,510,mhlw_name_address,1.0,待機人数のみ取得可能,,100,43,2024-12-15,0/0人,,,https://www.kaigokensaku.mhlw.go.jp/27/index.php?JigyosyoCd=2773700212-00&ServiceCd=510&action_kouhyou_detail_024_kani=true,http://www.shirasagien.com/,2026-10-01T04:47:29+09:00,200,200,ok,,https://www.kaigokensaku.mhlw.go.jp/27/index.php?JigyosyoCd=2773700212-00&ServiceCd=510&action_kouhyou_detail_feature_index=true,https://www.kaigokensaku.mhlw.go.jp/27/index.php?JigyosyoCd=2773700212-00&ServiceCd=510&action_kouhyou_detail_024_kihon=true
501,介護老人福祉施設 「摂津特養ひかり」,特別養護老人ホーム,摂津市鳥飼八防2-7-12,摂津市,2773700592,510,mhlw_name_address,1.0,待機人数のみ取得可能,,70,27,2026-02-12,0/0人,,,https://www.kaigokensaku.mhlw.go.jp/27/index.php?JigyosyoCd=2773700592-00&ServiceCd=510&action_kouhyou_detail_024_kani=true,https://settsu-tokuyou-hikari.jp/,2026-10-01T04:47:40+09:00,200,200,ok,,https://www.kaigokensaku.mhlw.go.jp/27/index.php?JigyosyoCd=2773700592-00&ServiceCd=510&action_kouhyou_detail_feature_index=true,https://www.kaigokensaku.mhlw.go.jp/27/index.php?JigyosyoCd=2773700592-00&ServiceCd=510&action_kouhyou_detail_024_kihon=true
502,特別養護老人ホームせっつ桜苑,特別養護老人ホーム,摂津市桜町1丁目1番11号せっつ桜苑,摂津市,2773701145,510,mhlw_name_address,1.0,空床取得可能,0,54,74,2025-02-20,0/54人,厚労省公式,https://www.kaigokensaku.mhlw.go.jp/27/index.php?JigyosyoCd=2773701145-00&ServiceCd=510&action_kouhyou_detail_feature_index=true,https://www.kaigokensaku.mhlw.go.jp/27/index.php?JigyosyoCd=2773701145-00&ServiceCd=510&action_kouhyou_detail_024_kani=true,,2026-10-01T04:47:52+09:00,200,200,ok,,https://www.kaigokensaku.mhlw.go.jp/27/index.php?JigyosyoCd=2773701145-00&ServiceCd=510&action_kouhyou_detail_feature_index=true,https://www.kaigokensaku.mhlw.go.jp/27/index.php?JigyosyoCd=2773701145-00&ServiceCd=510&action_kouhyou_detail_024_kihon=true
503,特別養護老人ホーム摂津いやし園,特別養護老人ホーム,摂津市鳥飼下１－１３－７,摂津市,2773700162,510,mhlw_name_address,1.0,空床取得可能,1,50,43,2022-05-05,空きが1室,施設公式HP,https://iyashien.com,https://www.kaigokensaku.mhlw.go.jp/27/index.php?JigyosyoCd=2773700162-00&ServiceCd=510&action_kouhyou_detail_024_kani=true,https://iyashien.com,2026-10-01T04:47:56+09:00,200,200,ok,,https://www.kaigokensaku.mhlw.go.jp/27/index.php?JigyosyoCd=2773700162-00&ServiceCd=510&action_kouhyou_detail_feature_index=true,https://www.kaigokensaku.mhlw.go.jp/27/index.php?JigyosyoCd=2773700162-00&ServiceCd=510&action_kouhyou_detail_024_kihon=true
504,小規模特養摂津いやし園,特別養護老人ホーム,摂津市鳥飼下一丁目13番15号,摂津市,2793700036,540,mhlw_name_address,1.0,空床取得可能,1,29,,2022-05-05,空きが1室,施設公式HP,https://iyashien.com,,https://iyashien.com,2026-10-01T04:48:00+09:00,200,200,ok,,https://www.kaigokensaku.mhlw.go.jp/27/index.php?JigyosyoCd=2793700036-00&ServiceCd=540&action_kouhyou_detail_feature_index=true,https://www.kaigokensaku.mhlw.go.jp/27/index.php?JigyosyoCd=2793700036-00&ServiceCd=540&action_kouhyou_detail_026_kihon=true
505,高石特別養護老人ホーム,特別養護老人ホーム,高石市取石５丁目８番１５号,高石市,2775300177,510,mhlw_name_address,1.0,待機人数のみ取得可能,,70,13,2023-10-18,0/0人,,,https://www.kaigokensaku.mhlw.go.jp/27/index.php?JigyosyoCd=2775300177-00&ServiceCd=510&action_kouhyou_detail_024_kani=true,http://www.itokukai.com,2026-10-01T04:48:05+09:00,200,200,ok,,https://www.kaigokensaku.mhlw.go.jp/27/index.php?JigyosyoCd=2775300177-00&ServiceCd=510&action_kouhyou_detail_feature_index=true,https://www.kaigokensaku.mhlw.go.jp/27/index.php?JigyosyoCd=2775300177-00&ServiceCd=510&action_kouhyou_detail_024_kihon=true
506,特別養護老人ホーム アウェイク東羽衣,特別養護老人ホーム,高石市東羽衣2-14-18,高石市,2775300151,510,mhlw_name_address,1.0,待機人数のみ取得可能,,53,10,,,,,https://www.kaigokensaku.mhlw.go.jp/27/index.php?JigyosyoCd=2775300151-00&ServiceCd=510&action_kouhyou_detail_024_kani=true,http://aueiku.jp/,2026-10-01T04:48:10+09:00,200,200,ok,,https://www.kaigokensaku.mhlw.go.jp/27/index.php?JigyosyoCd=2775300151-00&ServiceCd=510&action_kouhyou_detail_feature_index=true,https://www.kaigokensaku.mhlw.go.jp/27/index.php?JigyosyoCd=2775300151-00&ServiceCd=510&action_kouhyou_detail_024_kihon=true
507,藤井寺特別養護老人ホーム,特別養護老人ホーム,藤井寺市藤井寺4-11-7,藤井寺市,2773400151,510,mhlw_name_address,1.0,待機人数のみ取得可能,,70,156,2025-10-07,0/0人,,,https://www.kaigokensaku.mhlw.go.jp/27/index.php?JigyosyoCd=2773400151-00&ServiceCd=510&action_kouhyou_detail_024_kani=true,http://www.misasagikai.or.jp,2026-10-01T04:48:17+09:00,200,200,ok,,https://www.kaigokensaku.mhlw.go.jp/27/index.php?JigyosyoCd=2773400151-00&ServiceCd=510&action_kouhyou_detail_feature_index=true,https://www.kaigokensaku.mhlw.go.jp/27/index.php?JigyosyoCd=2773400151-00&ServiceCd=510&action_kouhyou_detail_024_kihon=true
508,特別養護老人ホーム つどうホール,特別養護老人ホーム,藤井寺市小山３丁目１５１番地の1,藤井寺市,2773400375,510,mhlw_name_address,1.0,空床取得可能,0,50,140,2025-10-12,0/50人,厚労省公式,https://www.kaigokensaku.mhlw.go.jp/27/index.php?JigyosyoCd=2773400375-00&ServiceCd=510&action_kouhyou_detail_feature_index=true,https://www.kaigokensaku.mhlw.go.jp/27/index.php?JigyosyoCd=2773400375-00&ServiceCd=510&action_kouhyou_detail_024_kani=true,,2026-10-01T04:48:22+09:00,200,200,ok,,https://www.kaigokensaku.mhlw.go.jp/27/index.php?JigyosyoCd=2773400375-00&ServiceCd=510&action_kouhyou_detail_feature_index=true,https://www.kaigokensaku.mhlw.go.jp/27/index.php?JigyosyoCd=2773400375-00&ServiceCd=510&action_kouhyou_detail_024_kihon=true
509,大阪老人ホーム惣社,特別養護老人ホーム,藤井寺市惣社2丁目5番15号,藤井寺市,2773400193,510,mhlw_name_address,1.0,空床取得可能,2,100,19,2017-10-15,2/50人,厚労省公式,https://www.kaigokensaku.mhlw.go.jp/27/index.php?JigyosyoCd=2773400193-00&ServiceCd=510&action_kouhyou_detail_feature_index=true,https://www.kaigokensaku.mhlw.go.jp/27/index.php?JigyosyoCd=2773400193-00&ServiceCd=510&action_kouhyou_detail_024_kani=true,,2026-10-01T04:48:25+09:00,200,200,ok,,https://www.kaigokensaku.mhlw.go.jp/27/index.php?JigyosyoCd=2773400193-00&ServiceCd=510&action_kouhyou_detail_feature_index=true,https://www.kaigokensaku.mhlw.go.jp/27/index.php?JigyosyoCd=2773400193-00&ServiceCd=510&action_kouhyou_detail_024_kihon=true
510,地域密着型特別養護老人ホーム 松が苑,特別養護老人ホーム,藤井寺市古室1-1-15,藤井寺市,2793400124,540,mhlw_name_address,1.0,取得不可,,29,,2025-01-27,0/0人,,,,,2026-10-01T04:48:29+09:00,200,200,ok,,https://www.kaigokensaku.mhlw.go.jp/27/index.php?JigyosyoCd=2793400124-00&ServiceCd=540&action_kouhyou_detail_feature_index=true,https://www.kaigokensaku.mhlw.go.jp/27/index.php?JigyosyoCd=2793400124-00&ServiceCd=540&action_kouhyou_detail_026_kihon=true
511,特別養護老人ホーム どうみょうじ高殿苑,特別養護老人ホーム,藤井寺市道明寺３－２－２,藤井寺市,2793400017,540,mhlw_name_address,1.0,空床取得可能,0,29,,2023-10-20,0/29人,厚労省公式,https://www.kaigokensaku.mhlw.go.jp/27/index.php?JigyosyoCd=2793400017-00&ServiceCd=540&action_kouhyou_detail_feature_index=true,,,2026-10-01T04:48:32+09:00,200,200,ok,,https://www.kaigokensaku.mhlw.go.jp/27/index.php?JigyosyoCd=2793400017-00&ServiceCd=540&action_kouhyou_detail_feature_index=true,https://www.kaigokensaku.mhlw.go.jp/27/index.php?JigyosyoCd=2793400017-00&ServiceCd=540&action_kouhyou_detail_026_kihon=true
512,第2ひかり,特別養護老人ホーム,藤井寺市惣社2丁目6番17号,藤井寺市,,510,unmatched,0.0,取得不可,,,,,,,,,,2026-10-01T04:48:36+09:00,,,unmatched_no_official_page,MHLW open data could not be matched with sufficient confidence,,
513,ひかり,特別養護老人ホーム,藤井寺市惣社2丁目5番15号,藤井寺市,,510,unmatched_ambiguous,0.582,取得不可,,,,,,,,,,2026-10-01T04:48:36+09:00,,,unmatched_no_official_page,MHLW open data could not be matched with sufficient confidence,,
514,特別養護老人ホーム イースタンビラ,特別養護老人ホーム,東大阪市寿町1‐9‐39,東大阪市,2775001536,510,mhlw_name_address,1.0,待機人数のみ取得可能,,120,45,,,,,https://www.kaigokensaku.mhlw.go.jp/27/index.php?JigyosyoCd=2775001536-00&ServiceCd=510&action_kouhyou_detail_024_kani=true,http://toujyukai.or.jp/,2026-10-01T04:48:36+09:00,200,200,ok,,https://www.kaigokensaku.mhlw.go.jp/27/index.php?JigyosyoCd=2775001536-00&ServiceCd=510&action_kouhyou_detail_feature_index=true,https://www.kaigokensaku.mhlw.go.jp/27/index.php?JigyosyoCd=2775001536-00&ServiceCd=510&action_kouhyou_detail_024_kihon=true
515,特別養護老人ホーム みのわの里,特別養護老人ホーム,東大阪市古箕輪１－３－２８,東大阪市,2775000975,510,mhlw_name_address,1.0,待機人数のみ取得可能,,110,100,2024-12-21,0/0人,,,https://www.kaigokensaku.mhlw.go.jp/27/index.php?JigyosyoCd=2775000975-00&ServiceCd=510&action_kouhyou_detail_024_kani=true,https://www.kawafukukai.or.jp/,2026-10-01T04:48:42+09:00,200,200,ok,,https://www.kaigokensaku.mhlw.go.jp/27/index.php?JigyosyoCd=2775000975-00&ServiceCd=510&action_kouhyou_detail_feature_index=true,https://www.kaigokensaku.mhlw.go.jp/27/index.php?JigyosyoCd=2775000975-00&ServiceCd=510&action_kouhyou_detail_024_kihon=true
516,特別養護老人ホーム 六万寺園,特別養護老人ホーム,東大阪市六万寺町1-21-7,東大阪市,2775000660,510,mhlw_name_address,1.0,空床取得可能,0,100,10,2025-10-15,0/100人,厚労省公式,https://www.kaigokensaku.mhlw.go.jp/27/index.php?JigyosyoCd=2775000660-00&ServiceCd=510&action_kouhyou_detail_feature_index=true,https://www.kaigokensaku.mhlw.go.jp/27/index.php?JigyosyoCd=2775000660-00&ServiceCd=510&action_kouhyou_detail_024_kani=true,,2026-10-01T04:48:51+09:00,200,200,ok,,https://www.kaigokensaku.mhlw.go.jp/27/index.php?JigyosyoCd=2775000660-00&ServiceCd=510&action_kouhyou_detail_feature_index=true,https://www.kaigokensaku.mhlw.go.jp/27/index.php?JigyosyoCd=2775000660-00&ServiceCd=510&action_kouhyou_detail_024_kihon=true
517,特別養護老人ホーム ヴェルディ八戸ノ里,特別養護老人ホーム,東大阪市下小阪四丁目7番36号,東大阪市,2775003946,510,mhlw_name_address,1.0,空床取得可能,0,92,30,2024-12-25,0/92人,厚労省公式,https://www.kaigokensaku.mhlw.go.jp/27/index.php?JigyosyoCd=2775003946-00&ServiceCd=510&action_kouhyou_detail_feature_index=true,https://www.kaigokensaku.mhlw.go.jp/27/index.php?JigyosyoCd=2775003946-00&ServiceCd=510&action_kouhyou_detail_024_kani=true,,2026-10-01T04:48:54+09:00,200,200,ok,,https://www.kaigokensaku.mhlw.go.jp/27/index.php?JigyosyoCd=2775003946-00&ServiceCd=510&action_kouhyou_detail_feature_index=true,https://www.kaigokensaku.mhlw.go.jp/27/index.php?JigyosyoCd=2775003946-00&ServiceCd=510&action_kouhyou_detail_024_kihon=true
518,特別養護老人ホーム八戸ノ里向日葵,特別養護老人ホーム,東大阪市若江西新町3-1-9,東大阪市,2775012525,510,mhlw_name_address,1.0,空床取得可能,2,90,10,2026-09-29,2/90人,厚労省公式,https://www.kaigokensaku.mhlw.go.jp/27/index.php?JigyosyoCd=2775012525-00&ServiceCd=510&action_kouhyou_detail_feature_index=true,https://www.kaigokensaku.mhlw.go.jp/27/index.php?JigyosyoCd=2775012525-00&ServiceCd=510&action_kouhyou_detail_024_kani=true,,2026-10-01T04:48:58+09:00,200,200,ok,,https://www.kaigokensaku.mhlw.go.jp/27/index.php?JigyosyoCd=2775012525-00&ServiceCd=510&action_kouhyou_detail_feature_index=true,https://www.kaigokensaku.mhlw.go.jp/27/index.php?JigyosyoCd=2775012525-00&ServiceCd=510&action_kouhyou_detail_024_kihon=true
519,特別養護老人ホームアーバンケア八戸ノ里,特別養護老人ホーム,東大阪市御厨中２－３－３２,東大阪市,2775009331,510,mhlw_name_address,1.0,待機人数のみ取得可能,,90,30,2025-10-17,0/0人,,,https://www.kaigokensaku.mhlw.go.jp/27/index.php?JigyosyoCd=2775009331-00&ServiceCd=510&action_kouhyou_detail_024_kani=true,http://yoshijukai.or.jp/,2026-10-01T04:49:01+09:00,200,200,ok,,https://www.kaigokensaku.mhlw.go.jp/27/index.php?JigyosyoCd=2775009331-00&ServiceCd=510&action_kouhyou_detail_feature_index=true,https://www.kaigokensaku.mhlw.go.jp/27/index.php?JigyosyoCd=2775009331-00&ServiceCd=510&action_kouhyou_detail_024_kihon=true
520,特別養護老人ホーム たちばなの里別館永楽,特別養護老人ホーム,東大阪市寺前町1丁目４番２１号,東大阪市,2775009612,510,mhlw_name_address,1.0,待機人数のみ取得可能,,90,4,2025-10-09,0/0人,,,https://www.kaigokensaku.mhlw.go.jp/27/index.php?JigyosyoCd=2775009612-00&ServiceCd=510&action_kouhyou_detail_024_kani=true,http://tatibananosato.or.jp,2026-10-01T04:49:07+09:00,200,200,ok,,https://www.kaigokensaku.mhlw.go.jp/27/index.php?JigyosyoCd=2775009612-00&ServiceCd=510&action_kouhyou_detail_feature_index=true,https://www.kaigokensaku.mhlw.go.jp/27/index.php?JigyosyoCd=2775009612-00&ServiceCd=510&action_kouhyou_detail_024_kihon=true
521,特別養護老人ホーム アーバンケア稲田,特別養護老人ホーム,東大阪市稲田新町１丁目１０番１号,東大阪市,2775001908,510,mhlw_name_address,1.0,待機人数のみ取得可能,,85,65,2024-12-19,0/0人,,,https://www.kaigokensaku.mhlw.go.jp/27/index.php?JigyosyoCd=2775001908-00&ServiceCd=510&action_kouhyou_detail_024_kani=true,http://yoshijukai.or.jp/,2026-10-01T04:49:12+09:00,200,200,ok,,https://www.kaigokensaku.mhlw.go.jp/27/index.php?JigyosyoCd=2775001908-00&ServiceCd=510&action_kouhyou_detail_feature_index=true,https://www.kaigokensaku.mhlw.go.jp/27/index.php?JigyosyoCd=2775001908-00&ServiceCd=510&action_kouhyou_detail_024_kihon=true
522,特別養護老人ホーム たちばなの里,特別養護老人ホーム,東大阪市岸田堂北町6番1号,東大阪市,2775001064,510,mhlw_name_address,1.0,空床取得可能,0,85,58,2026-01-19,0/85人,厚労省公式,https://www.kaigokensaku.mhlw.go.jp/27/index.php?JigyosyoCd=2775001064-00&ServiceCd=510&action_kouhyou_detail_feature_index=true,https://www.kaigokensaku.mhlw.go.jp/27/index.php?JigyosyoCd=2775001064-00&ServiceCd=510&action_kouhyou_detail_024_kani=true,,2026-10-01T04:49:18+09:00,200,200,ok,,https://www.kaigokensaku.mhlw.go.jp/27/index.php?JigyosyoCd=2775001064-00&ServiceCd=510&action_kouhyou_detail_feature_index=true,https://www.kaigokensaku.mhlw.go.jp/27/index.php?JigyosyoCd=2775001064-00&ServiceCd=510&action_kouhyou_detail_024_kihon=true
523,特別養護老人ホーム 恵の里,特別養護老人ホーム,東大阪市東鴻池町２丁目３番２５号,東大阪市,2775005966,510,mhlw_name_address,1.0,空床取得可能,0,80,15,2025-10-15,0/80人,厚労省公式,https://www.kaigokensaku.mhlw.go.jp/27/index.php?JigyosyoCd=2775005966-00&ServiceCd=510&action_kouhyou_detail_feature_index=true,https://www.kaigokensaku.mhlw.go.jp/27/index.php?JigyosyoCd=2775005966-00&ServiceCd=510&action_kouhyou_detail_024_kani=true,,2026-10-01T04:49:21+09:00,200,200,ok,,https://www.kaigokensaku.mhlw.go.jp/27/index.php?JigyosyoCd=2775005966-00&ServiceCd=510&action_kouhyou_detail_feature_index=true,https://www.kaigokensaku.mhlw.go.jp/27/index.php?JigyosyoCd=2775005966-00&ServiceCd=510&action_kouhyou_detail_024_kihon=true
524,特別養護老人ホーム布市福寿苑,特別養護老人ホーム,東大阪市布市町２－１２－２,東大阪市,2775002351,510,mhlw_name_address,1.0,待機人数のみ取得可能,,80,52,2025-09-17,0/0人,,,https://www.kaigokensaku.mhlw.go.jp/27/index.php?JigyosyoCd=2775002351-00&ServiceCd=510&action_kouhyou_detail_024_kani=true,https://kawafukukai.or.jp/,2026-10-01T04:49:24+09:00,200,200,ok,,https://www.kaigokensaku.mhlw.go.jp/27/index.php?JigyosyoCd=2775002351-00&ServiceCd=510&action_kouhyou_detail_feature_index=true,https://www.kaigokensaku.mhlw.go.jp/27/index.php?JigyosyoCd=2775002351-00&ServiceCd=510&action_kouhyou_detail_024_kihon=true
525,特別養護老人ホーム向日葵,特別養護老人ホーム,東大阪市玉串町東1丁目10番20号,東大阪市,2775004787,510,mhlw_name_address,1.0,空床取得可能,0,72,20,2026-09-26,0/72人,厚労省公式,https://www.kaigokensaku.mhlw.go.jp/27/index.php?JigyosyoCd=2775004787-00&ServiceCd=510&action_kouhyou_detail_feature_index=true,https://www.kaigokensaku.mhlw.go.jp/27/index.php?JigyosyoCd=2775004787-00&ServiceCd=510&action_kouhyou_detail_024_kani=true,,2026-10-01T04:49:31+09:00,200,200,ok,,https://www.kaigokensaku.mhlw.go.jp/27/index.php?JigyosyoCd=2775004787-00&ServiceCd=510&action_kouhyou_detail_feature_index=true,https://www.kaigokensaku.mhlw.go.jp/27/index.php?JigyosyoCd=2775004787-00&ServiceCd=510&action_kouhyou_detail_024_kihon=true
526,特別養護老人ホーム ラプラージュ,特別養護老人ホーム,東大阪市池島町８－２－１０,東大阪市,2775006451,510,mhlw_name_address,1.0,待機人数のみ取得可能,,70,89,2025-09-26,0/0人,,,https://www.kaigokensaku.mhlw.go.jp/27/index.php?JigyosyoCd=2775006451-00&ServiceCd=510&action_kouhyou_detail_024_kani=true,http://hohoemi-fukushi.jp/laplage/,2026-10-01T04:49:34+09:00,200,200,ok,,https://www.kaigokensaku.mhlw.go.jp/27/index.php?JigyosyoCd=2775006451-00&ServiceCd=510&action_kouhyou_detail_feature_index=true,https://www.kaigokensaku.mhlw.go.jp/27/index.php?JigyosyoCd=2775006451-00&ServiceCd=510&action_kouhyou_detail_024_kihon=true
527,特別養護老人ホーム きずり逢花苑,特別養護老人ホーム,東大阪市衣摺６－１２－３,東大阪市,2775005172,510,mhlw_name_address,1.0,空床取得可能,0,70,45,2025-09-25,0/70人,厚労省公式,https://www.kaigokensaku.mhlw.go.jp/27/index.php?JigyosyoCd=2775005172-00&ServiceCd=510&action_kouhyou_detail_feature_index=true,https://www.kaigokensaku.mhlw.go.jp/27/index.php?JigyosyoCd=2775005172-00&ServiceCd=510&action_kouhyou_detail_024_kani=true,,2026-10-01T04:49:41+09:00,200,200,ok,,https://www.kaigokensaku.mhlw.go.jp/27/index.php?JigyosyoCd=2775005172-00&ServiceCd=510&action_kouhyou_detail_feature_index=true,https://www.kaigokensaku.mhlw.go.jp/27/index.php?JigyosyoCd=2775005172-00&ServiceCd=510&action_kouhyou_detail_024_kihon=true
528,特別養護老人ホーム アーバンケア島之内,特別養護老人ホーム,東大阪市吉田本町１丁目１０番１３号,東大阪市,2775001130,510,mhlw_name_address,1.0,待機人数のみ取得可能,,62,0,2025-08-04,0/0人,,,https://www.kaigokensaku.mhlw.go.jp/27/index.php?JigyosyoCd=2775001130-00&ServiceCd=510&action_kouhyou_detail_024_kihon=true,http://yoshijukai.or.jp/,2026-10-01T04:49:45+09:00,200,200,ok,,https://www.kaigokensaku.mhlw.go.jp/27/index.php?JigyosyoCd=2775001130-00&ServiceCd=510&action_kouhyou_detail_feature_index=true,https://www.kaigokensaku.mhlw.go.jp/27/index.php?JigyosyoCd=2775001130-00&ServiceCd=510&action_kouhyou_detail_024_kihon=true
529,特別養護老人ホーム 千寿園,特別養護老人ホーム,東大阪市南荘町１３番３８号,東大阪市,2775001981,510,mhlw_name_address,1.0,待機人数のみ取得可能,,60,26,2019-10-09,0/0人,,,https://www.kaigokensaku.mhlw.go.jp/27/index.php?JigyosyoCd=2775001981-00&ServiceCd=510&action_kouhyou_detail_024_kani=true,,2026-10-01T04:49:52+09:00,200,200,ok,,https://www.kaigokensaku.mhlw.go.jp/27/index.php?JigyosyoCd=2775001981-00&ServiceCd=510&action_kouhyou_detail_feature_index=true,https://www.kaigokensaku.mhlw.go.jp/27/index.php?JigyosyoCd=2775001981-00&ServiceCd=510&action_kouhyou_detail_024_kihon=true
530,特別養護老人ホームアンパス東大阪,特別養護老人ホーム,東大阪市若江南町3丁目7番7号,東大阪市,2775001411,510,mhlw_name_address,1.0,空床取得可能,0,60,84,2025-10-30,0/60人,厚労省公式,https://www.kaigokensaku.mhlw.go.jp/27/index.php?JigyosyoCd=2775001411-00&ServiceCd=510&action_kouhyou_detail_feature_index=true,https://www.kaigokensaku.mhlw.go.jp/27/index.php?JigyosyoCd=2775001411-00&ServiceCd=510&action_kouhyou_detail_024_kani=true,,2026-10-01T04:49:55+09:00,200,200,ok,,https://www.kaigokensaku.mhlw.go.jp/27/index.php?JigyosyoCd=2775001411-00&ServiceCd=510&action_kouhyou_detail_feature_index=true,https://www.kaigokensaku.mhlw.go.jp/27/index.php?JigyosyoCd=2775001411-00&ServiceCd=510&action_kouhyou_detail_024_kihon=true
531,特別養護老人ホームかわち野里ながせ,特別養護老人ホーム,東大阪市長瀬町１－５－１３,東大阪市,2775013853,510,mhlw_name_address,1.0,空床取得可能,5,60,110,2026-08-25,空室は5室,施設公式HP,https://kawatino.jp/news/733/,https://www.kaigokensaku.mhlw.go.jp/27/index.php?JigyosyoCd=2775013853-00&ServiceCd=510&action_kouhyou_detail_024_kani=true,http://kawatino.jp/,2026-10-01T04:49:59+09:00,200,200,ok,,https://www.kaigokensaku.mhlw.go.jp/27/index.php?JigyosyoCd=2775013853-00&ServiceCd=510&action_kouhyou_detail_feature_index=true,https://www.kaigokensaku.mhlw.go.jp/27/index.php?JigyosyoCd=2775013853-00&ServiceCd=510&action_kouhyou_detail_024_kihon=true
532,特別養護老人ホーム なるかわ苑,特別養護老人ホーム,東大阪市上六万寺町１３番４０号,東大阪市,2775003557,510,mhlw_name_address,1.0,待機人数のみ取得可能,,50,11,2025-02-18,0/0人,,,https://www.kaigokensaku.mhlw.go.jp/27/index.php?JigyosyoCd=2775003557-00&ServiceCd=510&action_kouhyou_detail_024_kani=true,https://koyu-fukushikai.jp/,2026-10-01T04:50:07+09:00,200,200,ok,,https://www.kaigokensaku.mhlw.go.jp/27/index.php?JigyosyoCd=2775003557-00&ServiceCd=510&action_kouhyou_detail_feature_index=true,https://www.kaigokensaku.mhlw.go.jp/27/index.php?JigyosyoCd=2775003557-00&ServiceCd=510&action_kouhyou_detail_024_kihon=true
533,特別養護老人ホーム レーベンズポルト,特別養護老人ホーム,東大阪市長栄寺21番24号,東大阪市,2775001544,510,mhlw_name_address,1.0,空床取得可能,0,50,67,2025-10-12,0/50人,厚労省公式,https://www.kaigokensaku.mhlw.go.jp/27/index.php?JigyosyoCd=2775001544-00&ServiceCd=510&action_kouhyou_detail_feature_index=true,https://www.kaigokensaku.mhlw.go.jp/27/index.php?JigyosyoCd=2775001544-00&ServiceCd=510&action_kouhyou_detail_024_kani=true,,2026-10-01T04:50:11+09:00,200,200,ok,,https://www.kaigokensaku.mhlw.go.jp/27/index.php?JigyosyoCd=2775001544-00&ServiceCd=510&action_kouhyou_detail_feature_index=true,https://www.kaigokensaku.mhlw.go.jp/27/index.php?JigyosyoCd=2775001544-00&ServiceCd=510&action_kouhyou_detail_024_kihon=true
534,特別養護老人ホーム 春光園,特別養護老人ホーム,東大阪市横枕８番３４号,東大阪市,2775001437,510,mhlw_name_address,1.0,空床取得可能,0,50,24,2020-10-10,0/50人,厚労省公式,https://www.kaigokensaku.mhlw.go.jp/27/index.php?JigyosyoCd=2775001437-00&ServiceCd=510&action_kouhyou_detail_feature_index=true,https://www.kaigokensaku.mhlw.go.jp/27/index.php?JigyosyoCd=2775001437-00&ServiceCd=510&action_kouhyou_detail_024_kani=true,,2026-10-01T04:50:14+09:00,200,200,ok,,https://www.kaigokensaku.mhlw.go.jp/27/index.php?JigyosyoCd=2775001437-00&ServiceCd=510&action_kouhyou_detail_feature_index=true,https://www.kaigokensaku.mhlw.go.jp/27/index.php?JigyosyoCd=2775001437-00&ServiceCd=510&action_kouhyou_detail_024_kihon=true
535,特別養護老人ホーム 福寿苑,特別養護老人ホーム,東大阪市出雲井本町3番25号,東大阪市,2775001106,510,mhlw_name_address,1.0,待機人数のみ取得可能,,50,90,2024-11-27,0/0人,,,https://www.kaigokensaku.mhlw.go.jp/27/index.php?JigyosyoCd=2775001106-00&ServiceCd=510&action_kouhyou_detail_024_kani=true,http://kawafukukai.or.jp,2026-10-01T04:50:19+09:00,200,200,ok,,https://www.kaigokensaku.mhlw.go.jp/27/index.php?JigyosyoCd=2775001106-00&ServiceCd=510&action_kouhyou_detail_feature_index=true,https://www.kaigokensaku.mhlw.go.jp/27/index.php?JigyosyoCd=2775001106-00&ServiceCd=510&action_kouhyou_detail_024_kihon=true
536,特別養護老人ホーム サンホーム,特別養護老人ホーム,東大阪市御厨南3-1-18,東大阪市,2775001270,510,mhlw_name_address,1.0,空床取得可能,0,50,25,2022-09-29,0/50人,厚労省公式,https://www.kaigokensaku.mhlw.go.jp/27/index.php?JigyosyoCd=2775001270-00&ServiceCd=510&action_kouhyou_detail_feature_index=true,https://www.kaigokensaku.mhlw.go.jp/27/index.php?JigyosyoCd=2775001270-00&ServiceCd=510&action_kouhyou_detail_024_kani=true,,2026-10-01T04:50:26+09:00,200,200,ok,,https://www.kaigokensaku.mhlw.go.jp/27/index.php?JigyosyoCd=2775001270-00&ServiceCd=510&action_kouhyou_detail_feature_index=true,https://www.kaigokensaku.mhlw.go.jp/27/index.php?JigyosyoCd=2775001270-00&ServiceCd=510&action_kouhyou_detail_024_kihon=true
537,特別養護老人ホームアーバンケア御厨,特別養護老人ホーム,東大阪市御厨東１丁目９番１６号,東大阪市,2775005487,510,mhlw_name_address,1.0,待機人数のみ取得可能,,50,5,2025-10-18,0/0人,,,https://www.kaigokensaku.mhlw.go.jp/27/index.php?JigyosyoCd=2775005487-00&ServiceCd=510&action_kouhyou_detail_024_kani=true,http://yoshijukai.or.jp/,2026-10-01T04:50:29+09:00,200,200,ok,,https://www.kaigokensaku.mhlw.go.jp/27/index.php?JigyosyoCd=2775005487-00&ServiceCd=510&action_kouhyou_detail_feature_index=true,https://www.kaigokensaku.mhlw.go.jp/27/index.php?JigyosyoCd=2775005487-00&ServiceCd=510&action_kouhyou_detail_024_kihon=true
538,特別養護老人ホーム ビオスの丘,特別養護老人ホーム,東大阪市善根寺町１丁目５番３１号,東大阪市,2775003763,510,mhlw_name_address,1.0,空床取得可能,0,30,38,2026-09-30,0/30人,厚労省公式,https://www.kaigokensaku.mhlw.go.jp/27/index.php?JigyosyoCd=2775003763-00&ServiceCd=510&action_kouhyou_detail_feature_index=true,https://www.kaigokensaku.mhlw.go.jp/27/index.php?JigyosyoCd=2775003763-00&ServiceCd=510&action_kouhyou_detail_024_kani=true,,2026-10-01T04:50:35+09:00,200,200,ok,,https://www.kaigokensaku.mhlw.go.jp/27/index.php?JigyosyoCd=2775003763-00&ServiceCd=510&action_kouhyou_detail_feature_index=true,https://www.kaigokensaku.mhlw.go.jp/27/index.php?JigyosyoCd=2775003763-00&ServiceCd=510&action_kouhyou_detail_024_kihon=true
539,サテライト型特別養護老人ホーム向日葵,特別養護老人ホーム,東大阪市玉串元町2丁目12-20,東大阪市,2795000955,540,mhlw_name_address,1.0,取得不可,,29,,2025-10-19,0/0人,,,,http://www.tamami.or.jp,2026-10-01T04:50:38+09:00,200,200,ok,,https://www.kaigokensaku.mhlw.go.jp/27/index.php?JigyosyoCd=2795000955-00&ServiceCd=540&action_kouhyou_detail_feature_index=true,https://www.kaigokensaku.mhlw.go.jp/27/index.php?JigyosyoCd=2795000955-00&ServiceCd=540&action_kouhyou_detail_026_kihon=true
540,特別養護老人ホームくつろぎ・友井荘,特別養護老人ホーム,東大阪市友井四丁目8番5号,東大阪市,2795000252,540,mhlw_name_address,1.0,空床取得可能,0,29,,2024-11-28,0/29人,厚労省公式,https://www.kaigokensaku.mhlw.go.jp/27/index.php?JigyosyoCd=2795000252-00&ServiceCd=540&action_kouhyou_detail_feature_index=true,,,2026-10-01T04:51:07+09:00,200,200,ok,,https://www.kaigokensaku.mhlw.go.jp/27/index.php?JigyosyoCd=2795000252-00&ServiceCd=540&action_kouhyou_detail_feature_index=true,https://www.kaigokensaku.mhlw.go.jp/27/index.php?JigyosyoCd=2795000252-00&ServiceCd=540&action_kouhyou_detail_026_kihon=true
541,ながた尚老苑,特別養護老人ホーム,東大阪市長田1丁目2番11号ながた尚老苑,東大阪市,2795000864,540,mhlw_name_address,1.0,空床取得可能,1,29,,2025-10-16,1/29人,厚労省公式,https://www.kaigokensaku.mhlw.go.jp/27/index.php?JigyosyoCd=2795000864-00&ServiceCd=540&action_kouhyou_detail_feature_index=true,,,2026-10-01T04:51:10+09:00,200,200,ok,,https://www.kaigokensaku.mhlw.go.jp/27/index.php?JigyosyoCd=2795000864-00&ServiceCd=540&action_kouhyou_detail_feature_index=true,https://www.kaigokensaku.mhlw.go.jp/27/index.php?JigyosyoCd=2795000864-00&ServiceCd=540&action_kouhyou_detail_026_kihon=true
542,特別養護老人ホーム なんかみホーム,特別養護老人ホーム,東大阪市南上小阪６番３６号,東大阪市,2795000294,540,mhlw_name_address,1.0,空床取得可能,0,29,,2018-12-13,0/29人,厚労省公式,https://www.kaigokensaku.mhlw.go.jp/27/index.php?JigyosyoCd=2795000294-00&ServiceCd=540&action_kouhyou_detail_feature_index=true,,,2026-10-01T04:51:14+09:00,200,200,ok,,https://www.kaigokensaku.mhlw.go.jp/27/index.php?JigyosyoCd=2795000294-00&ServiceCd=540&action_kouhyou_detail_feature_index=true,https://www.kaigokensaku.mhlw.go.jp/27/index.php?JigyosyoCd=2795000294-00&ServiceCd=540&action_kouhyou_detail_026_kihon=true
543,特別養護老人ホーム フォレストガーデン,特別養護老人ホーム,東大阪市池之端町5番43号,東大阪市,2795000310,540,mhlw_name_address,1.0,取得不可,,29,,2025-12-25,0/0人,,,,http://care-net.biz/27/hakujyukai/,2026-10-01T04:51:17+09:00,200,200,ok,,https://www.kaigokensaku.mhlw.go.jp/27/index.php?JigyosyoCd=2795000310-00&ServiceCd=540&action_kouhyou_detail_feature_index=true,https://www.kaigokensaku.mhlw.go.jp/27/index.php?JigyosyoCd=2795000310-00&ServiceCd=540&action_kouhyou_detail_026_kihon=true
544,地域密着型特別養護老人ホーム ビオスの丘Ⅱ,特別養護老人ホーム,東大阪市善根寺町１－５－３１,東大阪市,2795000609,540,mhlw_name_address,1.0,空床取得可能,0,18,,2025-09-23,0/18人,厚労省公式,https://www.kaigokensaku.mhlw.go.jp/27/index.php?JigyosyoCd=2795000609-00&ServiceCd=540&action_kouhyou_detail_feature_index=true,,,2026-10-01T04:51:22+09:00,200,200,ok,,https://www.kaigokensaku.mhlw.go.jp/27/index.php?JigyosyoCd=2795000609-00&ServiceCd=540&action_kouhyou_detail_feature_index=true,https://www.kaigokensaku.mhlw.go.jp/27/index.php?JigyosyoCd=2795000609-00&ServiceCd=540&action_kouhyou_detail_026_kihon=true
545,特別養護老人ホームメルテルホーム,特別養護老人ホーム,東大阪市西岩田四丁目４番８２号,東大阪市,,510,unmatched_ambiguous,0.611,取得不可,,,,,,,,,,2026-10-01T04:51:25+09:00,,,unmatched_no_official_page,MHLW open data could not be matched with sufficient confidence,,
546,泉南特別養護老人ホームなでしこりんくう,特別養護老人ホーム,泉南市りんくう南浜3番7,泉南市,2775600337,510,mhlw_name_address,1.0,待機人数のみ取得可能,,100,162,,0/0人,,,https://www.kaigokensaku.mhlw.go.jp/27/index.php?JigyosyoCd=2775600337-00&ServiceCd=510&action_kouhyou_detail_024_kani=true,http://www.saiseikaisennan.jp,2026-10-01T04:51:25+09:00,200,200,ok,,https://www.kaigokensaku.mhlw.go.jp/27/index.php?JigyosyoCd=2775600337-00&ServiceCd=510&action_kouhyou_detail_feature_index=true,https://www.kaigokensaku.mhlw.go.jp/27/index.php?JigyosyoCd=2775600337-00&ServiceCd=510&action_kouhyou_detail_024_kihon=true
547,特別養護老人ホームせんわ,特別養護老人ホーム,泉南市信達金熊寺530-1,泉南市,2775600220,510,mhlw_name_address,1.0,待機人数のみ取得可能,,60,20,2019-09-26,0/0人,,,https://www.kaigokensaku.mhlw.go.jp/27/index.php?JigyosyoCd=2775600220-00&ServiceCd=510&action_kouhyou_detail_024_kani=true,http://www.senwa.or.jp,2026-10-01T04:51:32+09:00,200,200,ok,,https://www.kaigokensaku.mhlw.go.jp/27/index.php?JigyosyoCd=2775600220-00&ServiceCd=510&action_kouhyou_detail_feature_index=true,https://www.kaigokensaku.mhlw.go.jp/27/index.php?JigyosyoCd=2775600220-00&ServiceCd=510&action_kouhyou_detail_024_kihon=true
548,特別養護養護老人ホーム 六尾の郷,特別養護老人ホーム,泉南市信達金熊寺130番地,泉南市,2775600147,510,mhlw_name_address,1.0,待機人数のみ取得可能,,60,66,2024-12-19,0/0人,,,https://www.kaigokensaku.mhlw.go.jp/27/index.php?JigyosyoCd=2775600147-00&ServiceCd=510&action_kouhyou_detail_024_kani=true,http://www.chojukai.or.jp,2026-10-01T04:51:36+09:00,200,200,ok,,https://www.kaigokensaku.mhlw.go.jp/27/index.php?JigyosyoCd=2775600147-00&ServiceCd=510&action_kouhyou_detail_feature_index=true,https://www.kaigokensaku.mhlw.go.jp/27/index.php?JigyosyoCd=2775600147-00&ServiceCd=510&action_kouhyou_detail_024_kihon=true
549,地域密着型特別養護老人ホーム ぶどうの木,特別養護老人ホーム,泉南市樽井7-23-3,泉南市,2795600085,540,mhlw_name_address,1.0,空床取得可能,0,29,,2025-11-26,0/29人,厚労省公式,https://www.kaigokensaku.mhlw.go.jp/27/index.php?JigyosyoCd=2795600085-00&ServiceCd=540&action_kouhyou_detail_feature_index=true,,,2026-10-01T04:51:41+09:00,200,200,ok,,https://www.kaigokensaku.mhlw.go.jp/27/index.php?JigyosyoCd=2795600085-00&ServiceCd=540&action_kouhyou_detail_feature_index=true,https://www.kaigokensaku.mhlw.go.jp/27/index.php?JigyosyoCd=2795600085-00&ServiceCd=540&action_kouhyou_detail_026_kihon=true
550,特別養護老人ホーム四條畷荘,特別養護老人ホーム,四條畷市北出町28番1号,四條畷市,2775700269,510,mhlw_name_address,1.0,待機人数のみ取得可能,,120,40,2017-10-13,0/0人,,,https://www.kaigokensaku.mhlw.go.jp/27/index.php?JigyosyoCd=2775700269-00&ServiceCd=510&action_kouhyou_detail_024_kani=true,https://4jou.jp/,2026-10-01T04:51:45+09:00,200,200,ok,,https://www.kaigokensaku.mhlw.go.jp/27/index.php?JigyosyoCd=2775700269-00&ServiceCd=510&action_kouhyou_detail_feature_index=true,https://www.kaigokensaku.mhlw.go.jp/27/index.php?JigyosyoCd=2775700269-00&ServiceCd=510&action_kouhyou_detail_024_kihon=true
551,特別養護老人ホーム清滝らくらく苑,特別養護老人ホーム,四條畷市清滝中町1-3,四條畷市,2775700392,510,mhlw_name_address,1.0,空床取得可能,0,50,15,2025-10-18,0/50人,厚労省公式,https://www.kaigokensaku.mhlw.go.jp/27/index.php?JigyosyoCd=2775700392-00&ServiceCd=510&action_kouhyou_detail_feature_index=true,https://www.kaigokensaku.mhlw.go.jp/27/index.php?JigyosyoCd=2775700392-00&ServiceCd=510&action_kouhyou_detail_024_kani=true,,2026-10-01T04:51:53+09:00,200,200,ok,,https://www.kaigokensaku.mhlw.go.jp/27/index.php?JigyosyoCd=2775700392-00&ServiceCd=510&action_kouhyou_detail_feature_index=true,https://www.kaigokensaku.mhlw.go.jp/27/index.php?JigyosyoCd=2775700392-00&ServiceCd=510&action_kouhyou_detail_024_kihon=true
552,特別養護老人ホームるうてるホーム,特別養護老人ホーム,四條畷市岡山五丁目１９番２０号,四條畷市,2775700194,510,mhlw_name_address,1.0,待機人数のみ取得可能,,50,90,2025-10-19,0/0人,,,https://www.kaigokensaku.mhlw.go.jp/27/index.php?JigyosyoCd=2775700194-00&ServiceCd=510&action_kouhyou_detail_024_kani=true,https://www.ruuteruhome.or.jp,2026-10-01T04:51:59+09:00,200,200,ok,,https://www.kaigokensaku.mhlw.go.jp/27/index.php?JigyosyoCd=2775700194-00&ServiceCd=510&action_kouhyou_detail_feature_index=true,https://www.kaigokensaku.mhlw.go.jp/27/index.php?JigyosyoCd=2775700194-00&ServiceCd=510&action_kouhyou_detail_024_kihon=true
553,特別養護老人ホーム 田原荘,特別養護老人ホーム,四條畷市上田原597番地,四條畷市,2775700160,510,mhlw_name_address,1.0,空床取得可能,1,50,13,2026-09-22,1/49人,厚労省公式,https://www.kaigokensaku.mhlw.go.jp/27/index.php?JigyosyoCd=2775700160-00&ServiceCd=510&action_kouhyou_detail_feature_index=true,https://www.kaigokensaku.mhlw.go.jp/27/index.php?JigyosyoCd=2775700160-00&ServiceCd=510&action_kouhyou_detail_024_kani=true,,2026-10-01T04:52:04+09:00,200,200,ok,,https://www.kaigokensaku.mhlw.go.jp/27/index.php?JigyosyoCd=2775700160-00&ServiceCd=510&action_kouhyou_detail_feature_index=true,https://www.kaigokensaku.mhlw.go.jp/27/index.php?JigyosyoCd=2775700160-00&ServiceCd=510&action_kouhyou_detail_024_kihon=true
554,南野らくらく苑,特別養護老人ホーム,四條畷市大字清瀧７７１－１,四條畷市,2795700018,540,mhlw_name_address,1.0,空床取得可能,0,29,,2025-10-18,0/29人,厚労省公式,https://www.kaigokensaku.mhlw.go.jp/27/index.php?JigyosyoCd=2795700018-00&ServiceCd=540&action_kouhyou_detail_feature_index=true,,,2026-10-01T04:52:08+09:00,200,200,ok,,https://www.kaigokensaku.mhlw.go.jp/27/index.php?JigyosyoCd=2795700018-00&ServiceCd=540&action_kouhyou_detail_feature_index=true,https://www.kaigokensaku.mhlw.go.jp/27/index.php?JigyosyoCd=2795700018-00&ServiceCd=540&action_kouhyou_detail_026_kihon=true
555,雨塚らくらく苑,特別養護老人ホーム,四條畷市大字清瀧５１１－１,四條畷市,2795700034,540,mhlw_name_address,1.0,空床取得可能,0,29,,2025-10-19,0/29人,厚労省公式,https://www.kaigokensaku.mhlw.go.jp/27/index.php?JigyosyoCd=2795700034-00&ServiceCd=540&action_kouhyou_detail_feature_index=true,,,2026-10-01T04:52:11+09:00,200,200,ok,,https://www.kaigokensaku.mhlw.go.jp/27/index.php?JigyosyoCd=2795700034-00&ServiceCd=540&action_kouhyou_detail_feature_index=true,https://www.kaigokensaku.mhlw.go.jp/27/index.php?JigyosyoCd=2795700034-00&ServiceCd=540&action_kouhyou_detail_026_kihon=true
556,特別養護老人ホーム美来,特別養護老人ホーム,交野市倉治四丁目４０番７号,交野市,2773600719,510,mhlw_name_address,1.0,空床取得可能,0,80,107,2026-09-18,0/80人,厚労省公式,https://www.kaigokensaku.mhlw.go.jp/27/index.php?JigyosyoCd=2773600719-00&ServiceCd=510&action_kouhyou_detail_feature_index=true,https://www.kaigokensaku.mhlw.go.jp/27/index.php?JigyosyoCd=2773600719-00&ServiceCd=510&action_kouhyou_detail_024_kani=true,,2026-10-01T04:52:15+09:00,200,200,ok,,https://www.kaigokensaku.mhlw.go.jp/27/index.php?JigyosyoCd=2773600719-00&ServiceCd=510&action_kouhyou_detail_feature_index=true,https://www.kaigokensaku.mhlw.go.jp/27/index.php?JigyosyoCd=2773600719-00&ServiceCd=510&action_kouhyou_detail_024_kihon=true
557,特別養護老人ホーム 天の川明星,特別養護老人ホーム,交野市藤が尾２－５－２２,交野市,2773600156,510,mhlw_name_address,1.0,空床取得可能,0,55,125,2025-10-08,0/55人,厚労省公式,https://www.kaigokensaku.mhlw.go.jp/27/index.php?JigyosyoCd=2773600156-00&ServiceCd=510&action_kouhyou_detail_feature_index=true,https://www.kaigokensaku.mhlw.go.jp/27/index.php?JigyosyoCd=2773600156-00&ServiceCd=510&action_kouhyou_detail_024_kani=true,,2026-10-01T04:52:18+09:00,200,200,ok,,https://www.kaigokensaku.mhlw.go.jp/27/index.php?JigyosyoCd=2773600156-00&ServiceCd=510&action_kouhyou_detail_feature_index=true,https://www.kaigokensaku.mhlw.go.jp/27/index.php?JigyosyoCd=2773600156-00&ServiceCd=510&action_kouhyou_detail_024_kihon=true
558,特別養護老人ホーム明星,特別養護老人ホーム,交野市星田８丁目６番７号,交野市,2773600172,510,mhlw_name_address,1.0,待機人数のみ取得可能,,50,75,2024-12-12,0/0人,,,https://www.kaigokensaku.mhlw.go.jp/27/index.php?JigyosyoCd=2773600172-00&ServiceCd=510&action_kouhyou_detail_024_kani=true,https://www.h-myojo.or.jp,2026-10-01T04:52:21+09:00,200,200,ok,,https://www.kaigokensaku.mhlw.go.jp/27/index.php?JigyosyoCd=2773600172-00&ServiceCd=510&action_kouhyou_detail_feature_index=true,https://www.kaigokensaku.mhlw.go.jp/27/index.php?JigyosyoCd=2773600172-00&ServiceCd=510&action_kouhyou_detail_024_kihon=true
559,きんもくせい特別養護老人ホーム,特別養護老人ホーム,交野市大字星田５１５６－８,交野市,2773600115,510,mhlw_name_address,1.0,空床取得可能,0,50,36,2024-11-26,0/50人,厚労省公式,https://www.kaigokensaku.mhlw.go.jp/27/index.php?JigyosyoCd=2773600115-00&ServiceCd=510&action_kouhyou_detail_feature_index=true,https://www.kaigokensaku.mhlw.go.jp/27/index.php?JigyosyoCd=2773600115-00&ServiceCd=510&action_kouhyou_detail_024_kani=true,,2026-10-01T04:52:26+09:00,200,200,ok,,https://www.kaigokensaku.mhlw.go.jp/27/index.php?JigyosyoCd=2773600115-00&ServiceCd=510&action_kouhyou_detail_feature_index=true,https://www.kaigokensaku.mhlw.go.jp/27/index.php?JigyosyoCd=2773600115-00&ServiceCd=510&action_kouhyou_detail_024_kihon=true
560,地域密着型特別養護老人ホーム つかさ交野,特別養護老人ホーム,交野市星田北7丁目7-13,交野市,2793600145,540,mhlw_name_address,1.0,取得不可,,29,,2026-09-18,0/0人,,,,https://kouei-kai.com/tsukasa-care-home/,2026-10-01T04:52:29+09:00,200,200,ok,,https://www.kaigokensaku.mhlw.go.jp/27/index.php?JigyosyoCd=2793600145-00&ServiceCd=540&action_kouhyou_detail_feature_index=true,https://www.kaigokensaku.mhlw.go.jp/27/index.php?JigyosyoCd=2793600145-00&ServiceCd=540&action_kouhyou_detail_026_kihon=true
561,特別養護老人ホームかたの美来,特別養護老人ホーム,交野市東倉治5-8-8,交野市,2793600103,540,mhlw_name_address,1.0,取得不可,,29,,2026-09-25,0/0人,,,,http://www.misugikai.jp,2026-10-01T04:52:35+09:00,200,200,ok,,https://www.kaigokensaku.mhlw.go.jp/27/index.php?JigyosyoCd=2793600103-00&ServiceCd=540&action_kouhyou_detail_feature_index=true,https://www.kaigokensaku.mhlw.go.jp/27/index.php?JigyosyoCd=2793600103-00&ServiceCd=540&action_kouhyou_detail_026_kihon=true
562,地域密着型介護老人福祉施設 サール・ナートかたの,特別養護老人ホーム,交野市私部南１丁目４９０番,交野市,2793600061,540,mhlw_name_address,1.0,空床取得可能,1,29,,2018-10-05,1/29人,厚労省公式,https://www.kaigokensaku.mhlw.go.jp/27/index.php?JigyosyoCd=2793600061-00&ServiceCd=540&action_kouhyou_detail_feature_index=true,,,2026-10-01T04:52:45+09:00,200,200,ok,,https://www.kaigokensaku.mhlw.go.jp/27/index.php?JigyosyoCd=2793600061-00&ServiceCd=540&action_kouhyou_detail_feature_index=true,https://www.kaigokensaku.mhlw.go.jp/27/index.php?JigyosyoCd=2793600061-00&ServiceCd=540&action_kouhyou_detail_026_kihon=true
563,特別養護老人ホームあおやま,特別養護老人ホーム,交野市青山３丁目４３１番の１ 特別養護老人ホームあおやま,交野市,,510,unmatched_ambiguous,0.65,取得不可,,,,,,,,,,2026-10-01T04:52:48+09:00,,,unmatched_no_official_page,MHLW open data could not be matched with sufficient confidence,,
564,特別養護老人ホームあおやま２号館,特別養護老人ホーム,交野市青山３丁目４３０番地の１,交野市,,510,unmatched_ambiguous,0.604,取得不可,,,,,,,,,,2026-10-01T04:52:48+09:00,,,unmatched_no_official_page,MHLW open data could not be matched with sufficient confidence,,
565,特別養護老人ホームくみのき苑,特別養護老人ホーム,大阪狭山市東茱萸木四丁目1977番地,大阪狭山市,2779300132,510,mhlw_name_address,1.0,待機人数のみ取得可能,,80,89,2025-10-16,0/0人,,,https://www.kaigokensaku.mhlw.go.jp/27/index.php?JigyosyoCd=2779300132-00&ServiceCd=510&action_kouhyou_detail_024_kani=true,https://rapport-kuminoki.or.jp/,2026-10-01T04:52:48+09:00,200,200,ok,,https://www.kaigokensaku.mhlw.go.jp/27/index.php?JigyosyoCd=2779300132-00&ServiceCd=510&action_kouhyou_detail_feature_index=true,https://www.kaigokensaku.mhlw.go.jp/27/index.php?JigyosyoCd=2779300132-00&ServiceCd=510&action_kouhyou_detail_024_kihon=true
566,特別養護老人ホーム ファヴォーレ,特別養護老人ホーム,大阪狭山市大野西５６６－２,大阪狭山市,2779300181,510,mhlw_name_address,1.0,待機人数のみ取得可能,,50,3,2025-04-06,0/0人,,,https://www.kaigokensaku.mhlw.go.jp/27/index.php?JigyosyoCd=2779300181-00&ServiceCd=510&action_kouhyou_detail_024_kani=true,http://kyoyukai.org,2026-10-01T04:52:53+09:00,200,200,ok,,https://www.kaigokensaku.mhlw.go.jp/27/index.php?JigyosyoCd=2779300181-00&ServiceCd=510&action_kouhyou_detail_feature_index=true,https://www.kaigokensaku.mhlw.go.jp/27/index.php?JigyosyoCd=2779300181-00&ServiceCd=510&action_kouhyou_detail_024_kihon=true
567,特別養護老人ホーム 陽だまりの丘,特別養護老人ホーム,大阪狭山市大野台１丁目１４番２０号,大阪狭山市,2779300769,510,mhlw_name_address,1.0,待機人数のみ取得可能,,50,85,2025-01-30,0/0人,,,https://www.kaigokensaku.mhlw.go.jp/27/index.php?JigyosyoCd=2779300769-00&ServiceCd=510&action_kouhyou_detail_024_kani=true,http://osakasayamahakuyukai.jp/,2026-10-01T04:53:00+09:00,200,200,ok,,https://www.kaigokensaku.mhlw.go.jp/27/index.php?JigyosyoCd=2779300769-00&ServiceCd=510&action_kouhyou_detail_feature_index=true,https://www.kaigokensaku.mhlw.go.jp/27/index.php?JigyosyoCd=2779300769-00&ServiceCd=510&action_kouhyou_detail_024_kihon=true
568,地域密着型特別養護老人ホーム ファヴォーレ狭山,特別養護老人ホーム,大阪狭山市大野西566-1,大阪狭山市,2799300153,540,mhlw_name_address,1.0,取得不可,,29,,2022-10-19,0/0人,,,,http://kyoyukai.org,2026-10-01T04:53:05+09:00,200,200,ok,,https://www.kaigokensaku.mhlw.go.jp/27/index.php?JigyosyoCd=2799300153-00&ServiceCd=540&action_kouhyou_detail_feature_index=true,https://www.kaigokensaku.mhlw.go.jp/27/index.php?JigyosyoCd=2799300153-00&ServiceCd=540&action_kouhyou_detail_026_kihon=true
569,特別養護老人ホーム寿里苑花舞の郷,特別養護老人ホーム,大阪狭山市東池尻4-1336-1,大阪狭山市,2799300054,540,mhlw_name_address,1.0,取得不可,,29,,2025-09-22,0/0人,,,,https://www.julien.or.jp/hanamainosato/,2026-10-01T04:53:11+09:00,200,200,ok,,https://www.kaigokensaku.mhlw.go.jp/27/index.php?JigyosyoCd=2799300054-00&ServiceCd=540&action_kouhyou_detail_feature_index=true,https://www.kaigokensaku.mhlw.go.jp/27/index.php?JigyosyoCd=2799300054-00&ServiceCd=540&action_kouhyou_detail_026_kihon=true
570,特別養護老人ホーム 玉井泉陽園,特別養護老人ホーム,阪南市下出371番地の1,阪南市,2779500210,510,mhlw_name_address,1.0,空床取得可能,0,90,0,2019-01-17,0/90人,厚労省公式,https://www.kaigokensaku.mhlw.go.jp/27/index.php?JigyosyoCd=2779500210-00&ServiceCd=510&action_kouhyou_detail_feature_index=true,https://www.kaigokensaku.mhlw.go.jp/27/index.php?JigyosyoCd=2779500210-00&ServiceCd=510&action_kouhyou_detail_024_kani=true,,2026-10-01T04:53:22+09:00,200,200,ok,,https://www.kaigokensaku.mhlw.go.jp/27/index.php?JigyosyoCd=2779500210-00&ServiceCd=510&action_kouhyou_detail_feature_index=true,https://www.kaigokensaku.mhlw.go.jp/27/index.php?JigyosyoCd=2779500210-00&ServiceCd=510&action_kouhyou_detail_024_kihon=true
571,特別養護老人ホーム玉田山荘,特別養護老人ホーム,阪南市石田738番地の4,阪南市,2779500202,510,mhlw_name_address,1.0,待機人数のみ取得可能,,60,12,2025-12-08,0/0人,,,https://www.kaigokensaku.mhlw.go.jp/27/index.php?JigyosyoCd=2779500202-00&ServiceCd=510&action_kouhyou_detail_024_kani=true,http://www.tamadayama.or.jp,2026-10-01T04:53:26+09:00,200,200,ok,,https://www.kaigokensaku.mhlw.go.jp/27/index.php?JigyosyoCd=2779500202-00&ServiceCd=510&action_kouhyou_detail_feature_index=true,https://www.kaigokensaku.mhlw.go.jp/27/index.php?JigyosyoCd=2779500202-00&ServiceCd=510&action_kouhyou_detail_024_kihon=true
572,特別養護老人ホーム ふれ愛四季の郷,特別養護老人ホーム,阪南市尾崎町５０４番１,阪南市,2799500059,540,mhlw_name_address,1.0,取得不可,,29,,2024-12-24,0/0人,,,,http://www.shikinosato-fureai.net,2026-10-01T04:53:33+09:00,200,200,ok,,https://www.kaigokensaku.mhlw.go.jp/27/index.php?JigyosyoCd=2799500059-00&ServiceCd=540&action_kouhyou_detail_feature_index=true,https://www.kaigokensaku.mhlw.go.jp/27/index.php?JigyosyoCd=2799500059-00&ServiceCd=540&action_kouhyou_detail_026_kihon=true
573,特別養護老人ホーム第2ふれ愛四季の郷,特別養護老人ホーム,阪南市下出373番地,阪南市,2799500117,540,mhlw_name_address,1.0,取得不可,,29,,2024-12-24,0/0人,,,,http://www.shikinosato-fureai.net/,2026-10-01T04:53:38+09:00,200,200,ok,,https://www.kaigokensaku.mhlw.go.jp/27/index.php?JigyosyoCd=2799500117-00&ServiceCd=540&action_kouhyou_detail_feature_index=true,https://www.kaigokensaku.mhlw.go.jp/27/index.php?JigyosyoCd=2799500117-00&ServiceCd=540&action_kouhyou_detail_026_kihon=true
574,ピープルハウス阪南,特別養護老人ホーム,阪南市貝掛１７９番４,阪南市,,510,unmatched_ambiguous,0.514,取得不可,,,,,,,,,,2026-10-01T04:53:43+09:00,,,unmatched_no_official_page,MHLW open data could not be matched with sufficient confidence,,
575,特別養護老人ホーム 弥栄の郷,特別養護老人ホーム,三島郡島本町山崎五丁目３番２５号,島本町,2773900069,510,mhlw_name_address,1.0,待機人数のみ取得可能,,50,44,2025-10-17,0/0人,,,https://www.kaigokensaku.mhlw.go.jp/27/index.php?JigyosyoCd=2773900069-00&ServiceCd=510&action_kouhyou_detail_024_kani=true,https://yaenosato-19910801.jp/,2026-10-01T04:53:43+09:00,200,200,ok,,https://www.kaigokensaku.mhlw.go.jp/27/index.php?JigyosyoCd=2773900069-00&ServiceCd=510&action_kouhyou_detail_feature_index=true,https://www.kaigokensaku.mhlw.go.jp/27/index.php?JigyosyoCd=2773900069-00&ServiceCd=510&action_kouhyou_detail_024_kihon=true
576,地域密着型特別養護老人ホーム島本の郷,特別養護老人ホーム,三島郡島本町若山台1-3-8,島本町,2793900065,540,mhlw_name_address,1.0,空床取得可能,0,29,,2021-11-09,0/29人,厚労省公式,https://www.kaigokensaku.mhlw.go.jp/27/index.php?JigyosyoCd=2793900065-00&ServiceCd=540&action_kouhyou_detail_feature_index=true,,,2026-10-01T04:53:48+09:00,200,200,ok,,https://www.kaigokensaku.mhlw.go.jp/27/index.php?JigyosyoCd=2793900065-00&ServiceCd=540&action_kouhyou_detail_feature_index=true,https://www.kaigokensaku.mhlw.go.jp/27/index.php?JigyosyoCd=2793900065-00&ServiceCd=540&action_kouhyou_detail_026_kihon=true
577,特別養護老人ホーム のせの里,特別養護老人ホーム,豊能郡豊能町木代３３５,豊能町,2774700187,510,mhlw_name_address,1.0,待機人数のみ取得可能,,80,32,2026-05-29,0/0人,,,https://www.kaigokensaku.mhlw.go.jp/27/index.php?JigyosyoCd=2774700187-00&ServiceCd=510&action_kouhyou_detail_024_kani=true,,2026-10-01T04:53:51+09:00,200,200,ok,,https://www.kaigokensaku.mhlw.go.jp/27/index.php?JigyosyoCd=2774700187-00&ServiceCd=510&action_kouhyou_detail_feature_index=true,https://www.kaigokensaku.mhlw.go.jp/27/index.php?JigyosyoCd=2774700187-00&ServiceCd=510&action_kouhyou_detail_024_kihon=true
578,特別養護老人ホーム祥雲館,特別養護老人ホーム,豊能郡豊能町吉川１８７－１,豊能町,2774700682,510,mhlw_name_address,1.0,待機人数のみ取得可能,,50,36,2022-10-13,0/0人,,,https://www.kaigokensaku.mhlw.go.jp/27/index.php?JigyosyoCd=2774700682-00&ServiceCd=510&action_kouhyou_detail_024_kani=true,http://syownkan.jp,2026-10-01T04:53:55+09:00,200,200,ok,,https://www.kaigokensaku.mhlw.go.jp/27/index.php?JigyosyoCd=2774700682-00&ServiceCd=510&action_kouhyou_detail_feature_index=true,https://www.kaigokensaku.mhlw.go.jp/27/index.php?JigyosyoCd=2774700682-00&ServiceCd=510&action_kouhyou_detail_024_kihon=true
579,特別養護老人ホーム祥雲館,特別養護老人ホーム,豊能郡豊能町吉川187番地の１,豊能町,2794700043,540,mhlw_name_address,1.0,空床取得可能,0,24,,2025-09-29,0/24人,厚労省公式,https://www.kaigokensaku.mhlw.go.jp/27/index.php?JigyosyoCd=2794700043-00&ServiceCd=540&action_kouhyou_detail_feature_index=true,,,2026-10-01T04:53:58+09:00,200,200,ok,,https://www.kaigokensaku.mhlw.go.jp/27/index.php?JigyosyoCd=2794700043-00&ServiceCd=540&action_kouhyou_detail_feature_index=true,https://www.kaigokensaku.mhlw.go.jp/27/index.php?JigyosyoCd=2794700043-00&ServiceCd=540&action_kouhyou_detail_026_kihon=true
580,特別養護老人ホーム祥雲館本館,特別養護老人ホーム,豊能郡豊能町吉川187番地の1,豊能町,2794700027,540,mhlw_name_address,1.0,取得不可,,22,,2026-09-30,0/0人,,,,http://syownkan.jp,2026-10-01T04:54:05+09:00,200,200,ok,,https://www.kaigokensaku.mhlw.go.jp/27/index.php?JigyosyoCd=2794700027-00&ServiceCd=540&action_kouhyou_detail_feature_index=true,https://www.kaigokensaku.mhlw.go.jp/27/index.php?JigyosyoCd=2794700027-00&ServiceCd=540&action_kouhyou_detail_026_kihon=true
581,特別養護老人ホーム 青山荘,特別養護老人ホーム,豊能郡能勢町平野142番地の1,能勢町,2774700088,510,mhlw_name_address,1.0,空床取得可能,0,50,18,2025-09-25,0/50人,厚労省公式,https://www.kaigokensaku.mhlw.go.jp/27/index.php?JigyosyoCd=2774700088-00&ServiceCd=510&action_kouhyou_detail_feature_index=true,https://www.kaigokensaku.mhlw.go.jp/27/index.php?JigyosyoCd=2774700088-00&ServiceCd=510&action_kouhyou_detail_024_kani=true,,2026-10-01T04:54:09+09:00,200,200,ok,,https://www.kaigokensaku.mhlw.go.jp/27/index.php?JigyosyoCd=2774700088-00&ServiceCd=510&action_kouhyou_detail_feature_index=true,https://www.kaigokensaku.mhlw.go.jp/27/index.php?JigyosyoCd=2774700088-00&ServiceCd=510&action_kouhyou_detail_024_kihon=true
582,ピープルハウス忠岡,特別養護老人ホーム,泉北郡忠岡町高月北１－１１－３,忠岡町,2775400043,510,mhlw_name_address,1.0,空床取得可能,18,100,0,2026-09-25,18/100人,厚労省公式,https://www.kaigokensaku.mhlw.go.jp/27/index.php?JigyosyoCd=2775400043-00&ServiceCd=510&action_kouhyou_detail_feature_index=true,https://www.kaigokensaku.mhlw.go.jp/27/index.php?JigyosyoCd=2775400043-00&ServiceCd=510&action_kouhyou_detail_024_kihon=true,,2026-10-01T04:54:12+09:00,200,200,ok,,https://www.kaigokensaku.mhlw.go.jp/27/index.php?JigyosyoCd=2775400043-00&ServiceCd=510&action_kouhyou_detail_feature_index=true,https://www.kaigokensaku.mhlw.go.jp/27/index.php?JigyosyoCd=2775400043-00&ServiceCd=510&action_kouhyou_detail_024_kihon=true
583,特別養護老人ホーム弥栄園,特別養護老人ホーム,泉南郡熊取町大久保南三丁目1380番地の1,熊取町,2771200132,510,seed_code,1.0,空床取得可能,0,79,14,2025-04-21,0/79人,厚労省公式,https://www.kaigokensaku.mhlw.go.jp/27/index.php?JigyosyoCd=2771200132-00&ServiceCd=510&action_kouhyou_detail_feature_index=true,https://www.kaigokensaku.mhlw.go.jp/27/index.php?JigyosyoCd=2771200132-00&ServiceCd=510&action_kouhyou_detail_024_kani=true,,2026-10-01T04:54:16+09:00,200,200,ok,,https://www.kaigokensaku.mhlw.go.jp/27/index.php?JigyosyoCd=2771200132-00&ServiceCd=510&action_kouhyou_detail_feature_index=true,https://www.kaigokensaku.mhlw.go.jp/27/index.php?JigyosyoCd=2771200132-00&ServiceCd=510&action_kouhyou_detail_024_kihon=true
584,特別養護老人ホーム第１永楽荘,特別養護老人ホーム,泉南郡熊取町野田三丁目1111番地2,熊取町,2771200165,510,seed_code,1.0,待機人数のみ取得可能,,50,3,2025-10-17,0/0人,,,https://www.kaigokensaku.mhlw.go.jp/27/index.php?JigyosyoCd=2771200165-00&ServiceCd=510&action_kouhyou_detail_024_kani=true,http://www.eiraku-fukushi.com,2026-10-01T04:54:19+09:00,200,200,ok,,https://www.kaigokensaku.mhlw.go.jp/27/index.php?JigyosyoCd=2771200165-00&ServiceCd=510&action_kouhyou_detail_feature_index=true,https://www.kaigokensaku.mhlw.go.jp/27/index.php?JigyosyoCd=2771200165-00&ServiceCd=510&action_kouhyou_detail_024_kihon=true
585,特別養護老人ホーム 第３永楽荘,特別養護老人ホーム,泉南郡熊取町野田３丁目２２８１番地１,熊取町,2771201221,510,seed_code,1.0,待機人数のみ取得可能,,50,1,2025-10-17,0/0人,,,https://www.kaigokensaku.mhlw.go.jp/27/index.php?JigyosyoCd=2771201221-00&ServiceCd=510&action_kouhyou_detail_024_kani=true,http://www.eiraku-fukushi.com/,2026-10-01T04:54:24+09:00,200,200,ok,,https://www.kaigokensaku.mhlw.go.jp/27/index.php?JigyosyoCd=2771201221-00&ServiceCd=510&action_kouhyou_detail_feature_index=true,https://www.kaigokensaku.mhlw.go.jp/27/index.php?JigyosyoCd=2771201221-00&ServiceCd=510&action_kouhyou_detail_024_kihon=true
586,特別養護老人ホーム第２永楽荘,特別養護老人ホーム,泉南郡熊取町野田３丁目2070番１,熊取町,2791200062,540,mhlw_name_address,1.0,取得不可,,29,,2025-10-19,0/0人,,,,http://www.eiraku-fukushi.com,2026-10-01T04:54:29+09:00,200,200,ok,,https://www.kaigokensaku.mhlw.go.jp/27/index.php?JigyosyoCd=2791200062-00&ServiceCd=540&action_kouhyou_detail_feature_index=true,https://www.kaigokensaku.mhlw.go.jp/27/index.php?JigyosyoCd=2791200062-00&ServiceCd=540&action_kouhyou_detail_026_kihon=true
587,特別養護老人ホーム フィオーレ南海,特別養護老人ホーム,泉南郡田尻町吉見326-1,田尻町,2771200074,510,seed_code,1.0,空床取得可能,0,60,20,2026-03-09,0/60人,厚労省公式,https://www.kaigokensaku.mhlw.go.jp/27/index.php?JigyosyoCd=2771200074-00&ServiceCd=510&action_kouhyou_detail_feature_index=true,https://www.kaigokensaku.mhlw.go.jp/27/index.php?JigyosyoCd=2771200074-00&ServiceCd=510&action_kouhyou_detail_024_kani=true,,2026-10-01T04:54:34+09:00,200,200,ok,,https://www.kaigokensaku.mhlw.go.jp/27/index.php?JigyosyoCd=2771200074-00&ServiceCd=510&action_kouhyou_detail_feature_index=true,https://www.kaigokensaku.mhlw.go.jp/27/index.php?JigyosyoCd=2771200074-00&ServiceCd=510&action_kouhyou_detail_024_kihon=true
588,淡輪園（特別養護老人ホーム）,特別養護老人ホーム,泉南郡 岬町淡輪5635番地1,岬町,2771200058,510,seed_code,1.0,待機人数のみ取得可能,,63,0,2024-12-22,0/0人,,,https://www.kaigokensaku.mhlw.go.jp/27/index.php?JigyosyoCd=2771200058-00&ServiceCd=510&action_kouhyou_detail_024_kani=true,http://www5.ocn.ne.jp/~tannowa/index.html,2026-10-01T04:54:38+09:00,200,200,ok,,https://www.kaigokensaku.mhlw.go.jp/27/index.php?JigyosyoCd=2771200058-00&ServiceCd=510&action_kouhyou_detail_feature_index=true,https://www.kaigokensaku.mhlw.go.jp/27/index.php?JigyosyoCd=2771200058-00&ServiceCd=510&action_kouhyou_detail_024_kihon=true
589,特別養護老人ホーム 美野の里,特別養護老人ホーム,南河内郡太子町山田２５５０,太子町,2773500216,510,mhlw_name_address,1.0,空床取得可能,0,50,0,2025-09-23,0/50人,厚労省公式,https://www.kaigokensaku.mhlw.go.jp/27/index.php?JigyosyoCd=2773500216-00&ServiceCd=510&action_kouhyou_detail_feature_index=true,https://www.kaigokensaku.mhlw.go.jp/27/index.php?JigyosyoCd=2773500216-00&ServiceCd=510&action_kouhyou_detail_024_kihon=true,,2026-10-01T04:54:42+09:00,200,200,ok,,https://www.kaigokensaku.mhlw.go.jp/27/index.php?JigyosyoCd=2773500216-00&ServiceCd=510&action_kouhyou_detail_feature_index=true,https://www.kaigokensaku.mhlw.go.jp/27/index.php?JigyosyoCd=2773500216-00&ServiceCd=510&action_kouhyou_detail_024_kihon=true
590,社会福祉法人朱音会 地域密着型特別養護老人ホーム ふくの音,特別養護老人ホーム,南河内郡太子町大字山田3361番地,太子町,2793500030,540,mhlw_name_address,1.0,取得不可,,29,,2022-12-20,0/0人,,,,http://www.fukunone.net/,2026-10-01T04:54:45+09:00,200,200,ok,,https://www.kaigokensaku.mhlw.go.jp/27/index.php?JigyosyoCd=2793500030-00&ServiceCd=540&action_kouhyou_detail_feature_index=true,https://www.kaigokensaku.mhlw.go.jp/27/index.php?JigyosyoCd=2793500030-00&ServiceCd=540&action_kouhyou_detail_026_kihon=true
591,特別養護老人ホーム あんり,特別養護老人ホーム,南河内郡河南町大字寛弘寺１０１番地,河南町,2773500778,510,mhlw_name_address,1.0,待機人数のみ取得可能,,80,41,2015-10-20,0/0人,,,https://www.kaigokensaku.mhlw.go.jp/27/index.php?JigyosyoCd=2773500778-00&ServiceCd=510&action_kouhyou_detail_024_kani=true,http://www.jyunshin.or.jp/anri/,2026-10-01T04:55:10+09:00,200,200,ok,,https://www.kaigokensaku.mhlw.go.jp/27/index.php?JigyosyoCd=2773500778-00&ServiceCd=510&action_kouhyou_detail_feature_index=true,https://www.kaigokensaku.mhlw.go.jp/27/index.php?JigyosyoCd=2773500778-00&ServiceCd=510&action_kouhyou_detail_024_kihon=true
592,特別養護老人ホーム菊水苑,特別養護老人ホーム,南河内郡河南町大字加納元南１７番地,河南町,2773500158,510,mhlw_name_address,1.0,空床取得可能,0,80,30,2018-10-25,0/80人,厚労省公式,https://www.kaigokensaku.mhlw.go.jp/27/index.php?JigyosyoCd=2773500158-00&ServiceCd=510&action_kouhyou_detail_feature_index=true,https://www.kaigokensaku.mhlw.go.jp/27/index.php?JigyosyoCd=2773500158-00&ServiceCd=510&action_kouhyou_detail_024_kani=true,,2026-10-01T04:55:14+09:00,200,200,ok,,https://www.kaigokensaku.mhlw.go.jp/27/index.php?JigyosyoCd=2773500158-00&ServiceCd=510&action_kouhyou_detail_feature_index=true,https://www.kaigokensaku.mhlw.go.jp/27/index.php?JigyosyoCd=2773500158-00&ServiceCd=510&action_kouhyou_detail_024_kihon=true
593,地域密着型介護老人福祉施設 ゆうり,特別養護老人ホーム,南河内郡河南町大字神山２５９番１,河南町,2793500014,540,mhlw_name_address,1.0,取得不可,,29,,2016-10-21,0/0人,,,,http://www.jyunshin.or.jp/anri/,2026-10-01T04:55:18+09:00,200,200,ok,,https://www.kaigokensaku.mhlw.go.jp/27/index.php?JigyosyoCd=2793500014-00&ServiceCd=540&action_kouhyou_detail_feature_index=true,https://www.kaigokensaku.mhlw.go.jp/27/index.php?JigyosyoCd=2793500014-00&ServiceCd=540&action_kouhyou_detail_026_kihon=true
594,特別養護老人ホーム 千早赤阪春の家,特別養護老人ホーム,南河内郡千早赤阪村東阪122-1番地,千早赤阪村,2773500356,510,mhlw_name_address,1.0,待機人数のみ取得可能,,68,0,2017-11-12,0/0人,,,https://www.kaigokensaku.mhlw.go.jp/27/index.php?JigyosyoCd=2773500356-00&ServiceCd=510&action_kouhyou_detail_024_kihon=true,http://www.harunoie.net,2026-10-01T04:55:22+09:00,200,200,ok,,https://www.kaigokensaku.mhlw.go.jp/27/index.php?JigyosyoCd=2773500356-00&ServiceCd=510&action_kouhyou_detail_feature_index=true,https://www.kaigokensaku.mhlw.go.jp/27/index.php?JigyosyoCd=2773500356-00&ServiceCd=510&action_kouhyou_detail_024_kihon=true
595,社会医療法人明生会介護老人保健施設桜の宮苑,介護老人保健施設,大阪市都島区都島中通１－７－１,大阪市都島区,2755280019,520,seed_code,1.0,待機人数のみ取得可能,,150,0,2025-09-27,0/0人,,,https://www.kaigokensaku.mhlw.go.jp/27/index.php?JigyosyoCd=2755280019-00&ServiceCd=520&action_kouhyou_detail_027_kani=true,http://meiseigrp.jp/,2026-10-01T04:55:28+09:00,200,200,ok,,https://www.kaigokensaku.mhlw.go.jp/27/index.php?JigyosyoCd=2755280019-00&ServiceCd=520&action_kouhyou_detail_feature_index=true,https://www.kaigokensaku.mhlw.go.jp/27/index.php?JigyosyoCd=2755280019-00&ServiceCd=520&action_kouhyou_detail_027_kihon=true
596,介護老人保健施設 東雄苑都島,介護老人保健施設,大阪市都島区中野町１丁目１３番１２号,大阪市都島区,2755280027,520,mhlw_name_address,1.0,空床取得可能,,100,7,2025-10-17,空室状況 ○,施設公式HP,https://www.oukikai.or.jp/toyuen_miyakojima/kuushou/,https://www.kaigokensaku.mhlw.go.jp/27/index.php?JigyosyoCd=2755280027-00&ServiceCd=520&action_kouhyou_detail_027_kihon=true,http://www.oukikai.or.jp/toyuen_miyakojima/index.html,2026-10-01T04:55:33+09:00,200,200,ok,,https://www.kaigokensaku.mhlw.go.jp/27/index.php?JigyosyoCd=2755280027-00&ServiceCd=520&action_kouhyou_detail_feature_index=true,https://www.kaigokensaku.mhlw.go.jp/27/index.php?JigyosyoCd=2755280027-00&ServiceCd=520&action_kouhyou_detail_027_kihon=true
597,介護老人保健施設 庵みやこじま,介護老人保健施設,大阪市都島区都島本通５丁目１４－４,大阪市都島区,2755280043,520,seed_code,1.0,待機人数のみ取得可能,,57,8,2023-10-15,0/0人,,,https://www.kaigokensaku.mhlw.go.jp/27/index.php?JigyosyoCd=2755280043-00&ServiceCd=520&action_kouhyou_detail_027_kihon=true,https://kosumosukaigr.jp/,2026-10-01T04:55:43+09:00,200,200,ok,,https://www.kaigokensaku.mhlw.go.jp/27/index.php?JigyosyoCd=2755280043-00&ServiceCd=520&action_kouhyou_detail_feature_index=true,https://www.kaigokensaku.mhlw.go.jp/27/index.php?JigyosyoCd=2755280043-00&ServiceCd=520&action_kouhyou_detail_027_kihon=true
598,介護老人保健施設のだふじ,介護老人保健施設,大阪市福島区吉野４丁目２９番１８号,大阪市福島区,2750280014,520,seed_code,1.0,空床取得可能,5,80,0,2026-04-27,5/80人,厚労省公式,https://www.kaigokensaku.mhlw.go.jp/27/index.php?JigyosyoCd=2750280014-00&ServiceCd=520&action_kouhyou_detail_feature_index=true,https://www.kaigokensaku.mhlw.go.jp/27/index.php?JigyosyoCd=2750280014-00&ServiceCd=520&action_kouhyou_detail_027_kani=true,,2026-10-01T04:55:49+09:00,200,200,ok,,https://www.kaigokensaku.mhlw.go.jp/27/index.php?JigyosyoCd=2750280014-00&ServiceCd=520&action_kouhyou_detail_feature_index=true,https://www.kaigokensaku.mhlw.go.jp/27/index.php?JigyosyoCd=2750280014-00&ServiceCd=520&action_kouhyou_detail_027_kihon=true
599,介護老人保健施設桔梗苑,介護老人保健施設,大阪市此花区伝法4-3-14,大阪市此花区,2752880019,520,mhlw_name_address,1.0,空床取得可能,22,99,0,2024-12-24,22/99人,厚労省公式,https://www.kaigokensaku.mhlw.go.jp/27/index.php?JigyosyoCd=2752880019-00&ServiceCd=520&action_kouhyou_detail_feature_index=true,https://www.kaigokensaku.mhlw.go.jp/27/index.php?JigyosyoCd=2752880019-00&ServiceCd=520&action_kouhyou_detail_027_kani=true,,2026-10-01T04:55:53+09:00,200,200,ok,,https://www.kaigokensaku.mhlw.go.jp/27/index.php?JigyosyoCd=2752880019-00&ServiceCd=520&action_kouhyou_detail_feature_index=true,https://www.kaigokensaku.mhlw.go.jp/27/index.php?JigyosyoCd=2752880019-00&ServiceCd=520&action_kouhyou_detail_027_kihon=true
600,介護老人保健施設 あかつき,介護老人保健施設,大阪市此花区西九条5－3－51,大阪市此花区,2752880027,520,seed_code,1.0,待機人数のみ取得可能,,70,0,2025-10-12,0/0人,,,https://www.kaigokensaku.mhlw.go.jp/27/index.php?JigyosyoCd=2752880027-00&ServiceCd=520&action_kouhyou_detail_027_kani=true,http://www.gyoumeikan.or.jp,2026-10-01T04:55:56+09:00,200,200,ok,,https://www.kaigokensaku.mhlw.go.jp/27/index.php?JigyosyoCd=2752880027-00&ServiceCd=520&action_kouhyou_detail_feature_index=true,https://www.kaigokensaku.mhlw.go.jp/27/index.php?JigyosyoCd=2752880027-00&ServiceCd=520&action_kouhyou_detail_027_kihon=true
601,介護老人保健施設 えきさい大阪,介護老人保健施設,大阪市西区本田２－１－１０,大阪市西区,2751880028,520,seed_code,1.0,空床取得可能,5,100,0,2016-10-20,5/100人,厚労省公式,https://www.kaigokensaku.mhlw.go.jp/27/index.php?JigyosyoCd=2751880028-00&ServiceCd=520&action_kouhyou_detail_feature_index=true,https://www.kaigokensaku.mhlw.go.jp/27/index.php?JigyosyoCd=2751880028-00&ServiceCd=520&action_kouhyou_detail_027_kani=true,,2026-10-01T04:56:04+09:00,200,200,ok,,https://www.kaigokensaku.mhlw.go.jp/27/index.php?JigyosyoCd=2751880028-00&ServiceCd=520&action_kouhyou_detail_feature_index=true,https://www.kaigokensaku.mhlw.go.jp/27/index.php?JigyosyoCd=2751880028-00&ServiceCd=520&action_kouhyou_detail_027_kihon=true
602,介護老人保健施設 健勝園九条,介護老人保健施設,大阪市西区九条南３丁目２０-６,大阪市西区,2751880010,520,seed_code,1.0,空床取得可能,10,100,0,2025-10-24,10/100人,厚労省公式,https://www.kaigokensaku.mhlw.go.jp/27/index.php?JigyosyoCd=2751880010-00&ServiceCd=520&action_kouhyou_detail_feature_index=true,https://www.kaigokensaku.mhlw.go.jp/27/index.php?JigyosyoCd=2751880010-00&ServiceCd=520&action_kouhyou_detail_027_kani=true,,2026-10-01T04:56:10+09:00,200,200,ok,,https://www.kaigokensaku.mhlw.go.jp/27/index.php?JigyosyoCd=2751880010-00&ServiceCd=520&action_kouhyou_detail_feature_index=true,https://www.kaigokensaku.mhlw.go.jp/27/index.php?JigyosyoCd=2751880010-00&ServiceCd=520&action_kouhyou_detail_027_kihon=true
603,医療法人日新会日新苑,介護老人保健施設,大阪市西区新町4-4-8,大阪市西区,,520,unmatched,0.0,取得不可,,,,,,,,,,2026-10-01T04:56:14+09:00,,,unmatched_no_official_page,MHLW open data could not be matched with sufficient confidence,,
604,介護老人保健施設 港さつき苑,介護老人保健施設,大阪市港区弁天４丁目１６番１８号,大阪市港区,2750480028,520,mhlw_name_address,1.0,空床取得可能,22,170,13,2026-04-22,22/170人,厚労省公式,https://www.kaigokensaku.mhlw.go.jp/27/index.php?JigyosyoCd=2750480028-00&ServiceCd=520&action_kouhyou_detail_feature_index=true,https://www.kaigokensaku.mhlw.go.jp/27/index.php?JigyosyoCd=2750480028-00&ServiceCd=520&action_kouhyou_detail_027_kihon=true,,2026-10-01T04:56:14+09:00,200,200,ok,,https://www.kaigokensaku.mhlw.go.jp/27/index.php?JigyosyoCd=2750480028-00&ServiceCd=520&action_kouhyou_detail_feature_index=true,https://www.kaigokensaku.mhlw.go.jp/27/index.php?JigyosyoCd=2750480028-00&ServiceCd=520&action_kouhyou_detail_027_kihon=true
605,多根介護老人保健施設てんぽーざん,介護老人保健施設,大阪市港区築港3－4－25,大阪市港区,2750480010,520,seed_code,1.0,待機人数のみ取得可能,,100,0,2026-01-25,0/0人,,,https://www.kaigokensaku.mhlw.go.jp/27/index.php?JigyosyoCd=2750480010-00&ServiceCd=520&action_kouhyou_detail_027_kani=true,https://tenpozan.tane.or.jp/,2026-10-01T04:56:17+09:00,200,200,ok,,https://www.kaigokensaku.mhlw.go.jp/27/index.php?JigyosyoCd=2750480010-00&ServiceCd=520&action_kouhyou_detail_feature_index=true,https://www.kaigokensaku.mhlw.go.jp/27/index.php?JigyosyoCd=2750480010-00&ServiceCd=520&action_kouhyou_detail_027_kihon=true
606,医療法人社団緑会介護老人保健施設エバーグリーン,介護老人保健施設,大阪市大正区泉尾２丁目２０－４,大阪市大正区,2752780011,520,seed_code,1.0,待機人数のみ取得可能,,100,0,2025-10-15,0/0人,,,https://www.kaigokensaku.mhlw.go.jp/27/index.php?JigyosyoCd=2752780011-00&ServiceCd=520&action_kouhyou_detail_027_kani=true,http://www.midorikai.net/,2026-10-01T04:56:22+09:00,200,200,ok,,https://www.kaigokensaku.mhlw.go.jp/27/index.php?JigyosyoCd=2752780011-00&ServiceCd=520&action_kouhyou_detail_feature_index=true,https://www.kaigokensaku.mhlw.go.jp/27/index.php?JigyosyoCd=2752780011-00&ServiceCd=520&action_kouhyou_detail_027_kihon=true
607,介護老人保健施設 つるまち,介護老人保健施設,大阪市大正区鶴町２丁目１５－１８,大阪市大正区,2752780029,520,seed_code,1.0,待機人数のみ取得可能,,100,6,2026-02-12,0/0人,,,https://www.kaigokensaku.mhlw.go.jp/27/index.php?JigyosyoCd=2752780029-00&ServiceCd=520&action_kouhyou_detail_027_kihon=true,http://www.keieikai.com/houjin/rinen.htm,2026-10-01T04:56:26+09:00,200,200,ok,,https://www.kaigokensaku.mhlw.go.jp/27/index.php?JigyosyoCd=2752780029-00&ServiceCd=520&action_kouhyou_detail_feature_index=true,https://www.kaigokensaku.mhlw.go.jp/27/index.php?JigyosyoCd=2752780029-00&ServiceCd=520&action_kouhyou_detail_027_kihon=true
608,介護老人保健施設愛の里,介護老人保健施設,大阪市大正区小林東2-6-14,大阪市大正区,2752780037,520,seed_code,1.0,待機人数のみ取得可能,,100,0,2022-10-11,0/0人,,,https://www.kaigokensaku.mhlw.go.jp/27/index.php?JigyosyoCd=2752780037-00&ServiceCd=520&action_kouhyou_detail_027_kani=true,http://ainosato-kaigo.com/,2026-10-01T04:56:31+09:00,200,200,ok,,https://www.kaigokensaku.mhlw.go.jp/27/index.php?JigyosyoCd=2752780037-00&ServiceCd=520&action_kouhyou_detail_feature_index=true,https://www.kaigokensaku.mhlw.go.jp/27/index.php?JigyosyoCd=2752780037-00&ServiceCd=520&action_kouhyou_detail_027_kihon=true
609,介護老人保健施設みずほ倶楽部,介護老人保健施設,大阪市天王寺区清水谷町５－２７,大阪市天王寺区,2751780012,520,seed_code,1.0,空床取得可能,0,100,5,2024-12-23,0/100人,厚労省公式,https://www.kaigokensaku.mhlw.go.jp/27/index.php?JigyosyoCd=2751780012-00&ServiceCd=520&action_kouhyou_detail_feature_index=true,https://www.kaigokensaku.mhlw.go.jp/27/index.php?JigyosyoCd=2751780012-00&ServiceCd=520&action_kouhyou_detail_027_kani=true,,2026-10-01T04:56:37+09:00,200,200,ok,,https://www.kaigokensaku.mhlw.go.jp/27/index.php?JigyosyoCd=2751780012-00&ServiceCd=520&action_kouhyou_detail_feature_index=true,https://www.kaigokensaku.mhlw.go.jp/27/index.php?JigyosyoCd=2751780012-00&ServiceCd=520&action_kouhyou_detail_027_kihon=true
610,医療法人歓喜会 介護老人保健施設 れいんぼう夕陽丘,介護老人保健施設,大阪市天王寺区生玉前町３番２４号,大阪市天王寺区,2751780020,520,seed_code,1.0,空床取得可能,0,73,8,2024-12-12,0/73人,厚労省公式,https://www.kaigokensaku.mhlw.go.jp/27/index.php?JigyosyoCd=2751780020-00&ServiceCd=520&action_kouhyou_detail_feature_index=true,https://www.kaigokensaku.mhlw.go.jp/27/index.php?JigyosyoCd=2751780020-00&ServiceCd=520&action_kouhyou_detail_027_kani=true,,2026-10-01T04:56:40+09:00,200,200,ok,,https://www.kaigokensaku.mhlw.go.jp/27/index.php?JigyosyoCd=2751780020-00&ServiceCd=520&action_kouhyou_detail_feature_index=true,https://www.kaigokensaku.mhlw.go.jp/27/index.php?JigyosyoCd=2751780020-00&ServiceCd=520&action_kouhyou_detail_027_kihon=true
611,なにわ老人保健施設ラガール,介護老人保健施設,大阪市浪速区大国1丁目10番24号,大阪市浪速区,2754380026,520,seed_code,1.0,待機人数のみ取得可能,,100,10,2025-10-24,0/0人,,,https://www.kaigokensaku.mhlw.go.jp/27/index.php?JigyosyoCd=2754380026-00&ServiceCd=520&action_kouhyou_detail_027_kihon=true,https://koudoukai.or.jp/naniwa-lagare/,2026-10-01T04:56:44+09:00,200,200,ok,,https://www.kaigokensaku.mhlw.go.jp/27/index.php?JigyosyoCd=2754380026-00&ServiceCd=520&action_kouhyou_detail_feature_index=true,https://www.kaigokensaku.mhlw.go.jp/27/index.php?JigyosyoCd=2754380026-00&ServiceCd=520&action_kouhyou_detail_027_kihon=true
612,介護老人保健施設 さくらがわ,介護老人保健施設,大阪市浪速区桜川４丁目１０－１３,大阪市浪速区,2754380018,520,seed_code,1.0,待機人数のみ取得可能,,100,5,2026-02-23,0/0人,,,https://www.kaigokensaku.mhlw.go.jp/27/index.php?JigyosyoCd=2754380018-00&ServiceCd=520&action_kouhyou_detail_027_kani=true,http://www.keieikai.com,2026-10-01T04:56:48+09:00,200,200,ok,,https://www.kaigokensaku.mhlw.go.jp/27/index.php?JigyosyoCd=2754380018-00&ServiceCd=520&action_kouhyou_detail_feature_index=true,https://www.kaigokensaku.mhlw.go.jp/27/index.php?JigyosyoCd=2754380018-00&ServiceCd=520&action_kouhyou_detail_027_kihon=true
613,介護老人保健施設なごみだいら,介護老人保健施設,大阪市西淀川区福町2丁目11-7,大阪市西淀川区,2751080058,520,seed_code,1.0,空床取得可能,8,162,316,2025-10-08,8/162人,厚労省公式,https://www.kaigokensaku.mhlw.go.jp/27/index.php?JigyosyoCd=2751080058-00&ServiceCd=520&action_kouhyou_detail_feature_index=true,https://www.kaigokensaku.mhlw.go.jp/27/index.php?JigyosyoCd=2751080058-00&ServiceCd=520&action_kouhyou_detail_027_kihon=true,,2026-10-01T04:56:53+09:00,200,200,ok,,https://www.kaigokensaku.mhlw.go.jp/27/index.php?JigyosyoCd=2751080058-00&ServiceCd=520&action_kouhyou_detail_feature_index=true,https://www.kaigokensaku.mhlw.go.jp/27/index.php?JigyosyoCd=2751080058-00&ServiceCd=520&action_kouhyou_detail_027_kihon=true
614,社会医療法人愛仁会介護老人保健施設ユーアイ,介護老人保健施設,大阪市西淀川区佃２丁目２－５８,大阪市西淀川区,2751080025,520,seed_code,1.0,空床取得可能,7,100,3,2026-09-25,7/100人,厚労省公式,https://www.kaigokensaku.mhlw.go.jp/27/index.php?JigyosyoCd=2751080025-00&ServiceCd=520&action_kouhyou_detail_feature_index=true,https://www.kaigokensaku.mhlw.go.jp/27/index.php?JigyosyoCd=2751080025-00&ServiceCd=520&action_kouhyou_detail_027_kani=true,,2026-10-01T04:56:56+09:00,200,200,ok,,https://www.kaigokensaku.mhlw.go.jp/27/index.php?JigyosyoCd=2751080025-00&ServiceCd=520&action_kouhyou_detail_feature_index=true,https://www.kaigokensaku.mhlw.go.jp/27/index.php?JigyosyoCd=2751080025-00&ServiceCd=520&action_kouhyou_detail_027_kihon=true
615,介護老人保健施設よどの里,介護老人保健施設,大阪市西淀川区姫島2丁目13番20号,大阪市西淀川区,2751080041,520,seed_code,1.0,空床取得可能,2,100,0,2025-10-25,2/100人,厚労省公式,https://www.kaigokensaku.mhlw.go.jp/27/index.php?JigyosyoCd=2751080041-00&ServiceCd=520&action_kouhyou_detail_feature_index=true,https://www.kaigokensaku.mhlw.go.jp/27/index.php?JigyosyoCd=2751080041-00&ServiceCd=520&action_kouhyou_detail_027_kani=true,,2026-10-01T04:56:59+09:00,200,200,ok,,https://www.kaigokensaku.mhlw.go.jp/27/index.php?JigyosyoCd=2751080041-00&ServiceCd=520&action_kouhyou_detail_feature_index=true,https://www.kaigokensaku.mhlw.go.jp/27/index.php?JigyosyoCd=2751080041-00&ServiceCd=520&action_kouhyou_detail_027_kihon=true
616,介護老人保健施設フェリス大和田,介護老人保健施設,大阪市西淀川区大和田６丁目１３番４８号,大阪市西淀川区,2751080017,520,seed_code,1.0,空床取得可能,11,52,3,2026-09-16,11/52人,厚労省公式,https://www.kaigokensaku.mhlw.go.jp/27/index.php?JigyosyoCd=2751080017-00&ServiceCd=520&action_kouhyou_detail_feature_index=true,https://www.kaigokensaku.mhlw.go.jp/27/index.php?JigyosyoCd=2751080017-00&ServiceCd=520&action_kouhyou_detail_027_kihon=true,,2026-10-01T04:57:03+09:00,200,200,ok,,https://www.kaigokensaku.mhlw.go.jp/27/index.php?JigyosyoCd=2751080017-00&ServiceCd=520&action_kouhyou_detail_feature_index=true,https://www.kaigokensaku.mhlw.go.jp/27/index.php?JigyosyoCd=2751080017-00&ServiceCd=520&action_kouhyou_detail_027_kihon=true
617,介護老人保健施設セレーナなとり,介護老人保健施設,大阪市西淀川区大野２丁目１番３５号,大阪市西淀川区,2751080033,520,seed_code,1.0,空床取得可能,1,50,1,2018-01-02,1/50人,厚労省公式,https://www.kaigokensaku.mhlw.go.jp/27/index.php?JigyosyoCd=2751080033-00&ServiceCd=520&action_kouhyou_detail_feature_index=true,https://www.kaigokensaku.mhlw.go.jp/27/index.php?JigyosyoCd=2751080033-00&ServiceCd=520&action_kouhyou_detail_027_kani=true,,2026-10-01T04:57:06+09:00,200,200,ok,,https://www.kaigokensaku.mhlw.go.jp/27/index.php?JigyosyoCd=2751080033-00&ServiceCd=520&action_kouhyou_detail_feature_index=true,https://www.kaigokensaku.mhlw.go.jp/27/index.php?JigyosyoCd=2751080033-00&ServiceCd=520&action_kouhyou_detail_027_kihon=true
618,介護老人保健施設エスペラル東淀川,介護老人保健施設,大阪市東淀川区菅原1丁目1番21号,大阪市東淀川区,2753080015,520,seed_code,1.0,空床取得可能,0,150,0,2026-09-27,0/150人,厚労省公式,https://www.kaigokensaku.mhlw.go.jp/27/index.php?JigyosyoCd=2753080015-00&ServiceCd=520&action_kouhyou_detail_feature_index=true,https://www.kaigokensaku.mhlw.go.jp/27/index.php?JigyosyoCd=2753080015-00&ServiceCd=520&action_kouhyou_detail_027_kani=true,,2026-10-01T04:57:10+09:00,200,200,ok,,https://www.kaigokensaku.mhlw.go.jp/27/index.php?JigyosyoCd=2753080015-00&ServiceCd=520&action_kouhyou_detail_feature_index=true,https://www.kaigokensaku.mhlw.go.jp/27/index.php?JigyosyoCd=2753080015-00&ServiceCd=520&action_kouhyou_detail_027_kihon=true
619,介護老人保健施設エスペラル井高野,介護老人保健施設,大阪市東淀川区井高野4-6-37,大阪市東淀川区,2753080031,520,seed_code,1.0,空床取得可能,0,120,0,2025-10-15,0/120人,厚労省公式,https://www.kaigokensaku.mhlw.go.jp/27/index.php?JigyosyoCd=2753080031-00&ServiceCd=520&action_kouhyou_detail_feature_index=true,https://www.kaigokensaku.mhlw.go.jp/27/index.php?JigyosyoCd=2753080031-00&ServiceCd=520&action_kouhyou_detail_027_kani=true,,2026-10-01T04:57:13+09:00,200,200,ok,,https://www.kaigokensaku.mhlw.go.jp/27/index.php?JigyosyoCd=2753080031-00&ServiceCd=520&action_kouhyou_detail_feature_index=true,https://www.kaigokensaku.mhlw.go.jp/27/index.php?JigyosyoCd=2753080031-00&ServiceCd=520&action_kouhyou_detail_027_kihon=true
620,介護老人保健施設 菜乃花,介護老人保健施設,大阪市東淀川区上新庄1-2-5,大阪市東淀川区,2753080049,520,seed_code,1.0,空床取得可能,2,100,8,2025-10-08,2/100人,厚労省公式,https://www.kaigokensaku.mhlw.go.jp/27/index.php?JigyosyoCd=2753080049-00&ServiceCd=520&action_kouhyou_detail_feature_index=true,https://www.kaigokensaku.mhlw.go.jp/27/index.php?JigyosyoCd=2753080049-00&ServiceCd=520&action_kouhyou_detail_027_kihon=true,,2026-10-01T04:57:17+09:00,200,200,ok,,https://www.kaigokensaku.mhlw.go.jp/27/index.php?JigyosyoCd=2753080049-00&ServiceCd=520&action_kouhyou_detail_feature_index=true,https://www.kaigokensaku.mhlw.go.jp/27/index.php?JigyosyoCd=2753080049-00&ServiceCd=520&action_kouhyou_detail_027_kihon=true
621,淀川キリスト教病院老人保健施設,介護老人保健施設,大阪市東淀川区淡路２－１－４１,大阪市東淀川区,2753080023,520,seed_code,1.0,空床取得可能,10,100,0,2025-10-10,10/100人,厚労省公式,https://www.kaigokensaku.mhlw.go.jp/27/index.php?JigyosyoCd=2753080023-00&ServiceCd=520&action_kouhyou_detail_feature_index=true,https://www.kaigokensaku.mhlw.go.jp/27/index.php?JigyosyoCd=2753080023-00&ServiceCd=520&action_kouhyou_detail_027_kani=true,,2026-10-01T04:57:20+09:00,200,200,ok,,https://www.kaigokensaku.mhlw.go.jp/27/index.php?JigyosyoCd=2753080023-00&ServiceCd=520&action_kouhyou_detail_feature_index=true,https://www.kaigokensaku.mhlw.go.jp/27/index.php?JigyosyoCd=2753080023-00&ServiceCd=520&action_kouhyou_detail_027_kihon=true
622,医療法人浩治会大今里ケアホーム,介護老人保健施設,大阪市東成区大今里西2-17-16,大阪市東成区,2751580024,520,seed_code,1.0,待機人数のみ取得可能,,136,3,2025-12-25,0/0人,,,https://www.kaigokensaku.mhlw.go.jp/27/index.php?JigyosyoCd=2751580024-00&ServiceCd=520&action_kouhyou_detail_027_kani=true,http://www.i-carehome.com/,2026-10-01T04:57:24+09:00,200,200,ok,,https://www.kaigokensaku.mhlw.go.jp/27/index.php?JigyosyoCd=2751580024-00&ServiceCd=520&action_kouhyou_detail_feature_index=true,https://www.kaigokensaku.mhlw.go.jp/27/index.php?JigyosyoCd=2751580024-00&ServiceCd=520&action_kouhyou_detail_027_kihon=true
623,介護老人保健施設 おとしよりすこやかセンター東部館,介護老人保健施設,大阪市東成区東中本２丁目５番３１号,大阪市東成区,2751580040,520,seed_code,1.0,待機人数のみ取得可能,,100,3,2026-02-16,0/0人,,,https://www.kaigokensaku.mhlw.go.jp/27/index.php?JigyosyoCd=2751580040-00&ServiceCd=520&action_kouhyou_detail_027_kani=true,https://kodokai.or.jp/publics/index/37/,2026-10-01T04:57:28+09:00,200,200,ok,,https://www.kaigokensaku.mhlw.go.jp/27/index.php?JigyosyoCd=2751580040-00&ServiceCd=520&action_kouhyou_detail_feature_index=true,https://www.kaigokensaku.mhlw.go.jp/27/index.php?JigyosyoCd=2751580040-00&ServiceCd=520&action_kouhyou_detail_027_kihon=true
624,福田診療所フィニート,介護老人保健施設,大阪市東成区東中本1丁目4番17号,大阪市東成区,,520,unmatched,0.0,取得不可,,,,,,,,,,2026-10-01T04:57:33+09:00,,,unmatched_no_official_page,MHLW open data could not be matched with sufficient confidence,,
625,アネシス寺田町,介護老人保健施設,大阪市生野区林寺1丁目4-24,大阪市生野区,2752280061,520,seed_code,1.0,待機人数のみ取得可能,,150,8,2025-10-21,0/0人,,,https://www.kaigokensaku.mhlw.go.jp/27/index.php?JigyosyoCd=2752280061-00&ServiceCd=520&action_kouhyou_detail_027_kihon=true,http://i-souseikai.jp/,2026-10-01T04:57:33+09:00,200,200,ok,,https://www.kaigokensaku.mhlw.go.jp/27/index.php?JigyosyoCd=2752280061-00&ServiceCd=520&action_kouhyou_detail_feature_index=true,https://www.kaigokensaku.mhlw.go.jp/27/index.php?JigyosyoCd=2752280061-00&ServiceCd=520&action_kouhyou_detail_027_kihon=true
626,育和会介護老人保健施設ひまわり,介護老人保健施設,大阪市生野区巽西2丁目9番31号,大阪市生野区,2752280012,520,seed_code,1.0,空床取得可能,10,100,0,2024-12-26,10/100人,厚労省公式,https://www.kaigokensaku.mhlw.go.jp/27/index.php?JigyosyoCd=2752280012-00&ServiceCd=520&action_kouhyou_detail_feature_index=true,https://www.kaigokensaku.mhlw.go.jp/27/index.php?JigyosyoCd=2752280012-00&ServiceCd=520&action_kouhyou_detail_027_kani=true,,2026-10-01T04:57:39+09:00,200,200,ok,,https://www.kaigokensaku.mhlw.go.jp/27/index.php?JigyosyoCd=2752280012-00&ServiceCd=520&action_kouhyou_detail_feature_index=true,https://www.kaigokensaku.mhlw.go.jp/27/index.php?JigyosyoCd=2752280012-00&ServiceCd=520&action_kouhyou_detail_027_kihon=true
627,ケアホームフォーシーズン,介護老人保健施設,大阪市生野区中川５－４－２,大阪市生野区,2752280046,520,mhlw_name_address,1.0,待機人数のみ取得可能,,100,20,2025-02-14,0/0人,,,https://www.kaigokensaku.mhlw.go.jp/27/index.php?JigyosyoCd=2752280046-00&ServiceCd=520&action_kouhyou_detail_027_kani=true,http://www.ikuno-chuo.com/fourseason_top.html,2026-10-01T04:57:42+09:00,200,200,ok,,https://www.kaigokensaku.mhlw.go.jp/27/index.php?JigyosyoCd=2752280046-00&ServiceCd=520&action_kouhyou_detail_feature_index=true,https://www.kaigokensaku.mhlw.go.jp/27/index.php?JigyosyoCd=2752280046-00&ServiceCd=520&action_kouhyou_detail_027_kihon=true
628,介護老人保健施設 ハーモニー共和,介護老人保健施設,大阪市生野区巽中１丁目２０番１４号,大阪市生野区,2752280020,520,seed_code,1.0,待機人数のみ取得可能,,100,8,2022-10-15,0/0人,,,https://www.kaigokensaku.mhlw.go.jp/27/index.php?JigyosyoCd=2752280020-00&ServiceCd=520&action_kouhyou_detail_027_kihon=true,https://kyowa-hp.net/harmony-kyowa/,2026-10-01T04:57:46+09:00,200,200,ok,,https://www.kaigokensaku.mhlw.go.jp/27/index.php?JigyosyoCd=2752280020-00&ServiceCd=520&action_kouhyou_detail_feature_index=true,https://www.kaigokensaku.mhlw.go.jp/27/index.php?JigyosyoCd=2752280020-00&ServiceCd=520&action_kouhyou_detail_027_kihon=true
629,老人保健施設 すこやか生野,介護老人保健施設,大阪市生野区勝山北４丁目１番８号,大阪市生野区,2752280038,520,seed_code,1.0,待機人数のみ取得可能,,51,4,2025-10-24,0/0人,,,https://www.kaigokensaku.mhlw.go.jp/27/index.php?JigyosyoCd=2752280038-00&ServiceCd=520&action_kouhyou_detail_027_kihon=true,http://www.aeba.or.jp/,2026-10-01T04:57:50+09:00,200,200,ok,,https://www.kaigokensaku.mhlw.go.jp/27/index.php?JigyosyoCd=2752280038-00&ServiceCd=520&action_kouhyou_detail_feature_index=true,https://www.kaigokensaku.mhlw.go.jp/27/index.php?JigyosyoCd=2752280038-00&ServiceCd=520&action_kouhyou_detail_027_kihon=true
630,介護老人保健施設 牧すこやかセンター,介護老人保健施設,大阪市旭区高殿6-14-41,大阪市旭区,2753180054,520,seed_code,1.0,待機人数のみ取得可能,,100,3,2025-10-13,0/0人,,,https://www.kaigokensaku.mhlw.go.jp/27/index.php?JigyosyoCd=2753180054-00&ServiceCd=520&action_kouhyou_detail_027_kani=true,http://www.maki-group.jp,2026-10-01T04:57:54+09:00,200,200,ok,,https://www.kaigokensaku.mhlw.go.jp/27/index.php?JigyosyoCd=2753180054-00&ServiceCd=520&action_kouhyou_detail_feature_index=true,https://www.kaigokensaku.mhlw.go.jp/27/index.php?JigyosyoCd=2753180054-00&ServiceCd=520&action_kouhyou_detail_027_kihon=true
631,介護老人保健施設 フェリス生江,介護老人保健施設,大阪市旭区生江1-5-9,大阪市旭区,2753180047,520,mhlw_name_address,1.0,待機人数のみ取得可能,,94,0,,0/0人,,,https://www.kaigokensaku.mhlw.go.jp/27/index.php?JigyosyoCd=2753180047-00&ServiceCd=520&action_kouhyou_detail_027_kani=true,http://www.shoujinkai.or.jp/feliz_ikue/,2026-10-01T04:58:00+09:00,200,200,ok,,https://www.kaigokensaku.mhlw.go.jp/27/index.php?JigyosyoCd=2753180047-00&ServiceCd=520&action_kouhyou_detail_feature_index=true,https://www.kaigokensaku.mhlw.go.jp/27/index.php?JigyosyoCd=2753180047-00&ServiceCd=520&action_kouhyou_detail_027_kihon=true
632,医療法人清水会 介護老人保健施設おひさま園,介護老人保健施設,大阪市旭区清水２丁目1番21号,大阪市旭区,2753180021,520,seed_code,1.0,待機人数のみ取得可能,,91,6,,0/0人,,,https://www.kaigokensaku.mhlw.go.jp/27/index.php?JigyosyoCd=2753180021-00&ServiceCd=520&action_kouhyou_detail_027_kani=true,http://www.seisuikai.net/,2026-10-01T04:58:06+09:00,200,200,ok,,https://www.kaigokensaku.mhlw.go.jp/27/index.php?JigyosyoCd=2753180021-00&ServiceCd=520&action_kouhyou_detail_feature_index=true,https://www.kaigokensaku.mhlw.go.jp/27/index.php?JigyosyoCd=2753180021-00&ServiceCd=520&action_kouhyou_detail_027_kihon=true
633,社会医療法人 ＯＮＥＦＬＡＧ 牧介護老人保健施設,介護老人保健施設,大阪市旭区生江２丁目15-14,大阪市旭区,2753180013,520,mhlw_name_address,1.0,待機人数のみ取得可能,,70,0,2025-10-20,0/0人,,,https://www.kaigokensaku.mhlw.go.jp/27/index.php?JigyosyoCd=2753180013-00&ServiceCd=520&action_kouhyou_detail_027_kani=true,http://www.maki-group.jp,2026-10-01T04:58:11+09:00,200,200,ok,,https://www.kaigokensaku.mhlw.go.jp/27/index.php?JigyosyoCd=2753180013-00&ServiceCd=520&action_kouhyou_detail_feature_index=true,https://www.kaigokensaku.mhlw.go.jp/27/index.php?JigyosyoCd=2753180013-00&ServiceCd=520&action_kouhyou_detail_027_kihon=true
634,大阪市立おとしよりすこやかセンター北部館,介護老人保健施設,大阪市旭区高殿6-14-41,大阪市旭区,,520,unmatched_ambiguous,0.45,取得不可,,,,,,,,,,2026-10-01T04:58:17+09:00,,,unmatched_no_official_page,MHLW open data could not be matched with sufficient confidence,,
635,医療法人清翠会牧,介護老人保健施設,大阪市旭区生江2-15-14,大阪市旭区,,520,unmatched,0.0,取得不可,,,,,,,,,,2026-10-01T04:58:17+09:00,,,unmatched_no_official_page,MHLW open data could not be matched with sufficient confidence,,
636,医療法人 浩治会 大阪城ケアホーム,介護老人保健施設,大阪市城東区鴫野西２－５－２４,大阪市城東区,2754480040,520,seed_code,1.0,待機人数のみ取得可能,,100,7,2026-09-22,0/0人,,,https://www.kaigokensaku.mhlw.go.jp/27/index.php?JigyosyoCd=2754480040-00&ServiceCd=520&action_kouhyou_detail_027_kani=true,http://www.carehome.or.jp,2026-10-01T04:58:17+09:00,200,200,ok,,https://www.kaigokensaku.mhlw.go.jp/27/index.php?JigyosyoCd=2754480040-00&ServiceCd=520&action_kouhyou_detail_feature_index=true,https://www.kaigokensaku.mhlw.go.jp/27/index.php?JigyosyoCd=2754480040-00&ServiceCd=520&action_kouhyou_detail_027_kihon=true
637,介護老人保健施設グリーンライフ,介護老人保健施設,大阪市城東区東中浜9-3-9,大阪市城東区,2754480032,520,seed_code,1.0,空床取得可能,5,100,1,2024-12-24,5/100人,厚労省公式,https://www.kaigokensaku.mhlw.go.jp/27/index.php?JigyosyoCd=2754480032-00&ServiceCd=520&action_kouhyou_detail_feature_index=true,https://www.kaigokensaku.mhlw.go.jp/27/index.php?JigyosyoCd=2754480032-00&ServiceCd=520&action_kouhyou_detail_027_kani=true,,2026-10-01T04:58:22+09:00,200,200,ok,,https://www.kaigokensaku.mhlw.go.jp/27/index.php?JigyosyoCd=2754480032-00&ServiceCd=520&action_kouhyou_detail_feature_index=true,https://www.kaigokensaku.mhlw.go.jp/27/index.php?JigyosyoCd=2754480032-00&ServiceCd=520&action_kouhyou_detail_027_kihon=true
638,介護老人保健施設 幸成園,介護老人保健施設,大阪市城東区今福西3-1-16,大阪市城東区,2754480016,520,seed_code,1.0,空床取得可能,0,87,2,2025-10-02,0/87人,厚労省公式,https://www.kaigokensaku.mhlw.go.jp/27/index.php?JigyosyoCd=2754480016-00&ServiceCd=520&action_kouhyou_detail_feature_index=true,https://www.kaigokensaku.mhlw.go.jp/27/index.php?JigyosyoCd=2754480016-00&ServiceCd=520&action_kouhyou_detail_027_kani=true,,2026-10-01T04:58:26+09:00,200,200,ok,,https://www.kaigokensaku.mhlw.go.jp/27/index.php?JigyosyoCd=2754480016-00&ServiceCd=520&action_kouhyou_detail_feature_index=true,https://www.kaigokensaku.mhlw.go.jp/27/index.php?JigyosyoCd=2754480016-00&ServiceCd=520&action_kouhyou_detail_027_kihon=true
639,医療法人晃和会 介護老人保健施設放出ふれあいセンター,介護老人保健施設,大阪市城東区放出西２丁目１８番４号,大阪市城東区,2754480024,520,seed_code,1.0,空床取得可能,2,60,0,2025-10-04,2/60人,厚労省公式,https://www.kaigokensaku.mhlw.go.jp/27/index.php?JigyosyoCd=2754480024-00&ServiceCd=520&action_kouhyou_detail_feature_index=true,https://www.kaigokensaku.mhlw.go.jp/27/index.php?JigyosyoCd=2754480024-00&ServiceCd=520&action_kouhyou_detail_027_kani=true,,2026-10-01T04:58:29+09:00,200,200,ok,,https://www.kaigokensaku.mhlw.go.jp/27/index.php?JigyosyoCd=2754480024-00&ServiceCd=520&action_kouhyou_detail_feature_index=true,https://www.kaigokensaku.mhlw.go.jp/27/index.php?JigyosyoCd=2754480024-00&ServiceCd=520&action_kouhyou_detail_027_kihon=true
640,介護老人保健施設ホームランドあべの,介護老人保健施設,大阪市阿倍野区王子町4-1-46,大阪市阿倍野区,2752380028,520,seed_code,1.0,空床取得可能,10,100,0,2024-12-17,10/100人,厚労省公式,https://www.kaigokensaku.mhlw.go.jp/27/index.php?JigyosyoCd=2752380028-00&ServiceCd=520&action_kouhyou_detail_feature_index=true,https://www.kaigokensaku.mhlw.go.jp/27/index.php?JigyosyoCd=2752380028-00&ServiceCd=520&action_kouhyou_detail_027_kani=true,,2026-10-01T04:58:32+09:00,200,200,ok,,https://www.kaigokensaku.mhlw.go.jp/27/index.php?JigyosyoCd=2752380028-00&ServiceCd=520&action_kouhyou_detail_feature_index=true,https://www.kaigokensaku.mhlw.go.jp/27/index.php?JigyosyoCd=2752380028-00&ServiceCd=520&action_kouhyou_detail_027_kihon=true
641,社会医療法人山紀会 介護老人保健施設やまき・あべの苑,介護老人保健施設,大阪市阿倍野区阪南町1-45-8,大阪市阿倍野区,2752380010,520,seed_code,1.0,空床取得可能,5,100,0,2024-12-16,5/100人,厚労省公式,https://www.kaigokensaku.mhlw.go.jp/27/index.php?JigyosyoCd=2752380010-00&ServiceCd=520&action_kouhyou_detail_feature_index=true,https://www.kaigokensaku.mhlw.go.jp/27/index.php?JigyosyoCd=2752380010-00&ServiceCd=520&action_kouhyou_detail_027_kani=true,,2026-10-01T04:58:36+09:00,200,200,ok,,https://www.kaigokensaku.mhlw.go.jp/27/index.php?JigyosyoCd=2752380010-00&ServiceCd=520&action_kouhyou_detail_feature_index=true,https://www.kaigokensaku.mhlw.go.jp/27/index.php?JigyosyoCd=2752380010-00&ServiceCd=520&action_kouhyou_detail_027_kihon=true
642,医療法人恵登久会 介護老人保健施設美富士苑,介護老人保健施設,大阪市阿倍野区阪南町7-2-10,大阪市阿倍野区,2752380036,520,mhlw_name_address,1.0,空床取得可能,10,90,0,2025-10-17,10/90人,厚労省公式,https://www.kaigokensaku.mhlw.go.jp/27/index.php?JigyosyoCd=2752380036-00&ServiceCd=520&action_kouhyou_detail_feature_index=true,https://www.kaigokensaku.mhlw.go.jp/27/index.php?JigyosyoCd=2752380036-00&ServiceCd=520&action_kouhyou_detail_027_kani=true,,2026-10-01T04:58:39+09:00,200,200,ok,,https://www.kaigokensaku.mhlw.go.jp/27/index.php?JigyosyoCd=2752380036-00&ServiceCd=520&action_kouhyou_detail_feature_index=true,https://www.kaigokensaku.mhlw.go.jp/27/index.php?JigyosyoCd=2752380036-00&ServiceCd=520&action_kouhyou_detail_027_kihon=true
643,介護老人保健施設 錦秀苑,介護老人保健施設,大阪市住吉区南住吉一丁目２２番１７号,大阪市住吉区,2752080032,520,seed_code,1.0,空床取得可能,5,100,0,2026-09-30,5/100人,厚労省公式,https://www.kaigokensaku.mhlw.go.jp/27/index.php?JigyosyoCd=2752080032-00&ServiceCd=520&action_kouhyou_detail_feature_index=true,https://www.kaigokensaku.mhlw.go.jp/27/index.php?JigyosyoCd=2752080032-00&ServiceCd=520&action_kouhyou_detail_027_kani=true,,2026-10-01T04:58:43+09:00,200,200,ok,,https://www.kaigokensaku.mhlw.go.jp/27/index.php?JigyosyoCd=2752080032-00&ServiceCd=520&action_kouhyou_detail_feature_index=true,https://www.kaigokensaku.mhlw.go.jp/27/index.php?JigyosyoCd=2752080032-00&ServiceCd=520&action_kouhyou_detail_027_kihon=true
644,介護老人保健施設 聖和苑,介護老人保健施設,大阪市住吉区帝塚山東2丁目1番35号,大阪市住吉区,2752080024,520,seed_code,1.0,空床取得可能,5,100,7,2025-10-17,5/100人,厚労省公式,https://www.kaigokensaku.mhlw.go.jp/27/index.php?JigyosyoCd=2752080024-00&ServiceCd=520&action_kouhyou_detail_feature_index=true,https://www.kaigokensaku.mhlw.go.jp/27/index.php?JigyosyoCd=2752080024-00&ServiceCd=520&action_kouhyou_detail_027_kihon=true,,2026-10-01T04:58:46+09:00,200,200,ok,,https://www.kaigokensaku.mhlw.go.jp/27/index.php?JigyosyoCd=2752080024-00&ServiceCd=520&action_kouhyou_detail_feature_index=true,https://www.kaigokensaku.mhlw.go.jp/27/index.php?JigyosyoCd=2752080024-00&ServiceCd=520&action_kouhyou_detail_027_kihon=true
645,医療法人守田会 オりオノケアーセンター,介護老人保健施設,大阪市住吉区遠里小野1丁目2番21号,大阪市住吉区,2752080016,520,seed_code,1.0,空床取得可能,3,62,1,2025-10-16,3/62人,厚労省公式,https://www.kaigokensaku.mhlw.go.jp/27/index.php?JigyosyoCd=2752080016-00&ServiceCd=520&action_kouhyou_detail_feature_index=true,https://www.kaigokensaku.mhlw.go.jp/27/index.php?JigyosyoCd=2752080016-00&ServiceCd=520&action_kouhyou_detail_027_kani=true,,2026-10-01T04:58:50+09:00,200,200,ok,,https://www.kaigokensaku.mhlw.go.jp/27/index.php?JigyosyoCd=2752080016-00&ServiceCd=520&action_kouhyou_detail_feature_index=true,https://www.kaigokensaku.mhlw.go.jp/27/index.php?JigyosyoCd=2752080016-00&ServiceCd=520&action_kouhyou_detail_027_kihon=true
646,介護老人保健施設ヴァンサンク,介護老人保健施設,大阪市東住吉区湯里２－１２－２６,大阪市東住吉区,2750880037,520,seed_code,1.0,空床取得可能,5,100,3,2025-10-20,5/100人,厚労省公式,https://www.kaigokensaku.mhlw.go.jp/27/index.php?JigyosyoCd=2750880037-00&ServiceCd=520&action_kouhyou_detail_feature_index=true,https://www.kaigokensaku.mhlw.go.jp/27/index.php?JigyosyoCd=2750880037-00&ServiceCd=520&action_kouhyou_detail_027_kihon=true,,2026-10-01T04:58:54+09:00,200,200,ok,,https://www.kaigokensaku.mhlw.go.jp/27/index.php?JigyosyoCd=2750880037-00&ServiceCd=520&action_kouhyou_detail_feature_index=true,https://www.kaigokensaku.mhlw.go.jp/27/index.php?JigyosyoCd=2750880037-00&ServiceCd=520&action_kouhyou_detail_027_kihon=true
647,パークサイドなごみ,介護老人保健施設,大阪市東住吉区公園南矢田3-19-12,大阪市東住吉区,2750880052,520,seed_code,1.0,空床取得可能,10,100,3,2026-09-29,10/100人,厚労省公式,https://www.kaigokensaku.mhlw.go.jp/27/index.php?JigyosyoCd=2750880052-00&ServiceCd=520&action_kouhyou_detail_feature_index=true,https://www.kaigokensaku.mhlw.go.jp/27/index.php?JigyosyoCd=2750880052-00&ServiceCd=520&action_kouhyou_detail_027_kihon=true,,2026-10-01T04:58:57+09:00,200,200,ok,,https://www.kaigokensaku.mhlw.go.jp/27/index.php?JigyosyoCd=2750880052-00&ServiceCd=520&action_kouhyou_detail_feature_index=true,https://www.kaigokensaku.mhlw.go.jp/27/index.php?JigyosyoCd=2750880052-00&ServiceCd=520&action_kouhyou_detail_027_kihon=true
648,介護老人保健施設 たちばな,介護老人保健施設,大阪市東住吉区住道矢田９丁目11番11号,大阪市東住吉区,2750880011,520,mhlw_name_address,1.0,空床取得可能,10,100,8,2025-10-04,10/100人,厚労省公式,https://www.kaigokensaku.mhlw.go.jp/27/index.php?JigyosyoCd=2750880011-00&ServiceCd=520&action_kouhyou_detail_feature_index=true,https://www.kaigokensaku.mhlw.go.jp/27/index.php?JigyosyoCd=2750880011-00&ServiceCd=520&action_kouhyou_detail_027_kihon=true,,2026-10-01T04:59:01+09:00,200,200,ok,,https://www.kaigokensaku.mhlw.go.jp/27/index.php?JigyosyoCd=2750880011-00&ServiceCd=520&action_kouhyou_detail_feature_index=true,https://www.kaigokensaku.mhlw.go.jp/27/index.php?JigyosyoCd=2750880011-00&ServiceCd=520&action_kouhyou_detail_027_kihon=true
649,介護老人保健施設 東住吉すみれ苑,介護老人保健施設,大阪市東住吉区矢田1丁目23-6,大阪市東住吉区,2750880102,520,mhlw_name_address,1.0,待機人数のみ取得可能,,100,14,2025-10-20,0/0人,,,https://www.kaigokensaku.mhlw.go.jp/27/index.php?JigyosyoCd=2750880102-00&ServiceCd=520&action_kouhyou_detail_027_kihon=true,http://higashi-sumiyoshi-sumire.jp,2026-10-01T04:59:04+09:00,200,200,ok,,https://www.kaigokensaku.mhlw.go.jp/27/index.php?JigyosyoCd=2750880102-00&ServiceCd=520&action_kouhyou_detail_feature_index=true,https://www.kaigokensaku.mhlw.go.jp/27/index.php?JigyosyoCd=2750880102-00&ServiceCd=520&action_kouhyou_detail_027_kihon=true
650,西中介護老人保健施設 ヴィーブル ジョワ,介護老人保健施設,大阪市東住吉区公園南矢田四丁目19番29号,大阪市東住吉区,2750880045,520,seed_code,1.0,待機人数のみ取得可能,,100,0,2024-12-13,0/0人,,,https://www.kaigokensaku.mhlw.go.jp/27/index.php?JigyosyoCd=2750880045-00&ServiceCd=520&action_kouhyou_detail_027_kani=true,http://www.nishinaka.or.jp/,2026-10-01T04:59:11+09:00,200,200,ok,,https://www.kaigokensaku.mhlw.go.jp/27/index.php?JigyosyoCd=2750880045-00&ServiceCd=520&action_kouhyou_detail_feature_index=true,https://www.kaigokensaku.mhlw.go.jp/27/index.php?JigyosyoCd=2750880045-00&ServiceCd=520&action_kouhyou_detail_027_kihon=true
651,介護老人保健施設 桑の実,介護老人保健施設,大阪市東住吉区桑津４－４－５介護老人保健施設 桑の実,大阪市東住吉区,2750880029,520,seed_code,1.0,空床取得可能,10,100,2,2026-04-27,10/100人,厚労省公式,https://www.kaigokensaku.mhlw.go.jp/27/index.php?JigyosyoCd=2750880029-00&ServiceCd=520&action_kouhyou_detail_feature_index=true,https://www.kaigokensaku.mhlw.go.jp/27/index.php?JigyosyoCd=2750880029-00&ServiceCd=520&action_kouhyou_detail_027_kani=true,,2026-10-01T04:59:21+09:00,200,200,ok,,https://www.kaigokensaku.mhlw.go.jp/27/index.php?JigyosyoCd=2750880029-00&ServiceCd=520&action_kouhyou_detail_feature_index=true,https://www.kaigokensaku.mhlw.go.jp/27/index.php?JigyosyoCd=2750880029-00&ServiceCd=520&action_kouhyou_detail_027_kihon=true
652,医療法人玄竜会 田辺駅前ケアセンター,介護老人保健施設,大阪市東住吉区北田辺６－１６－３０,大阪市東住吉区,2750880094,520,seed_code,1.0,待機人数のみ取得可能,,100,7,2024-02-26,0/0人,,,https://www.kaigokensaku.mhlw.go.jp/27/index.php?JigyosyoCd=2750880094-00&ServiceCd=520&action_kouhyou_detail_027_kihon=true,http://genryuukai.com/tanabeekimae-cc/,2026-10-01T04:59:27+09:00,200,200,ok,,https://www.kaigokensaku.mhlw.go.jp/27/index.php?JigyosyoCd=2750880094-00&ServiceCd=520&action_kouhyou_detail_feature_index=true,https://www.kaigokensaku.mhlw.go.jp/27/index.php?JigyosyoCd=2750880094-00&ServiceCd=520&action_kouhyou_detail_027_kihon=true
653,医療法人 玄竜会 サナティオ湯里,介護老人保健施設,大阪市東住吉区湯里2-16-3,大阪市東住吉区,2750880086,520,seed_code,1.0,待機人数のみ取得可能,,22,0,,,,,https://www.kaigokensaku.mhlw.go.jp/27/index.php?JigyosyoCd=2750880086-00&ServiceCd=520&action_kouhyou_detail_027_kihon=true,https://genryuukai.com/sanatio-yuzato/index.html,2026-10-01T04:59:31+09:00,200,200,ok,,https://www.kaigokensaku.mhlw.go.jp/27/index.php?JigyosyoCd=2750880086-00&ServiceCd=520&action_kouhyou_detail_feature_index=true,https://www.kaigokensaku.mhlw.go.jp/27/index.php?JigyosyoCd=2750880086-00&ServiceCd=520&action_kouhyou_detail_027_kihon=true
654,医療法人 ダイワ会 介護老人保健施設 南部花園館,介護老人保健施設,大阪市西成区梅南1丁目4番26号,大阪市西成区,2753380068,520,mhlw_name_address,1.0,空床取得可能,12,100,0,2025-10-24,12/100人,厚労省公式,https://www.kaigokensaku.mhlw.go.jp/27/index.php?JigyosyoCd=2753380068-00&ServiceCd=520&action_kouhyou_detail_feature_index=true,https://www.kaigokensaku.mhlw.go.jp/27/index.php?JigyosyoCd=2753380068-00&ServiceCd=520&action_kouhyou_detail_027_kani=true,,2026-10-01T04:59:35+09:00,200,200,ok,,https://www.kaigokensaku.mhlw.go.jp/27/index.php?JigyosyoCd=2753380068-00&ServiceCd=520&action_kouhyou_detail_feature_index=true,https://www.kaigokensaku.mhlw.go.jp/27/index.php?JigyosyoCd=2753380068-00&ServiceCd=520&action_kouhyou_detail_027_kihon=true
655,介護老人保健施設レジデント梅南,介護老人保健施設,大阪市西成区梅南3―8―35,大阪市西成区,2753380035,520,seed_code,1.0,待機人数のみ取得可能,,100,5,2019-10-16,0/0人,,,https://www.kaigokensaku.mhlw.go.jp/27/index.php?JigyosyoCd=2753380035-00&ServiceCd=520&action_kouhyou_detail_027_kani=true,,2026-10-01T04:59:38+09:00,200,200,ok,,https://www.kaigokensaku.mhlw.go.jp/27/index.php?JigyosyoCd=2753380035-00&ServiceCd=520&action_kouhyou_detail_feature_index=true,https://www.kaigokensaku.mhlw.go.jp/27/index.php?JigyosyoCd=2753380035-00&ServiceCd=520&action_kouhyou_detail_027_kihon=true
656,社会医療法人山紀会 介護老人保健施設やまき苑,介護老人保健施設,大阪市西成区玉出西２-５-36,大阪市西成区,2753380027,520,seed_code,1.0,空床取得可能,23,100,2,2024-12-26,23/100人,厚労省公式,https://www.kaigokensaku.mhlw.go.jp/27/index.php?JigyosyoCd=2753380027-00&ServiceCd=520&action_kouhyou_detail_feature_index=true,https://www.kaigokensaku.mhlw.go.jp/27/index.php?JigyosyoCd=2753380027-00&ServiceCd=520&action_kouhyou_detail_027_kihon=true,,2026-10-01T04:59:42+09:00,200,200,ok,,https://www.kaigokensaku.mhlw.go.jp/27/index.php?JigyosyoCd=2753380027-00&ServiceCd=520&action_kouhyou_detail_feature_index=true,https://www.kaigokensaku.mhlw.go.jp/27/index.php?JigyosyoCd=2753380027-00&ServiceCd=520&action_kouhyou_detail_027_kihon=true
657,社会医療法人 山紀会 介護老人保健施設 はるか,介護老人保健施設,大阪市西成区岸里二丁目6番9号,大阪市西成区,2753380050,520,seed_code,1.0,待機人数のみ取得可能,,58,1,2024-12-22,0/0人,,,https://www.kaigokensaku.mhlw.go.jp/27/index.php?JigyosyoCd=2753380050-00&ServiceCd=520&action_kouhyou_detail_027_kihon=true,http://www.yamakikai.or.jp/,2026-10-01T04:59:45+09:00,200,200,ok,,https://www.kaigokensaku.mhlw.go.jp/27/index.php?JigyosyoCd=2753380050-00&ServiceCd=520&action_kouhyou_detail_feature_index=true,https://www.kaigokensaku.mhlw.go.jp/27/index.php?JigyosyoCd=2753380050-00&ServiceCd=520&action_kouhyou_detail_027_kihon=true
658,社会医療法人協和会 淀川介護老人保健施設ハートフル,介護老人保健施設,大阪市淀川区十三東５丁目３番２９号,大阪市淀川区,2759180017,520,seed_code,1.0,空床取得可能,5,150,3,2026-09-22,5/150人,厚労省公式,https://www.kaigokensaku.mhlw.go.jp/27/index.php?JigyosyoCd=2759180017-00&ServiceCd=520&action_kouhyou_detail_feature_index=true,https://www.kaigokensaku.mhlw.go.jp/27/index.php?JigyosyoCd=2759180017-00&ServiceCd=520&action_kouhyou_detail_027_kani=true,,2026-10-01T04:59:51+09:00,200,200,ok,,https://www.kaigokensaku.mhlw.go.jp/27/index.php?JigyosyoCd=2759180017-00&ServiceCd=520&action_kouhyou_detail_feature_index=true,https://www.kaigokensaku.mhlw.go.jp/27/index.php?JigyosyoCd=2759180017-00&ServiceCd=520&action_kouhyou_detail_027_kihon=true
659,淀川老人保健施設けあきのもり,介護老人保健施設,大阪市淀川区新高１－７－２０,大阪市淀川区,2759180025,520,seed_code,1.0,空床取得可能,5,100,0,2025-09-29,5/100人,厚労省公式,https://www.kaigokensaku.mhlw.go.jp/27/index.php?JigyosyoCd=2759180025-00&ServiceCd=520&action_kouhyou_detail_feature_index=true,https://www.kaigokensaku.mhlw.go.jp/27/index.php?JigyosyoCd=2759180025-00&ServiceCd=520&action_kouhyou_detail_027_kani=true,,2026-10-01T04:59:55+09:00,200,200,ok,,https://www.kaigokensaku.mhlw.go.jp/27/index.php?JigyosyoCd=2759180025-00&ServiceCd=520&action_kouhyou_detail_feature_index=true,https://www.kaigokensaku.mhlw.go.jp/27/index.php?JigyosyoCd=2759180025-00&ServiceCd=520&action_kouhyou_detail_027_kihon=true
660,鶴見老人保健施設ラガール,介護老人保健施設,大阪市鶴見区横堤４－３－３０,大阪市鶴見区,2759280015,520,seed_code,1.0,待機人数のみ取得可能,,127,0,2017-10-25,0/0人,,,https://www.kaigokensaku.mhlw.go.jp/27/index.php?JigyosyoCd=2759280015-00&ServiceCd=520&action_kouhyou_detail_027_kani=true,https://www.koudoukai.or.jp/tsurumi-lagare/,2026-10-01T04:59:58+09:00,200,200,ok,,https://www.kaigokensaku.mhlw.go.jp/27/index.php?JigyosyoCd=2759280015-00&ServiceCd=520&action_kouhyou_detail_feature_index=true,https://www.kaigokensaku.mhlw.go.jp/27/index.php?JigyosyoCd=2759280015-00&ServiceCd=520&action_kouhyou_detail_027_kihon=true
661,介護老人保健施設 鶴見せいわ園,介護老人保健施設,大阪市鶴見区鶴見一丁目６番１１１号,大阪市鶴見区,2759280031,520,seed_code,1.0,空床取得可能,13,100,0,2025-09-25,13/100人,厚労省公式,https://www.kaigokensaku.mhlw.go.jp/27/index.php?JigyosyoCd=2759280031-00&ServiceCd=520&action_kouhyou_detail_feature_index=true,https://www.kaigokensaku.mhlw.go.jp/27/index.php?JigyosyoCd=2759280031-00&ServiceCd=520&action_kouhyou_detail_027_kani=true,,2026-10-01T05:00:03+09:00,200,200,ok,,https://www.kaigokensaku.mhlw.go.jp/27/index.php?JigyosyoCd=2759280031-00&ServiceCd=520&action_kouhyou_detail_feature_index=true,https://www.kaigokensaku.mhlw.go.jp/27/index.php?JigyosyoCd=2759280031-00&ServiceCd=520&action_kouhyou_detail_027_kihon=true
662,介護老人保健施設すいれん,介護老人保健施設,大阪市鶴見区諸口6-15-74介護老人保健施設すいれん,大阪市鶴見区,2759280049,520,seed_code,1.0,空床取得可能,1,100,0,2025-10-10,1/100人,厚労省公式,https://www.kaigokensaku.mhlw.go.jp/27/index.php?JigyosyoCd=2759280049-00&ServiceCd=520&action_kouhyou_detail_feature_index=true,https://www.kaigokensaku.mhlw.go.jp/27/index.php?JigyosyoCd=2759280049-00&ServiceCd=520&action_kouhyou_detail_027_kani=true,,2026-10-01T05:00:06+09:00,200,200,ok,,https://www.kaigokensaku.mhlw.go.jp/27/index.php?JigyosyoCd=2759280049-00&ServiceCd=520&action_kouhyou_detail_feature_index=true,https://www.kaigokensaku.mhlw.go.jp/27/index.php?JigyosyoCd=2759280049-00&ServiceCd=520&action_kouhyou_detail_027_kihon=true
663,医療法人 真和会 老人保健施設プリオール,介護老人保健施設,大阪市鶴見区中茶屋２丁目１－２２,大阪市鶴見区,2759280023,520,seed_code,1.0,空床取得可能,4,60,1,2025-12-23,4/60人,厚労省公式,https://www.kaigokensaku.mhlw.go.jp/27/index.php?JigyosyoCd=2759280023-00&ServiceCd=520&action_kouhyou_detail_feature_index=true,https://www.kaigokensaku.mhlw.go.jp/27/index.php?JigyosyoCd=2759280023-00&ServiceCd=520&action_kouhyou_detail_027_kani=true,,2026-10-01T05:00:10+09:00,200,200,ok,,https://www.kaigokensaku.mhlw.go.jp/27/index.php?JigyosyoCd=2759280023-00&ServiceCd=520&action_kouhyou_detail_feature_index=true,https://www.kaigokensaku.mhlw.go.jp/27/index.php?JigyosyoCd=2759280023-00&ServiceCd=520&action_kouhyou_detail_027_kihon=true
664,介護老人保健施設雅秀苑,介護老人保健施設,大阪市住之江区南港北1-4-1,大阪市住之江区,2755980089,520,seed_code,1.0,空床取得可能,11,150,0,2024-12-15,11/150人,厚労省公式,https://www.kaigokensaku.mhlw.go.jp/27/index.php?JigyosyoCd=2755980089-00&ServiceCd=520&action_kouhyou_detail_feature_index=true,https://www.kaigokensaku.mhlw.go.jp/27/index.php?JigyosyoCd=2755980089-00&ServiceCd=520&action_kouhyou_detail_027_kani=true,,2026-10-01T05:00:13+09:00,200,200,ok,,https://www.kaigokensaku.mhlw.go.jp/27/index.php?JigyosyoCd=2755980089-00&ServiceCd=520&action_kouhyou_detail_feature_index=true,https://www.kaigokensaku.mhlw.go.jp/27/index.php?JigyosyoCd=2755980089-00&ServiceCd=520&action_kouhyou_detail_027_kihon=true
665,介護老人保健施設 カルチェ住吉川,介護老人保健施設,大阪市住之江区北加賀屋一丁目１１番２０号,大阪市住之江区,2755980063,520,seed_code,1.0,待機人数のみ取得可能,,126,3,,,,,https://www.kaigokensaku.mhlw.go.jp/27/index.php?JigyosyoCd=2755980063-00&ServiceCd=520&action_kouhyou_detail_027_kani=true,https://www.yoshikawabyouin.com/,2026-10-01T05:00:17+09:00,200,200,ok,,https://www.kaigokensaku.mhlw.go.jp/27/index.php?JigyosyoCd=2755980063-00&ServiceCd=520&action_kouhyou_detail_feature_index=true,https://www.kaigokensaku.mhlw.go.jp/27/index.php?JigyosyoCd=2755980063-00&ServiceCd=520&action_kouhyou_detail_027_kihon=true
666,アロンティアクラブ,介護老人保健施設,大阪市住之江区北島2-7-32,大阪市住之江区,2755980014,520,seed_code,1.0,空床取得可能,2,100,243,2025-10-20,2/100人,厚労省公式,https://www.kaigokensaku.mhlw.go.jp/27/index.php?JigyosyoCd=2755980014-00&ServiceCd=520&action_kouhyou_detail_feature_index=true,https://www.kaigokensaku.mhlw.go.jp/27/index.php?JigyosyoCd=2755980014-00&ServiceCd=520&action_kouhyou_detail_027_kihon=true,,2026-10-01T05:00:22+09:00,200,200,ok,,https://www.kaigokensaku.mhlw.go.jp/27/index.php?JigyosyoCd=2755980014-00&ServiceCd=520&action_kouhyou_detail_feature_index=true,https://www.kaigokensaku.mhlw.go.jp/27/index.php?JigyosyoCd=2755980014-00&ServiceCd=520&action_kouhyou_detail_027_kihon=true
667,医療法人健正会介護老人保健施設はまさき,介護老人保健施設,大阪市住之江区北島三丁目６番２７号,大阪市住之江区,,520,unmatched_ambiguous,0.591,取得不可,,,,,,,,,,2026-10-01T05:00:25+09:00,,,unmatched_no_official_page,MHLW open data could not be matched with sufficient confidence,,
668,医療法人健正会介護老人保健施設はまさき２,介護老人保健施設,大阪市住之江区御崎四丁目１１番１３号,大阪市住之江区,,520,unmatched_ambiguous,0.573,取得不可,,,,,,,,,,2026-10-01T05:00:25+09:00,,,unmatched_no_official_page,MHLW open data could not be matched with sufficient confidence,,
669,医療法人健正会介護老人保健施設はまさき３,介護老人保健施設,大阪市住之江区平林南二丁目４番７号,大阪市住之江区,,520,unmatched_ambiguous,0.575,取得不可,,,,,,,,,,2026-10-01T05:00:25+09:00,,,unmatched_no_official_page,MHLW open data could not be matched with sufficient confidence,,
670,医療法人健正会介護老人保健施設はまさき４,介護老人保健施設,大阪市住之江区北島二丁目１１番８号,大阪市住之江区,,520,unmatched_ambiguous,0.575,取得不可,,,,,,,,,,2026-10-01T05:00:25+09:00,,,unmatched_no_official_page,MHLW open data could not be matched with sufficient confidence,,
671,介護老人保健施設おとしよりすこやかセンター南部館,介護老人保健施設,大阪市平野区喜連西6丁目2番33号,大阪市平野区,2755880107,520,seed_code,1.0,待機人数のみ取得可能,,100,1,,,,,https://www.kaigokensaku.mhlw.go.jp/27/index.php?JigyosyoCd=2755880107-00&ServiceCd=520&action_kouhyou_detail_027_kani=true,https://nanbukan.org,2026-10-01T05:00:25+09:00,200,200,ok,,https://www.kaigokensaku.mhlw.go.jp/27/index.php?JigyosyoCd=2755880107-00&ServiceCd=520&action_kouhyou_detail_feature_index=true,https://www.kaigokensaku.mhlw.go.jp/27/index.php?JigyosyoCd=2755880107-00&ServiceCd=520&action_kouhyou_detail_027_kihon=true
672,医療法人隆星会 介護老人保健施設オアシス,介護老人保健施設,大阪市平野区平野南一丁目7番7号,大阪市平野区,2755880040,520,seed_code,1.0,空床取得可能,6,100,0,2025-10-04,6/100人,厚労省公式,https://www.kaigokensaku.mhlw.go.jp/27/index.php?JigyosyoCd=2755880040-00&ServiceCd=520&action_kouhyou_detail_feature_index=true,https://www.kaigokensaku.mhlw.go.jp/27/index.php?JigyosyoCd=2755880040-00&ServiceCd=520&action_kouhyou_detail_027_kani=true,,2026-10-01T05:00:30+09:00,200,200,ok,,https://www.kaigokensaku.mhlw.go.jp/27/index.php?JigyosyoCd=2755880040-00&ServiceCd=520&action_kouhyou_detail_feature_index=true,https://www.kaigokensaku.mhlw.go.jp/27/index.php?JigyosyoCd=2755880040-00&ServiceCd=520&action_kouhyou_detail_027_kihon=true
673,老人保健施設 永寿ケアセンター,介護老人保健施設,大阪市平野区瓜破南１丁目２番３０号,大阪市平野区,2755880057,520,seed_code,1.0,空床取得可能,5,100,0,2026-09-21,5/100人,厚労省公式,https://www.kaigokensaku.mhlw.go.jp/27/index.php?JigyosyoCd=2755880057-00&ServiceCd=520&action_kouhyou_detail_feature_index=true,https://www.kaigokensaku.mhlw.go.jp/27/index.php?JigyosyoCd=2755880057-00&ServiceCd=520&action_kouhyou_detail_027_kani=true,,2026-10-01T05:00:33+09:00,200,200,ok,,https://www.kaigokensaku.mhlw.go.jp/27/index.php?JigyosyoCd=2755880057-00&ServiceCd=520&action_kouhyou_detail_feature_index=true,https://www.kaigokensaku.mhlw.go.jp/27/index.php?JigyosyoCd=2755880057-00&ServiceCd=520&action_kouhyou_detail_027_kihon=true
674,社会福祉法人 恩徳福祉会 介護老人保健施設 ながよし苑,介護老人保健施設,大阪市平野区長吉川辺3丁目8番5号,大阪市平野区,2755880081,520,mhlw_name_address,1.0,待機人数のみ取得可能,,100,0,,0/0人,,,https://www.kaigokensaku.mhlw.go.jp/27/index.php?JigyosyoCd=2755880081-00&ServiceCd=520&action_kouhyou_detail_027_kani=true,http://www.ontoku.or.jp/area/osaka-central/,2026-10-01T05:00:38+09:00,200,200,ok,,https://www.kaigokensaku.mhlw.go.jp/27/index.php?JigyosyoCd=2755880081-00&ServiceCd=520&action_kouhyou_detail_feature_index=true,https://www.kaigokensaku.mhlw.go.jp/27/index.php?JigyosyoCd=2755880081-00&ServiceCd=520&action_kouhyou_detail_027_kihon=true
675,介護老人保健施設 フェリス加美,介護老人保健施設,大阪市平野区加美西2-3-1,大阪市平野区,2755880073,520,seed_code,1.0,空床取得可能,0,60,3,2025-12-15,0/60人,厚労省公式,https://www.kaigokensaku.mhlw.go.jp/27/index.php?JigyosyoCd=2755880073-00&ServiceCd=520&action_kouhyou_detail_feature_index=true,https://www.kaigokensaku.mhlw.go.jp/27/index.php?JigyosyoCd=2755880073-00&ServiceCd=520&action_kouhyou_detail_027_kani=true,,2026-10-01T05:00:43+09:00,200,200,ok,,https://www.kaigokensaku.mhlw.go.jp/27/index.php?JigyosyoCd=2755880073-00&ServiceCd=520&action_kouhyou_detail_feature_index=true,https://www.kaigokensaku.mhlw.go.jp/27/index.php?JigyosyoCd=2755880073-00&ServiceCd=520&action_kouhyou_detail_027_kihon=true
676,介護老人保健施設 平野新生苑,介護老人保健施設,大阪市平野区平野東１ー８ー２９,大阪市平野区,2755880016,520,seed_code,1.0,空床取得可能,1,43,2,2024-12-23,1/43人,厚労省公式,https://www.kaigokensaku.mhlw.go.jp/27/index.php?JigyosyoCd=2755880016-00&ServiceCd=520&action_kouhyou_detail_feature_index=true,https://www.kaigokensaku.mhlw.go.jp/27/index.php?JigyosyoCd=2755880016-00&ServiceCd=520&action_kouhyou_detail_027_kani=true,,2026-10-01T05:00:47+09:00,200,200,ok,,https://www.kaigokensaku.mhlw.go.jp/27/index.php?JigyosyoCd=2755880016-00&ServiceCd=520&action_kouhyou_detail_feature_index=true,https://www.kaigokensaku.mhlw.go.jp/27/index.php?JigyosyoCd=2755880016-00&ServiceCd=520&action_kouhyou_detail_027_kihon=true
677,介護療養型老人保健施設ナーシングホーム長吉,介護老人保健施設,大阪市平野区長吉長原1-2-34,大阪市平野区,2755880065,520,seed_code,1.0,待機人数のみ取得可能,,29,0,2025-10-19,0/0人,,,https://www.kaigokensaku.mhlw.go.jp/27/index.php?JigyosyoCd=2755880065-00&ServiceCd=520&action_kouhyou_detail_027_kani=true,http://www.ngh.or.jp/rouken.html,2026-10-01T05:00:50+09:00,200,200,ok,,https://www.kaigokensaku.mhlw.go.jp/27/index.php?JigyosyoCd=2755880065-00&ServiceCd=520&action_kouhyou_detail_feature_index=true,https://www.kaigokensaku.mhlw.go.jp/27/index.php?JigyosyoCd=2755880065-00&ServiceCd=520&action_kouhyou_detail_027_kihon=true
678,社会福祉法人慈恵園福祉会ながよし苑,介護老人保健施設,大阪市平野区長吉川辺3丁目8番5号,大阪市平野区,,520,unmatched,0.0,取得不可,,,,,,,,,,2026-10-01T05:00:56+09:00,,,unmatched_no_official_page,MHLW open data could not be matched with sufficient confidence,,
679,介護老人保健施設 青美,介護老人保健施設,大阪市北区中崎西３－３－４０,大阪市北区,2754180020,520,seed_code,1.0,待機人数のみ取得可能,,100,10,2025-11-01,0/0人,,,https://www.kaigokensaku.mhlw.go.jp/27/index.php?JigyosyoCd=2754180020-00&ServiceCd=520&action_kouhyou_detail_027_kani=true,http://taizankai.org/,2026-10-01T05:00:56+09:00,200,200,ok,,https://www.kaigokensaku.mhlw.go.jp/27/index.php?JigyosyoCd=2754180020-00&ServiceCd=520&action_kouhyou_detail_feature_index=true,https://www.kaigokensaku.mhlw.go.jp/27/index.php?JigyosyoCd=2754180020-00&ServiceCd=520&action_kouhyou_detail_027_kihon=true
680,老健そねざき,介護老人保健施設,大阪市北区曽根崎1丁目1番20号,大阪市北区,2754180046,520,seed_code,1.0,待機人数のみ取得可能,,100,0,,0/0人,,,https://www.kaigokensaku.mhlw.go.jp/27/index.php?JigyosyoCd=2754180046-00&ServiceCd=520&action_kouhyou_detail_027_kani=true,http://www.heiseifukushikai.com,2026-10-01T05:01:14+09:00,200,200,ok,,https://www.kaigokensaku.mhlw.go.jp/27/index.php?JigyosyoCd=2754180046-00&ServiceCd=520&action_kouhyou_detail_feature_index=true,https://www.kaigokensaku.mhlw.go.jp/27/index.php?JigyosyoCd=2754180046-00&ServiceCd=520&action_kouhyou_detail_027_kihon=true
681,ライフケア中津,介護老人保健施設,大阪市北区芝田2丁目10番39号,大阪市北区,,520,unmatched,0.0,取得不可,,,,,,,,,,2026-10-01T05:01:19+09:00,,,unmatched_no_official_page,MHLW open data could not be matched with sufficient confidence,,
682,介護老人保健施設おとしより健康センター,介護老人保健施設,大阪市中央区島之内2丁目12番28号,大阪市中央区,2759480029,520,seed_code,1.0,待機人数のみ取得可能,,80,0,2025-10-20,0/0人,,,https://www.kaigokensaku.mhlw.go.jp/27/index.php?JigyosyoCd=2759480029-00&ServiceCd=520&action_kouhyou_detail_027_kani=true,http://otoshiyori-kc.com/,2026-10-01T05:01:19+09:00,200,200,ok,,https://www.kaigokensaku.mhlw.go.jp/27/index.php?JigyosyoCd=2759480029-00&ServiceCd=520&action_kouhyou_detail_feature_index=true,https://www.kaigokensaku.mhlw.go.jp/27/index.php?JigyosyoCd=2759480029-00&ServiceCd=520&action_kouhyou_detail_027_kihon=true
683,介護老人保健施設みあ・かーさ,介護老人保健施設,堺市堺区今池町4丁4番12号,堺市堺区,2750180024,520,seed_code,1.0,空床取得可能,3,100,0,2025-10-26,3/100人,厚労省公式,https://www.kaigokensaku.mhlw.go.jp/27/index.php?JigyosyoCd=2750180024-00&ServiceCd=520&action_kouhyou_detail_feature_index=true,https://www.kaigokensaku.mhlw.go.jp/27/index.php?JigyosyoCd=2750180024-00&ServiceCd=520&action_kouhyou_detail_027_kani=true,,2026-10-01T05:01:24+09:00,200,200,ok,,https://www.kaigokensaku.mhlw.go.jp/27/index.php?JigyosyoCd=2750180024-00&ServiceCd=520&action_kouhyou_detail_feature_index=true,https://www.kaigokensaku.mhlw.go.jp/27/index.php?JigyosyoCd=2750180024-00&ServiceCd=520&action_kouhyou_detail_027_kihon=true
684,介護老人保健施設ベルアルト,介護老人保健施設,堺市堺区南安井町3丁1番1号,堺市堺区,2750180131,520,seed_code,1.0,空床取得可能,5,100,4,2025-10-09,5/100人,厚労省公式,https://www.kaigokensaku.mhlw.go.jp/27/index.php?JigyosyoCd=2750180131-00&ServiceCd=520&action_kouhyou_detail_feature_index=true,https://www.kaigokensaku.mhlw.go.jp/27/index.php?JigyosyoCd=2750180131-00&ServiceCd=520&action_kouhyou_detail_027_kani=true,,2026-10-01T05:01:27+09:00,200,200,ok,,https://www.kaigokensaku.mhlw.go.jp/27/index.php?JigyosyoCd=2750180131-00&ServiceCd=520&action_kouhyou_detail_feature_index=true,https://www.kaigokensaku.mhlw.go.jp/27/index.php?JigyosyoCd=2750180131-00&ServiceCd=520&action_kouhyou_detail_027_kihon=true
685,老人保健施設 堺ラ・メール,介護老人保健施設,堺市堺区柏木町3丁3番9号,堺市堺区,2750180057,520,seed_code,1.0,待機人数のみ取得可能,,90,0,,0/0人,,,https://www.kaigokensaku.mhlw.go.jp/27/index.php?JigyosyoCd=2750180057-00&ServiceCd=520&action_kouhyou_detail_027_kani=true,http://www.otorifukushikai.or.jp/,2026-10-01T05:01:31+09:00,200,200,ok,,https://www.kaigokensaku.mhlw.go.jp/27/index.php?JigyosyoCd=2750180057-00&ServiceCd=520&action_kouhyou_detail_feature_index=true,https://www.kaigokensaku.mhlw.go.jp/27/index.php?JigyosyoCd=2750180057-00&ServiceCd=520&action_kouhyou_detail_027_kihon=true
686,小規模介護老人保健施設 かーさ・あもーれ,介護老人保健施設,堺市堺区今池町3丁3番16号,堺市堺区,2756080012,520,seed_code,1.0,待機人数のみ取得可能,,29,6,,,,,https://www.kaigokensaku.mhlw.go.jp/27/index.php?JigyosyoCd=2756080012-00&ServiceCd=520&action_kouhyou_detail_027_kihon=true,https://www.asakayama.or.jp,2026-10-01T05:01:36+09:00,200,200,ok,,https://www.kaigokensaku.mhlw.go.jp/27/index.php?JigyosyoCd=2756080012-00&ServiceCd=520&action_kouhyou_detail_feature_index=true,https://www.kaigokensaku.mhlw.go.jp/27/index.php?JigyosyoCd=2756080012-00&ServiceCd=520&action_kouhyou_detail_027_kihon=true
687,介護老人保健施設 ベルアモール,介護老人保健施設,堺市中区深井畑山町211,堺市中区,2750180040,520,seed_code,1.0,空床取得可能,15,157,0,2025-10-28,15/157人,厚労省公式,https://www.kaigokensaku.mhlw.go.jp/27/index.php?JigyosyoCd=2750180040-00&ServiceCd=520&action_kouhyou_detail_feature_index=true,https://www.kaigokensaku.mhlw.go.jp/27/index.php?JigyosyoCd=2750180040-00&ServiceCd=520&action_kouhyou_detail_027_kani=true,,2026-10-01T05:01:41+09:00,200,200,ok,,https://www.kaigokensaku.mhlw.go.jp/27/index.php?JigyosyoCd=2750180040-00&ServiceCd=520&action_kouhyou_detail_feature_index=true,https://www.kaigokensaku.mhlw.go.jp/27/index.php?JigyosyoCd=2750180040-00&ServiceCd=520&action_kouhyou_detail_027_kihon=true
688,介護老人保健施設だいせん,介護老人保健施設,堺市中区土塔町155番1,堺市中区,2750180123,520,seed_code,1.0,空床取得可能,5,100,2,2025-10-06,5/100人,厚労省公式,https://www.kaigokensaku.mhlw.go.jp/27/index.php?JigyosyoCd=2750180123-00&ServiceCd=520&action_kouhyou_detail_feature_index=true,https://www.kaigokensaku.mhlw.go.jp/27/index.php?JigyosyoCd=2750180123-00&ServiceCd=520&action_kouhyou_detail_027_kani=true,,2026-10-01T05:01:45+09:00,200,200,ok,,https://www.kaigokensaku.mhlw.go.jp/27/index.php?JigyosyoCd=2750180123-00&ServiceCd=520&action_kouhyou_detail_feature_index=true,https://www.kaigokensaku.mhlw.go.jp/27/index.php?JigyosyoCd=2750180123-00&ServiceCd=520&action_kouhyou_detail_027_kihon=true
689,介護老人保健施設 ソルヴィラージュ,介護老人保健施設,堺市東区北野田636番地,堺市東区,2750180032,520,seed_code,1.0,待機人数のみ取得可能,,150,5,2025-01-22,0/0人,,,https://www.kaigokensaku.mhlw.go.jp/27/index.php?JigyosyoCd=2750180032-00&ServiceCd=520&action_kouhyou_detail_027_kihon=true,http://www.syo.or.jp,2026-10-01T05:01:48+09:00,200,200,ok,,https://www.kaigokensaku.mhlw.go.jp/27/index.php?JigyosyoCd=2750180032-00&ServiceCd=520&action_kouhyou_detail_feature_index=true,https://www.kaigokensaku.mhlw.go.jp/27/index.php?JigyosyoCd=2750180032-00&ServiceCd=520&action_kouhyou_detail_027_kihon=true
690,介護老人保健施設 クローバー悠苑,介護老人保健施設,堺市東区西野229-1,堺市東区,2750180065,520,seed_code,1.0,待機人数のみ取得可能,,80,3,2025-02-03,0/0人,,,https://www.kaigokensaku.mhlw.go.jp/27/index.php?JigyosyoCd=2750180065-00&ServiceCd=520&action_kouhyou_detail_027_kihon=true,http://www.ko-syo-kai.or.jp/,2026-10-01T05:01:54+09:00,200,200,ok,,https://www.kaigokensaku.mhlw.go.jp/27/index.php?JigyosyoCd=2750180065-00&ServiceCd=520&action_kouhyou_detail_feature_index=true,https://www.kaigokensaku.mhlw.go.jp/27/index.php?JigyosyoCd=2750180065-00&ServiceCd=520&action_kouhyou_detail_027_kihon=true
691,介護老人保健施設 愛和園,介護老人保健施設,堺市西区太平寺327-1,堺市西区,2750180073,520,seed_code,1.0,空床取得可能,8,110,3,2025-10-13,8/110人,厚労省公式,https://www.kaigokensaku.mhlw.go.jp/27/index.php?JigyosyoCd=2750180073-00&ServiceCd=520&action_kouhyou_detail_feature_index=true,https://www.kaigokensaku.mhlw.go.jp/27/index.php?JigyosyoCd=2750180073-00&ServiceCd=520&action_kouhyou_detail_027_kani=true,,2026-10-01T05:02:01+09:00,200,200,ok,,https://www.kaigokensaku.mhlw.go.jp/27/index.php?JigyosyoCd=2750180073-00&ServiceCd=520&action_kouhyou_detail_feature_index=true,https://www.kaigokensaku.mhlw.go.jp/27/index.php?JigyosyoCd=2750180073-00&ServiceCd=520&action_kouhyou_detail_027_kihon=true
692,社会医療法人ペガサス介護療養型老人保健施設ペルセウス,介護老人保健施設,堺市西区浜寺船尾町東３丁４４７番地,堺市西区,2756380016,520,seed_code,1.0,空床取得可能,0,100,5,2025-10-28,0/100人,厚労省公式,https://www.kaigokensaku.mhlw.go.jp/27/index.php?JigyosyoCd=2756380016-00&ServiceCd=520&action_kouhyou_detail_feature_index=true,https://www.kaigokensaku.mhlw.go.jp/27/index.php?JigyosyoCd=2756380016-00&ServiceCd=520&action_kouhyou_detail_027_kani=true,,2026-10-01T05:02:04+09:00,200,200,ok,,https://www.kaigokensaku.mhlw.go.jp/27/index.php?JigyosyoCd=2756380016-00&ServiceCd=520&action_kouhyou_detail_feature_index=true,https://www.kaigokensaku.mhlw.go.jp/27/index.php?JigyosyoCd=2756380016-00&ServiceCd=520&action_kouhyou_detail_027_kihon=true
693,医療法人大泉会介護老人保健施設うえのしば,介護老人保健施設,堺市西区上野芝向ヶ丘町4丁24番30号,堺市西区,2756380024,520,seed_code,1.0,空床取得可能,4,96,3,2024-12-26,4/96人,厚労省公式,https://www.kaigokensaku.mhlw.go.jp/27/index.php?JigyosyoCd=2756380024-00&ServiceCd=520&action_kouhyou_detail_feature_index=true,https://www.kaigokensaku.mhlw.go.jp/27/index.php?JigyosyoCd=2756380024-00&ServiceCd=520&action_kouhyou_detail_027_kani=true,,2026-10-01T05:02:08+09:00,200,200,ok,,https://www.kaigokensaku.mhlw.go.jp/27/index.php?JigyosyoCd=2756380024-00&ServiceCd=520&action_kouhyou_detail_feature_index=true,https://www.kaigokensaku.mhlw.go.jp/27/index.php?JigyosyoCd=2756380024-00&ServiceCd=520&action_kouhyou_detail_027_kihon=true
694,介護老人保健施設みみはら,介護老人保健施設,堺市西区鳳南町五丁594番地1,堺市西区,2750180081,520,seed_code,1.0,待機人数のみ取得可能,,80,0,2025-02-21,0/0人,,,https://www.kaigokensaku.mhlw.go.jp/27/index.php?JigyosyoCd=2750180081-00&ServiceCd=520&action_kouhyou_detail_027_kani=true,http://www.mimihara.or.jp,2026-10-01T05:02:11+09:00,200,200,ok,,https://www.kaigokensaku.mhlw.go.jp/27/index.php?JigyosyoCd=2750180081-00&ServiceCd=520&action_kouhyou_detail_feature_index=true,https://www.kaigokensaku.mhlw.go.jp/27/index.php?JigyosyoCd=2750180081-00&ServiceCd=520&action_kouhyou_detail_027_kihon=true
695,一般社団法人堺市医師会 介護老人保健施設いずみの郷,介護老人保健施設,堺市南区竹城台1-8-2,堺市南区,2750180115,520,seed_code,1.0,待機人数のみ取得可能,,80,3,2026-05-27,0/0人,,,https://www.kaigokensaku.mhlw.go.jp/27/index.php?JigyosyoCd=2750180115-00&ServiceCd=520&action_kouhyou_detail_027_kani=true,http://www.sakai-med.jp/izuminosato/index.html,2026-10-01T05:02:16+09:00,200,200,ok,,https://www.kaigokensaku.mhlw.go.jp/27/index.php?JigyosyoCd=2750180115-00&ServiceCd=520&action_kouhyou_detail_feature_index=true,https://www.kaigokensaku.mhlw.go.jp/27/index.php?JigyosyoCd=2750180115-00&ServiceCd=520&action_kouhyou_detail_027_kihon=true
696,老人保健施設 美樹の園,介護老人保健施設,堺市南区美木多上1359番地2,堺市南区,2750180107,520,seed_code,1.0,待機人数のみ取得可能,,80,3,2026-04-26,0/0人,,,https://www.kaigokensaku.mhlw.go.jp/27/index.php?JigyosyoCd=2750180107-00&ServiceCd=520&action_kouhyou_detail_027_kani=true,http://mikinosono.sakura.ne.jp,2026-10-01T05:02:21+09:00,200,200,ok,,https://www.kaigokensaku.mhlw.go.jp/27/index.php?JigyosyoCd=2750180107-00&ServiceCd=520&action_kouhyou_detail_feature_index=true,https://www.kaigokensaku.mhlw.go.jp/27/index.php?JigyosyoCd=2750180107-00&ServiceCd=520&action_kouhyou_detail_027_kihon=true
697,社会福祉法人貞省会 介護老人保健施設カロス,介護老人保健施設,堺市南区美木多上2308番地1,堺市南区,2750180099,520,seed_code,1.0,待機人数のみ取得可能,,73,2,,0/0人,,,https://www.kaigokensaku.mhlw.go.jp/27/index.php?JigyosyoCd=2750180099-00&ServiceCd=520&action_kouhyou_detail_027_kani=true,http://www.karos.or.jp/,2026-10-01T05:02:27+09:00,200,200,ok,,https://www.kaigokensaku.mhlw.go.jp/27/index.php?JigyosyoCd=2750180099-00&ServiceCd=520&action_kouhyou_detail_feature_index=true,https://www.kaigokensaku.mhlw.go.jp/27/index.php?JigyosyoCd=2750180099-00&ServiceCd=520&action_kouhyou_detail_027_kihon=true
698,介護老人保健施設 真秀ら,介護老人保健施設,堺市北区東三国ヶ丘町4-1-1,堺市北区,2756580011,520,seed_code,1.0,空床取得可能,0,80,5,2025-10-28,0/80人,厚労省公式,https://www.kaigokensaku.mhlw.go.jp/27/index.php?JigyosyoCd=2756580011-00&ServiceCd=520&action_kouhyou_detail_feature_index=true,https://www.kaigokensaku.mhlw.go.jp/27/index.php?JigyosyoCd=2756580011-00&ServiceCd=520&action_kouhyou_detail_027_kani=true,,2026-10-01T05:02:32+09:00,200,200,ok,,https://www.kaigokensaku.mhlw.go.jp/27/index.php?JigyosyoCd=2756580011-00&ServiceCd=520&action_kouhyou_detail_feature_index=true,https://www.kaigokensaku.mhlw.go.jp/27/index.php?JigyosyoCd=2756580011-00&ServiceCd=520&action_kouhyou_detail_027_kihon=true
699,介護老人保健施設アイリス堺正風,介護老人保健施設,堺市北区新金岡町五丁1番3号,堺市北区,2750180016,520,seed_code,1.0,空床取得可能,5,100,5,2017-09-23,5/5人,厚労省公式,https://www.kaigokensaku.mhlw.go.jp/27/index.php?JigyosyoCd=2750180016-00&ServiceCd=520&action_kouhyou_detail_feature_index=true,https://www.kaigokensaku.mhlw.go.jp/27/index.php?JigyosyoCd=2750180016-00&ServiceCd=520&action_kouhyou_detail_027_kihon=true,,2026-10-01T05:02:35+09:00,200,200,ok,,https://www.kaigokensaku.mhlw.go.jp/27/index.php?JigyosyoCd=2750180016-00&ServiceCd=520&action_kouhyou_detail_feature_index=true,https://www.kaigokensaku.mhlw.go.jp/27/index.php?JigyosyoCd=2750180016-00&ServiceCd=520&action_kouhyou_detail_027_kihon=true
700,介護老人保健施設ホットスプリング美原,介護老人保健施設,堺市美原区菅生９０３番地３,堺市美原区,2750180156,520,seed_code,1.0,空床取得可能,3,100,0,2020-10-24,3/100人,厚労省公式,https://www.kaigokensaku.mhlw.go.jp/27/index.php?JigyosyoCd=2750180156-00&ServiceCd=520&action_kouhyou_detail_feature_index=true,https://www.kaigokensaku.mhlw.go.jp/27/index.php?JigyosyoCd=2750180156-00&ServiceCd=520&action_kouhyou_detail_027_kani=true,,2026-10-01T05:02:39+09:00,200,200,ok,,https://www.kaigokensaku.mhlw.go.jp/27/index.php?JigyosyoCd=2750180156-00&ServiceCd=520&action_kouhyou_detail_feature_index=true,https://www.kaigokensaku.mhlw.go.jp/27/index.php?JigyosyoCd=2750180156-00&ServiceCd=520&action_kouhyou_detail_027_kihon=true
701,医療法人 好寿会 介護老人保健施設 かたおか,介護老人保健施設,堺市美原区今井381番地,堺市美原区,2750180149,520,seed_code,1.0,待機人数のみ取得可能,,90,0,2025-10-19,0/0人,,,https://www.kaigokensaku.mhlw.go.jp/27/index.php?JigyosyoCd=2750180149-00&ServiceCd=520&action_kouhyou_detail_027_kani=true,http://rouken-kataoka.com,2026-10-01T05:02:45+09:00,200,200,ok,,https://www.kaigokensaku.mhlw.go.jp/27/index.php?JigyosyoCd=2750180149-00&ServiceCd=520&action_kouhyou_detail_feature_index=true,https://www.kaigokensaku.mhlw.go.jp/27/index.php?JigyosyoCd=2750180149-00&ServiceCd=520&action_kouhyou_detail_027_kihon=true
702,介護老人保健施設岸和田徳洲苑,介護老人保健施設,岸和田市三田町142番地,岸和田市,2751180031,520,seed_code,1.0,空床取得可能,3,100,0,2025-12-22,3/100人,厚労省公式,https://www.kaigokensaku.mhlw.go.jp/27/index.php?JigyosyoCd=2751180031-00&ServiceCd=520&action_kouhyou_detail_feature_index=true,https://www.kaigokensaku.mhlw.go.jp/27/index.php?JigyosyoCd=2751180031-00&ServiceCd=520&action_kouhyou_detail_027_kani=true,,2026-10-01T05:02:53+09:00,200,200,ok,,https://www.kaigokensaku.mhlw.go.jp/27/index.php?JigyosyoCd=2751180031-00&ServiceCd=520&action_kouhyou_detail_feature_index=true,https://www.kaigokensaku.mhlw.go.jp/27/index.php?JigyosyoCd=2751180031-00&ServiceCd=520&action_kouhyou_detail_027_kihon=true
703,介護老人保健施設 華,介護老人保健施設,岸和田市藤井町2丁目22-20,岸和田市,2751180023,520,seed_code,1.0,空床取得可能,3,100,0,2025-10-20,3/100人,厚労省公式,https://www.kaigokensaku.mhlw.go.jp/27/index.php?JigyosyoCd=2751180023-00&ServiceCd=520&action_kouhyou_detail_feature_index=true,https://www.kaigokensaku.mhlw.go.jp/27/index.php?JigyosyoCd=2751180023-00&ServiceCd=520&action_kouhyou_detail_027_kani=true,,2026-10-01T05:02:56+09:00,200,200,ok,,https://www.kaigokensaku.mhlw.go.jp/27/index.php?JigyosyoCd=2751180023-00&ServiceCd=520&action_kouhyou_detail_feature_index=true,https://www.kaigokensaku.mhlw.go.jp/27/index.php?JigyosyoCd=2751180023-00&ServiceCd=520&action_kouhyou_detail_027_kihon=true
704,社会医療法人慈薫会 介護老人保健施設大阪緑ヶ丘,介護老人保健施設,岸和田市流木町668番地の1,岸和田市,2751180015,520,seed_code,1.0,空床取得可能,0,100,0,2025-09-19,0/100人,厚労省公式,https://www.kaigokensaku.mhlw.go.jp/27/index.php?JigyosyoCd=2751180015-00&ServiceCd=520&action_kouhyou_detail_feature_index=true,https://www.kaigokensaku.mhlw.go.jp/27/index.php?JigyosyoCd=2751180015-00&ServiceCd=520&action_kouhyou_detail_027_kani=true,,2026-10-01T05:03:00+09:00,200,200,ok,,https://www.kaigokensaku.mhlw.go.jp/27/index.php?JigyosyoCd=2751180015-00&ServiceCd=520&action_kouhyou_detail_feature_index=true,https://www.kaigokensaku.mhlw.go.jp/27/index.php?JigyosyoCd=2751180015-00&ServiceCd=520&action_kouhyou_detail_027_kihon=true
705,医療法人 若葉会 介護老人保健施設 わかば,介護老人保健施設,豊中市東泉丘3丁目1番1号,豊中市,2754080097,520,seed_code,1.0,待機人数のみ取得可能,,103,7,2026-02-13,0/0人,,,https://www.kaigokensaku.mhlw.go.jp/27/index.php?JigyosyoCd=2754080097-00&ServiceCd=520&action_kouhyou_detail_027_kihon=true,http://kaigo.wakabakai-hp.com/,2026-10-01T05:03:03+09:00,200,200,ok,,https://www.kaigokensaku.mhlw.go.jp/27/index.php?JigyosyoCd=2754080097-00&ServiceCd=520&action_kouhyou_detail_feature_index=true,https://www.kaigokensaku.mhlw.go.jp/27/index.php?JigyosyoCd=2754080097-00&ServiceCd=520&action_kouhyou_detail_027_kihon=true
706,介護老人保健施設ロココリハ,介護老人保健施設,豊中市宝山町6-7,豊中市,2754080113,520,seed_code,1.0,空床取得可能,5,100,4,2025-10-17,5/100人,厚労省公式,https://www.kaigokensaku.mhlw.go.jp/27/index.php?JigyosyoCd=2754080113-00&ServiceCd=520&action_kouhyou_detail_feature_index=true,https://www.kaigokensaku.mhlw.go.jp/27/index.php?JigyosyoCd=2754080113-00&ServiceCd=520&action_kouhyou_detail_027_kani=true,,2026-10-01T05:03:10+09:00,200,200,ok,,https://www.kaigokensaku.mhlw.go.jp/27/index.php?JigyosyoCd=2754080113-00&ServiceCd=520&action_kouhyou_detail_feature_index=true,https://www.kaigokensaku.mhlw.go.jp/27/index.php?JigyosyoCd=2754080113-00&ServiceCd=520&action_kouhyou_detail_027_kihon=true
707,介護老人保健施設かがやき,介護老人保健施設,豊中市刀根山元町5番60号介護老人保健施設かがやき,豊中市,2754080121,520,seed_code,1.0,待機人数のみ取得可能,,100,11,2026-09-29,0/0人,,,https://www.kaigokensaku.mhlw.go.jp/27/index.php?JigyosyoCd=2754080121-00&ServiceCd=520&action_kouhyou_detail_027_kihon=true,https://kagayaki-osj.jp/,2026-10-01T05:03:14+09:00,200,200,ok,,https://www.kaigokensaku.mhlw.go.jp/27/index.php?JigyosyoCd=2754080121-00&ServiceCd=520&action_kouhyou_detail_feature_index=true,https://www.kaigokensaku.mhlw.go.jp/27/index.php?JigyosyoCd=2754080121-00&ServiceCd=520&action_kouhyou_detail_027_kihon=true
708,介護老人保健施設 東雄苑豊南,介護老人保健施設,豊中市豊南町西３－１１－１５,豊中市,2754080089,520,mhlw_name_address,1.0,待機人数のみ取得可能,,100,0,2023-09-19,0/0人,,,https://www.kaigokensaku.mhlw.go.jp/27/index.php?JigyosyoCd=2754080089-00&ServiceCd=520&action_kouhyou_detail_027_kani=true,https://www.oukikai.or.jp,2026-10-01T05:03:20+09:00,200,200,ok,,https://www.kaigokensaku.mhlw.go.jp/27/index.php?JigyosyoCd=2754080089-00&ServiceCd=520&action_kouhyou_detail_feature_index=true,https://www.kaigokensaku.mhlw.go.jp/27/index.php?JigyosyoCd=2754080089-00&ServiceCd=520&action_kouhyou_detail_027_kihon=true
709,医療法人桜希会介護老人保健施設 東雄苑,介護老人保健施設,豊中市曽根南町2丁目11番28号,豊中市,2754080055,520,seed_code,1.0,空床取得可能,4,92,10,2017-09-16,空床情報 4人,施設公式HP,https://www.oukikai.or.jp/toyuen_sone/kuushou/,https://www.kaigokensaku.mhlw.go.jp/27/index.php?JigyosyoCd=2754080055-00&ServiceCd=520&action_kouhyou_detail_027_kihon=true,https://oukikai.or.jp/toyuen_sone/index.html,2026-10-01T05:03:25+09:00,200,200,ok,,https://www.kaigokensaku.mhlw.go.jp/27/index.php?JigyosyoCd=2754080055-00&ServiceCd=520&action_kouhyou_detail_feature_index=true,https://www.kaigokensaku.mhlw.go.jp/27/index.php?JigyosyoCd=2754080055-00&ServiceCd=520&action_kouhyou_detail_027_kihon=true
710,介護老人保健施設 やすらぎ,介護老人保健施設,豊中市 豊南町東 ２丁目６番４号,豊中市,2754080014,520,seed_code,1.0,空床取得可能,2,84,2,2025-02-19,2/84人,厚労省公式,https://www.kaigokensaku.mhlw.go.jp/27/index.php?JigyosyoCd=2754080014-00&ServiceCd=520&action_kouhyou_detail_feature_index=true,https://www.kaigokensaku.mhlw.go.jp/27/index.php?JigyosyoCd=2754080014-00&ServiceCd=520&action_kouhyou_detail_027_kani=true,,2026-10-01T05:03:34+09:00,200,200,ok,,https://www.kaigokensaku.mhlw.go.jp/27/index.php?JigyosyoCd=2754080014-00&ServiceCd=520&action_kouhyou_detail_feature_index=true,https://www.kaigokensaku.mhlw.go.jp/27/index.php?JigyosyoCd=2754080014-00&ServiceCd=520&action_kouhyou_detail_027_kihon=true
711,介護老人保健施設 すずらん,介護老人保健施設,豊中市 本町 ３－１－７,豊中市,2754080030,520,seed_code,1.0,空床取得可能,4,70,2,2025-11-18,4/70人,厚労省公式,https://www.kaigokensaku.mhlw.go.jp/27/index.php?JigyosyoCd=2754080030-00&ServiceCd=520&action_kouhyou_detail_feature_index=true,https://www.kaigokensaku.mhlw.go.jp/27/index.php?JigyosyoCd=2754080030-00&ServiceCd=520&action_kouhyou_detail_027_kani=true,,2026-10-01T05:03:38+09:00,200,200,ok,,https://www.kaigokensaku.mhlw.go.jp/27/index.php?JigyosyoCd=2754080030-00&ServiceCd=520&action_kouhyou_detail_feature_index=true,https://www.kaigokensaku.mhlw.go.jp/27/index.php?JigyosyoCd=2754080030-00&ServiceCd=520&action_kouhyou_detail_027_kihon=true
712,介護老人保健施設「二葉園」,介護老人保健施設,豊中市二葉町二丁目５番３号,豊中市,2754080063,520,seed_code,1.0,空床取得可能,0,60,5,2020-09-27,0/60人,厚労省公式,https://www.kaigokensaku.mhlw.go.jp/27/index.php?JigyosyoCd=2754080063-00&ServiceCd=520&action_kouhyou_detail_feature_index=true,https://www.kaigokensaku.mhlw.go.jp/27/index.php?JigyosyoCd=2754080063-00&ServiceCd=520&action_kouhyou_detail_027_kani=true,,2026-10-01T05:03:41+09:00,200,200,ok,,https://www.kaigokensaku.mhlw.go.jp/27/index.php?JigyosyoCd=2754080063-00&ServiceCd=520&action_kouhyou_detail_feature_index=true,https://www.kaigokensaku.mhlw.go.jp/27/index.php?JigyosyoCd=2754080063-00&ServiceCd=520&action_kouhyou_detail_027_kihon=true
713,介護老人保健施設 きんもくせい,介護老人保健施設,豊中市寺内1丁目1番10号,豊中市,2754080048,520,seed_code,1.0,空床取得可能,0,50,20,2024-12-18,0/50人,厚労省公式,https://www.kaigokensaku.mhlw.go.jp/27/index.php?JigyosyoCd=2754080048-00&ServiceCd=520&action_kouhyou_detail_feature_index=true,https://www.kaigokensaku.mhlw.go.jp/27/index.php?JigyosyoCd=2754080048-00&ServiceCd=520&action_kouhyou_detail_027_kani=true,,2026-10-01T05:03:45+09:00,200,200,ok,,https://www.kaigokensaku.mhlw.go.jp/27/index.php?JigyosyoCd=2754080048-00&ServiceCd=520&action_kouhyou_detail_feature_index=true,https://www.kaigokensaku.mhlw.go.jp/27/index.php?JigyosyoCd=2754080048-00&ServiceCd=520&action_kouhyou_detail_027_kihon=true
714,医療法人 康生会 介護老人保健施設 ケアホーム豊中,介護老人保健施設,豊中市原田中一丁目１６番29号,豊中市,2754080105,520,seed_code,1.0,空床取得可能,5,50,1,2026-08-02,5/50人,厚労省公式,https://www.kaigokensaku.mhlw.go.jp/27/index.php?JigyosyoCd=2754080105-00&ServiceCd=520&action_kouhyou_detail_feature_index=true,https://www.kaigokensaku.mhlw.go.jp/27/index.php?JigyosyoCd=2754080105-00&ServiceCd=520&action_kouhyou_detail_027_kani=true,,2026-10-01T05:03:48+09:00,200,200,ok,,https://www.kaigokensaku.mhlw.go.jp/27/index.php?JigyosyoCd=2754080105-00&ServiceCd=520&action_kouhyou_detail_feature_index=true,https://www.kaigokensaku.mhlw.go.jp/27/index.php?JigyosyoCd=2754080105-00&ServiceCd=520&action_kouhyou_detail_027_kihon=true
715,豊中市立かがやき,介護老人保健施設,豊中市刀根山元町5-60,豊中市,2754080121,520,seed_code,1.0,待機人数のみ取得可能,,100,11,2026-09-29,0/0人,,,https://www.kaigokensaku.mhlw.go.jp/27/index.php?JigyosyoCd=2754080121-00&ServiceCd=520&action_kouhyou_detail_027_kihon=true,https://kagayaki-osj.jp/,2026-10-01T05:03:51+09:00,200,200,ok,,https://www.kaigokensaku.mhlw.go.jp/27/index.php?JigyosyoCd=2754080121-00&ServiceCd=520&action_kouhyou_detail_feature_index=true,https://www.kaigokensaku.mhlw.go.jp/27/index.php?JigyosyoCd=2754080121-00&ServiceCd=520&action_kouhyou_detail_027_kihon=true
716,医療法人マックシール巽病院介護老人保健施設,介護老人保健施設,池田市天神1-5-22,池田市,2752580015,520,seed_code,1.0,空床取得可能,5,120,0,2025-10-16,5/120人,厚労省公式,https://www.kaigokensaku.mhlw.go.jp/27/index.php?JigyosyoCd=2752580015-00&ServiceCd=520&action_kouhyou_detail_feature_index=true,https://www.kaigokensaku.mhlw.go.jp/27/index.php?JigyosyoCd=2752580015-00&ServiceCd=520&action_kouhyou_detail_027_kani=true,,2026-10-01T05:03:57+09:00,200,200,ok,,https://www.kaigokensaku.mhlw.go.jp/27/index.php?JigyosyoCd=2752580015-00&ServiceCd=520&action_kouhyou_detail_feature_index=true,https://www.kaigokensaku.mhlw.go.jp/27/index.php?JigyosyoCd=2752580015-00&ServiceCd=520&action_kouhyou_detail_027_kihon=true
717,介護老人保健施設 かいせい,介護老人保健施設,池田市建石町８番４７号,池田市,2752580023,520,seed_code,1.0,待機人数のみ取得可能,,80,3,2017-09-24,0/0人,,,https://www.kaigokensaku.mhlw.go.jp/27/index.php?JigyosyoCd=2752580023-00&ServiceCd=520&action_kouhyou_detail_027_kani=true,http://www.ikedakaisei-hp.com/,2026-10-01T05:04:01+09:00,200,200,ok,,https://www.kaigokensaku.mhlw.go.jp/27/index.php?JigyosyoCd=2752580023-00&ServiceCd=520&action_kouhyou_detail_feature_index=true,https://www.kaigokensaku.mhlw.go.jp/27/index.php?JigyosyoCd=2752580023-00&ServiceCd=520&action_kouhyou_detail_027_kihon=true
718,介護老人保健施設吹田徳洲苑,介護老人保健施設,吹田市千里丘西21番1号,吹田市,2751680097,520,seed_code,1.0,待機人数のみ取得可能,,159,5,,,,,https://www.kaigokensaku.mhlw.go.jp/27/index.php?JigyosyoCd=2751680097-00&ServiceCd=520&action_kouhyou_detail_027_kani=true,https://www.suita.tokushukai.or.jp/rouken/,2026-10-01T05:04:06+09:00,200,200,ok,,https://www.kaigokensaku.mhlw.go.jp/27/index.php?JigyosyoCd=2751680097-00&ServiceCd=520&action_kouhyou_detail_feature_index=true,https://www.kaigokensaku.mhlw.go.jp/27/index.php?JigyosyoCd=2751680097-00&ServiceCd=520&action_kouhyou_detail_027_kihon=true
719,医療法人協和会介護老人保健施設ウエルハウス協和,介護老人保健施設,吹田市岸部北1丁目24番2号,吹田市,2751680022,520,seed_code,1.0,待機人数のみ取得可能,,136,0,2025-02-06,0/0人,,,https://www.kaigokensaku.mhlw.go.jp/27/index.php?JigyosyoCd=2751680022-00&ServiceCd=520&action_kouhyou_detail_027_kani=true,https://www.kyowakai.com/wh_kyowa/,2026-10-01T05:04:11+09:00,200,200,ok,,https://www.kaigokensaku.mhlw.go.jp/27/index.php?JigyosyoCd=2751680022-00&ServiceCd=520&action_kouhyou_detail_feature_index=true,https://www.kaigokensaku.mhlw.go.jp/27/index.php?JigyosyoCd=2751680022-00&ServiceCd=520&action_kouhyou_detail_027_kihon=true
720,医療法人恒進會 介護老人保健施設たるみの里,介護老人保健施設,吹田市新芦屋下27-8,吹田市,2751680063,520,seed_code,1.0,空床取得可能,0,133,270,2022-10-11,0/133人,厚労省公式,https://www.kaigokensaku.mhlw.go.jp/27/index.php?JigyosyoCd=2751680063-00&ServiceCd=520&action_kouhyou_detail_feature_index=true,https://www.kaigokensaku.mhlw.go.jp/27/index.php?JigyosyoCd=2751680063-00&ServiceCd=520&action_kouhyou_detail_027_kihon=true,,2026-10-01T05:04:16+09:00,200,200,ok,,https://www.kaigokensaku.mhlw.go.jp/27/index.php?JigyosyoCd=2751680063-00&ServiceCd=520&action_kouhyou_detail_feature_index=true,https://www.kaigokensaku.mhlw.go.jp/27/index.php?JigyosyoCd=2751680063-00&ServiceCd=520&action_kouhyou_detail_027_kihon=true
721,介護老人保健施設 フェリーチェ吹田,介護老人保健施設,吹田市岸部南１丁目２番９号,吹田市,2751680048,520,seed_code,1.0,待機人数のみ取得可能,,100,0,2025-11-27,0/0人,,,https://www.kaigokensaku.mhlw.go.jp/27/index.php?JigyosyoCd=2751680048-00&ServiceCd=520&action_kouhyou_detail_027_kani=true,http://www.aoyama-med.gr.jp/ontoku-welfare/felice-suita/,2026-10-01T05:04:19+09:00,200,200,ok,,https://www.kaigokensaku.mhlw.go.jp/27/index.php?JigyosyoCd=2751680048-00&ServiceCd=520&action_kouhyou_detail_feature_index=true,https://www.kaigokensaku.mhlw.go.jp/27/index.php?JigyosyoCd=2751680048-00&ServiceCd=520&action_kouhyou_detail_027_kihon=true
722,吹田市介護老人保健施設,介護老人保健施設,吹田市片山町２丁目１３番２５号,吹田市,2751680014,520,seed_code,1.0,待機人数のみ取得可能,,100,0,2025-01-27,0/0人,,,https://www.kaigokensaku.mhlw.go.jp/27/index.php?JigyosyoCd=2751680014-00&ServiceCd=520&action_kouhyou_detail_027_kani=true,http://www.suita-rouken.com/,2026-10-01T05:04:24+09:00,200,200,ok,,https://www.kaigokensaku.mhlw.go.jp/27/index.php?JigyosyoCd=2751680014-00&ServiceCd=520&action_kouhyou_detail_feature_index=true,https://www.kaigokensaku.mhlw.go.jp/27/index.php?JigyosyoCd=2751680014-00&ServiceCd=520&action_kouhyou_detail_027_kihon=true
723,介護老人保健施設千里,介護老人保健施設,吹田市山田北5-14,吹田市,2751680055,520,seed_code,1.0,待機人数のみ取得可能,,100,2,2017-10-13,0/0人,,,https://www.kaigokensaku.mhlw.go.jp/27/index.php?JigyosyoCd=2751680055-00&ServiceCd=520&action_kouhyou_detail_027_kani=true,http://taizankai.org,2026-10-01T05:04:33+09:00,200,200,ok,,https://www.kaigokensaku.mhlw.go.jp/27/index.php?JigyosyoCd=2751680055-00&ServiceCd=520&action_kouhyou_detail_feature_index=true,https://www.kaigokensaku.mhlw.go.jp/27/index.php?JigyosyoCd=2751680055-00&ServiceCd=520&action_kouhyou_detail_027_kihon=true
724,社会医療法人愛仁会 介護老人保健施設つくも,介護老人保健施設,吹田市津雲台4丁目7番2号,吹田市,2751680089,520,seed_code,1.0,空床取得可能,0,90,1,2023-10-17,0/90人,厚労省公式,https://www.kaigokensaku.mhlw.go.jp/27/index.php?JigyosyoCd=2751680089-00&ServiceCd=520&action_kouhyou_detail_feature_index=true,https://www.kaigokensaku.mhlw.go.jp/27/index.php?JigyosyoCd=2751680089-00&ServiceCd=520&action_kouhyou_detail_027_kani=true,,2026-10-01T05:04:50+09:00,200,200,ok,,https://www.kaigokensaku.mhlw.go.jp/27/index.php?JigyosyoCd=2751680089-00&ServiceCd=520&action_kouhyou_detail_feature_index=true,https://www.kaigokensaku.mhlw.go.jp/27/index.php?JigyosyoCd=2751680089-00&ServiceCd=520&action_kouhyou_detail_027_kihon=true
725,医療法人蒼龍会つくも,介護老人保健施設,吹田市津雲台4-7-2,吹田市,2751680089,520,seed_code,1.0,空床取得可能,0,90,1,2023-10-17,0/90人,厚労省公式,https://www.kaigokensaku.mhlw.go.jp/27/index.php?JigyosyoCd=2751680089-00&ServiceCd=520&action_kouhyou_detail_feature_index=true,https://www.kaigokensaku.mhlw.go.jp/27/index.php?JigyosyoCd=2751680089-00&ServiceCd=520&action_kouhyou_detail_027_kani=true,,2026-10-01T05:04:55+09:00,200,200,ok,,https://www.kaigokensaku.mhlw.go.jp/27/index.php?JigyosyoCd=2751680089-00&ServiceCd=520&action_kouhyou_detail_feature_index=true,https://www.kaigokensaku.mhlw.go.jp/27/index.php?JigyosyoCd=2751680089-00&ServiceCd=520&action_kouhyou_detail_027_kihon=true
726,医療法人穂仁会 介護老人保健施設 アザリア,介護老人保健施設,泉大津市下条町13-10,泉大津市,2750680015,520,seed_code,1.0,空床取得可能,0,100,4,2017-10-04,0/100人,厚労省公式,https://www.kaigokensaku.mhlw.go.jp/27/index.php?JigyosyoCd=2750680015-00&ServiceCd=520&action_kouhyou_detail_feature_index=true,https://www.kaigokensaku.mhlw.go.jp/27/index.php?JigyosyoCd=2750680015-00&ServiceCd=520&action_kouhyou_detail_027_kani=true,,2026-10-01T05:04:58+09:00,200,200,ok,,https://www.kaigokensaku.mhlw.go.jp/27/index.php?JigyosyoCd=2750680015-00&ServiceCd=520&action_kouhyou_detail_feature_index=true,https://www.kaigokensaku.mhlw.go.jp/27/index.php?JigyosyoCd=2750680015-00&ServiceCd=520&action_kouhyou_detail_027_kihon=true
727,医療法人健和会介護老人保健施設ふれあい,介護老人保健施設,高槻市登町33番2号,高槻市,2750980050,520,seed_code,1.0,待機人数のみ取得可能,,100,25,2024-12-07,0/0人,,,https://www.kaigokensaku.mhlw.go.jp/27/index.php?JigyosyoCd=2750980050-00&ServiceCd=520&action_kouhyou_detail_027_kani=true,http://www.ueda-simo.or.jp/fure/index.htm,2026-10-01T05:05:02+09:00,200,200,ok,,https://www.kaigokensaku.mhlw.go.jp/27/index.php?JigyosyoCd=2750980050-00&ServiceCd=520&action_kouhyou_detail_feature_index=true,https://www.kaigokensaku.mhlw.go.jp/27/index.php?JigyosyoCd=2750980050-00&ServiceCd=520&action_kouhyou_detail_027_kihon=true
728,医療法人社団 緑水会 介護老人保健施設 シルバーハウス高槻,介護老人保健施設,高槻市成合南の町３番１号,高槻市,2750980068,520,seed_code,1.0,待機人数のみ取得可能,,100,3,2026-04-21,0/0人,,,https://www.kaigokensaku.mhlw.go.jp/27/index.php?JigyosyoCd=2750980068-00&ServiceCd=520&action_kouhyou_detail_027_kani=true,http://www.ryokusuikai.or.jp,2026-10-01T05:05:08+09:00,200,200,ok,,https://www.kaigokensaku.mhlw.go.jp/27/index.php?JigyosyoCd=2750980068-00&ServiceCd=520&action_kouhyou_detail_feature_index=true,https://www.kaigokensaku.mhlw.go.jp/27/index.php?JigyosyoCd=2750980068-00&ServiceCd=520&action_kouhyou_detail_027_kihon=true
729,社会医療法人 愛仁会 介護老人保健施設ケーアイ,介護老人保健施設,高槻市大字原112番地,高槻市,2750980035,520,seed_code,1.0,待機人数のみ取得可能,,100,5,2024-12-27,0/0人,,,https://www.kaigokensaku.mhlw.go.jp/27/index.php?JigyosyoCd=2750980035-00&ServiceCd=520&action_kouhyou_detail_027_kani=true,http://www.aijinkai.or.jp/keai/,2026-10-01T05:05:13+09:00,200,200,ok,,https://www.kaigokensaku.mhlw.go.jp/27/index.php?JigyosyoCd=2750980035-00&ServiceCd=520&action_kouhyou_detail_feature_index=true,https://www.kaigokensaku.mhlw.go.jp/27/index.php?JigyosyoCd=2750980035-00&ServiceCd=520&action_kouhyou_detail_027_kihon=true
730,介護老人保健施設サンガピア館,介護老人保健施設,高槻市大塚町5-20-3,高槻市,2750980043,520,seed_code,1.0,待機人数のみ取得可能,,100,0,2025-10-10,0/0人,,,https://www.kaigokensaku.mhlw.go.jp/27/index.php?JigyosyoCd=2750980043-00&ServiceCd=520&action_kouhyou_detail_027_kani=true,http://www.towa-med.or.jp,2026-10-01T05:05:19+09:00,200,200,ok,,https://www.kaigokensaku.mhlw.go.jp/27/index.php?JigyosyoCd=2750980043-00&ServiceCd=520&action_kouhyou_detail_feature_index=true,https://www.kaigokensaku.mhlw.go.jp/27/index.php?JigyosyoCd=2750980043-00&ServiceCd=520&action_kouhyou_detail_027_kihon=true
731,みどりヶ丘介護老人保健施設,介護老人保健施設,高槻市奈佐原４丁目７番１号,高槻市,2750980027,520,seed_code,1.0,待機人数のみ取得可能,,100,0,2016-10-10,0/0人,,,https://www.kaigokensaku.mhlw.go.jp/27/index.php?JigyosyoCd=2750980027-00&ServiceCd=520&action_kouhyou_detail_027_kani=true,https://midori-yuseikai.or.jp/,2026-10-01T05:05:26+09:00,200,200,ok,,https://www.kaigokensaku.mhlw.go.jp/27/index.php?JigyosyoCd=2750980027-00&ServiceCd=520&action_kouhyou_detail_feature_index=true,https://www.kaigokensaku.mhlw.go.jp/27/index.php?JigyosyoCd=2750980027-00&ServiceCd=520&action_kouhyou_detail_027_kihon=true
732,介護老人保健施設ローズマリー,介護老人保健施設,高槻市東和町５７－１,高槻市,2750980019,520,seed_code,1.0,空床取得可能,14,93,20,2026-01-08,14/93人,厚労省公式,https://www.kaigokensaku.mhlw.go.jp/27/index.php?JigyosyoCd=2750980019-00&ServiceCd=520&action_kouhyou_detail_feature_index=true,https://www.kaigokensaku.mhlw.go.jp/27/index.php?JigyosyoCd=2750980019-00&ServiceCd=520&action_kouhyou_detail_027_kihon=true,,2026-10-01T05:05:30+09:00,200,200,ok,,https://www.kaigokensaku.mhlw.go.jp/27/index.php?JigyosyoCd=2750980019-00&ServiceCd=520&action_kouhyou_detail_feature_index=true,https://www.kaigokensaku.mhlw.go.jp/27/index.php?JigyosyoCd=2750980019-00&ServiceCd=520&action_kouhyou_detail_027_kihon=true
733,ラ・ポルトフィーナ高槻,介護老人保健施設,高槻市玉川1-5-2,高槻市,2750980092,520,seed_code,1.0,待機人数のみ取得可能,,80,14,2025-03-27,0/0人,,,https://www.kaigokensaku.mhlw.go.jp/27/index.php?JigyosyoCd=2750980092-00&ServiceCd=520&action_kouhyou_detail_027_kihon=true,http://www.shinmeikai.jp/12_takatsuki.html,2026-10-01T05:05:34+09:00,200,200,ok,,https://www.kaigokensaku.mhlw.go.jp/27/index.php?JigyosyoCd=2750980092-00&ServiceCd=520&action_kouhyou_detail_feature_index=true,https://www.kaigokensaku.mhlw.go.jp/27/index.php?JigyosyoCd=2750980092-00&ServiceCd=520&action_kouhyou_detail_027_kihon=true
734,社会医療法人愛仁会 介護老人保健施設しんあい,介護老人保健施設,高槻市西之川原2丁目46番1号,高槻市,2750980084,520,mhlw_name_address,1.0,待機人数のみ取得可能,,69,5,2017-10-12,0/0人,,,https://www.kaigokensaku.mhlw.go.jp/27/index.php?JigyosyoCd=2750980084-00&ServiceCd=520&action_kouhyou_detail_027_kani=true,http://www.aijinkai.or.jp/shin-ai-carefacility/,2026-10-01T05:05:38+09:00,200,200,ok,,https://www.kaigokensaku.mhlw.go.jp/27/index.php?JigyosyoCd=2750980084-00&ServiceCd=520&action_kouhyou_detail_feature_index=true,https://www.kaigokensaku.mhlw.go.jp/27/index.php?JigyosyoCd=2750980084-00&ServiceCd=520&action_kouhyou_detail_027_kihon=true
735,介護老人保健施設コスモス楽寿苑,介護老人保健施設,貝塚市森858番地,貝塚市,2751380029,520,seed_code,1.0,空床取得可能,2,90,0,2025-10-14,2/90人,厚労省公式,https://www.kaigokensaku.mhlw.go.jp/27/index.php?JigyosyoCd=2751380029-00&ServiceCd=520&action_kouhyou_detail_feature_index=true,https://www.kaigokensaku.mhlw.go.jp/27/index.php?JigyosyoCd=2751380029-00&ServiceCd=520&action_kouhyou_detail_027_kani=true,,2026-10-01T05:05:42+09:00,200,200,ok,,https://www.kaigokensaku.mhlw.go.jp/27/index.php?JigyosyoCd=2751380029-00&ServiceCd=520&action_kouhyou_detail_feature_index=true,https://www.kaigokensaku.mhlw.go.jp/27/index.php?JigyosyoCd=2751380029-00&ServiceCd=520&action_kouhyou_detail_027_kihon=true
736,介護老人保健施設 希望ヶ丘,介護老人保健施設,貝塚市水間５１０番地,貝塚市,2751380011,520,seed_code,1.0,待機人数のみ取得可能,,70,0,2025-12-01,0/0人,,,https://www.kaigokensaku.mhlw.go.jp/27/index.php?JigyosyoCd=2751380011-00&ServiceCd=520&action_kouhyou_detail_027_kani=true,http://kawasaki-kai.or.jp,2026-10-01T05:05:46+09:00,200,200,ok,,https://www.kaigokensaku.mhlw.go.jp/27/index.php?JigyosyoCd=2751380011-00&ServiceCd=520&action_kouhyou_detail_feature_index=true,https://www.kaigokensaku.mhlw.go.jp/27/index.php?JigyosyoCd=2751380011-00&ServiceCd=520&action_kouhyou_detail_027_kihon=true
737,医療法人西浦会 介護老人保健施設長生苑,介護老人保健施設,守口市八雲中町３丁目１２番３号,守口市,2753280029,520,mhlw_name_address,1.0,空床取得可能,25,125,13,2024-12-06,25/125人,厚労省公式,https://www.kaigokensaku.mhlw.go.jp/27/index.php?JigyosyoCd=2753280029-00&ServiceCd=520&action_kouhyou_detail_feature_index=true,https://www.kaigokensaku.mhlw.go.jp/27/index.php?JigyosyoCd=2753280029-00&ServiceCd=520&action_kouhyou_detail_027_kihon=true,,2026-10-01T05:05:52+09:00,200,200,ok,,https://www.kaigokensaku.mhlw.go.jp/27/index.php?JigyosyoCd=2753280029-00&ServiceCd=520&action_kouhyou_detail_feature_index=true,https://www.kaigokensaku.mhlw.go.jp/27/index.php?JigyosyoCd=2753280029-00&ServiceCd=520&action_kouhyou_detail_027_kihon=true
738,守口老人保健施設ラガール,介護老人保健施設,守口市大久保町３－３０－１５,守口市,2753280011,520,seed_code,1.0,待機人数のみ取得可能,,125,6,,0/0人,,,https://www.kaigokensaku.mhlw.go.jp/27/index.php?JigyosyoCd=2753280011-00&ServiceCd=520&action_kouhyou_detail_027_kihon=true,http://www.koudoukai.or.jp/m-lagare/,2026-10-01T05:05:55+09:00,200,200,ok,,https://www.kaigokensaku.mhlw.go.jp/27/index.php?JigyosyoCd=2753280011-00&ServiceCd=520&action_kouhyou_detail_feature_index=true,https://www.kaigokensaku.mhlw.go.jp/27/index.php?JigyosyoCd=2753280011-00&ServiceCd=520&action_kouhyou_detail_027_kihon=true
739,パナソニック健康保険組合 松下介護老人保健施設はーとぴあ,介護老人保健施設,守口市外島町5-55,守口市,2753280037,520,seed_code,1.0,空床取得可能,10,100,0,2026-09-20,10/100人,厚労省公式,https://www.kaigokensaku.mhlw.go.jp/27/index.php?JigyosyoCd=2753280037-00&ServiceCd=520&action_kouhyou_detail_feature_index=true,https://www.kaigokensaku.mhlw.go.jp/27/index.php?JigyosyoCd=2753280037-00&ServiceCd=520&action_kouhyou_detail_027_kani=true,,2026-10-01T05:06:00+09:00,200,200,ok,,https://www.kaigokensaku.mhlw.go.jp/27/index.php?JigyosyoCd=2753280037-00&ServiceCd=520&action_kouhyou_detail_feature_index=true,https://www.kaigokensaku.mhlw.go.jp/27/index.php?JigyosyoCd=2753280037-00&ServiceCd=520&action_kouhyou_detail_027_kihon=true
740,寺方老人保健施設ラガール,介護老人保健施設,守口市寺方本通一丁目5番5号,守口市,2753280045,520,seed_code,1.0,待機人数のみ取得可能,,100,9,2017-10-13,0/0人,,,https://www.kaigokensaku.mhlw.go.jp/27/index.php?JigyosyoCd=2753280045-00&ServiceCd=520&action_kouhyou_detail_027_kihon=true,http://www.koudoukai.or.jp/terakata-lagare/index.html,2026-10-01T05:06:03+09:00,200,200,ok,,https://www.kaigokensaku.mhlw.go.jp/27/index.php?JigyosyoCd=2753280045-00&ServiceCd=520&action_kouhyou_detail_feature_index=true,https://www.kaigokensaku.mhlw.go.jp/27/index.php?JigyosyoCd=2753280045-00&ServiceCd=520&action_kouhyou_detail_027_kihon=true
741,介護老人保健施設美杉,介護老人保健施設,枚方市西招提町２１６６番地,枚方市,2752480034,520,seed_code,1.0,待機人数のみ取得可能,,150,0,2025-10-17,0/0人,,,https://www.kaigokensaku.mhlw.go.jp/27/index.php?JigyosyoCd=2752480034-00&ServiceCd=520&action_kouhyou_detail_027_kani=true,http://www.misugikai.jp,2026-10-01T05:06:08+09:00,200,200,ok,,https://www.kaigokensaku.mhlw.go.jp/27/index.php?JigyosyoCd=2752480034-00&ServiceCd=520&action_kouhyou_detail_feature_index=true,https://www.kaigokensaku.mhlw.go.jp/27/index.php?JigyosyoCd=2752480034-00&ServiceCd=520&action_kouhyou_detail_027_kihon=true
742,介護老人保健施設 なごみの里,介護老人保健施設,枚方市長尾北町2-1845-1,枚方市,2752480067,520,seed_code,1.0,待機人数のみ取得可能,,150,0,2026-03-23,0/0人,,,https://www.kaigokensaku.mhlw.go.jp/27/index.php?JigyosyoCd=2752480067-00&ServiceCd=520&action_kouhyou_detail_027_kani=true,http://midori.jpn.org/nagomi/,2026-10-01T05:06:17+09:00,200,200,ok,,https://www.kaigokensaku.mhlw.go.jp/27/index.php?JigyosyoCd=2752480067-00&ServiceCd=520&action_kouhyou_detail_feature_index=true,https://www.kaigokensaku.mhlw.go.jp/27/index.php?JigyosyoCd=2752480067-00&ServiceCd=520&action_kouhyou_detail_027_kihon=true
743,介護老人保健施設美樟苑,介護老人保健施設,枚方市養父東町18番30号,枚方市,2752480042,520,seed_code,1.0,待機人数のみ取得可能,,150,4,2022-11-17,0/0人,,,https://www.kaigokensaku.mhlw.go.jp/27/index.php?JigyosyoCd=2752480042-00&ServiceCd=520&action_kouhyou_detail_027_kihon=true,http://www.misugikai.jp,2026-10-01T05:06:22+09:00,200,200,ok,,https://www.kaigokensaku.mhlw.go.jp/27/index.php?JigyosyoCd=2752480042-00&ServiceCd=520&action_kouhyou_detail_feature_index=true,https://www.kaigokensaku.mhlw.go.jp/27/index.php?JigyosyoCd=2752480042-00&ServiceCd=520&action_kouhyou_detail_027_kihon=true
744,医療法人大寿会介護老人保健施設ユートピア,介護老人保健施設,枚方市伊加賀西町４７－１,枚方市,2752480083,520,seed_code,1.0,待機人数のみ取得可能,,150,0,2017-10-08,0/0人,,,https://www.kaigokensaku.mhlw.go.jp/27/index.php?JigyosyoCd=2752480083-00&ServiceCd=520&action_kouhyou_detail_027_kani=true,http://www.daijukai.com,2026-10-01T05:06:30+09:00,200,200,ok,,https://www.kaigokensaku.mhlw.go.jp/27/index.php?JigyosyoCd=2752480083-00&ServiceCd=520&action_kouhyou_detail_feature_index=true,https://www.kaigokensaku.mhlw.go.jp/27/index.php?JigyosyoCd=2752480083-00&ServiceCd=520&action_kouhyou_detail_027_kihon=true
745,枚方老人保健施設のぞみ,介護老人保健施設,枚方市田口山１丁目７番１号,枚方市,2752480117,520,seed_code,1.0,待機人数のみ取得可能,,95,4,2025-10-03,0/0人,,,https://www.kaigokensaku.mhlw.go.jp/27/index.php?JigyosyoCd=2752480117-00&ServiceCd=520&action_kouhyou_detail_027_kihon=true,https://kiboukai-nozomi.jp,2026-10-01T05:06:34+09:00,200,200,ok,,https://www.kaigokensaku.mhlw.go.jp/27/index.php?JigyosyoCd=2752480117-00&ServiceCd=520&action_kouhyou_detail_feature_index=true,https://www.kaigokensaku.mhlw.go.jp/27/index.php?JigyosyoCd=2752480117-00&ServiceCd=520&action_kouhyou_detail_027_kihon=true
746,介護老人保健施設 勘右ェ門,介護老人保健施設,枚方市春日北町４丁目２１番１号,枚方市,2752480091,520,mhlw_name_address,1.0,待機人数のみ取得可能,,85,11,2017-10-31,0/0人,,,https://www.kaigokensaku.mhlw.go.jp/27/index.php?JigyosyoCd=2752480091-00&ServiceCd=520&action_kouhyou_detail_027_kani=true,http://www.eihoukai.com,2026-10-01T05:06:39+09:00,200,200,ok,,https://www.kaigokensaku.mhlw.go.jp/27/index.php?JigyosyoCd=2752480091-00&ServiceCd=520&action_kouhyou_detail_feature_index=true,https://www.kaigokensaku.mhlw.go.jp/27/index.php?JigyosyoCd=2752480091-00&ServiceCd=520&action_kouhyou_detail_027_kihon=true
747,介護老人保健施設 カリタス東香里,介護老人保健施設,枚方市東香里１丁目２４番３6号,枚方市,2752480059,520,seed_code,1.0,待機人数のみ取得可能,,84,0,2024-12-03,0/0人,,,https://www.kaigokensaku.mhlw.go.jp/27/index.php?JigyosyoCd=2752480059-00&ServiceCd=520&action_kouhyou_detail_027_kani=true,http://www.higashikouri-hp.com/,2026-10-01T05:06:47+09:00,200,200,ok,,https://www.kaigokensaku.mhlw.go.jp/27/index.php?JigyosyoCd=2752480059-00&ServiceCd=520&action_kouhyou_detail_feature_index=true,https://www.kaigokensaku.mhlw.go.jp/27/index.php?JigyosyoCd=2752480059-00&ServiceCd=520&action_kouhyou_detail_027_kihon=true
748,医療法人松徳会 介護老人保健施設老健ふじさか,介護老人保健施設,枚方市藤阪天神町1番60号,枚方市,2752480075,520,seed_code,1.0,待機人数のみ取得可能,,80,0,2026-09-18,0/0人,,,https://www.kaigokensaku.mhlw.go.jp/27/index.php?JigyosyoCd=2752480075-00&ServiceCd=520&action_kouhyou_detail_027_kani=true,http://www.matsutani.or.jp,2026-10-01T05:06:53+09:00,200,200,ok,,https://www.kaigokensaku.mhlw.go.jp/27/index.php?JigyosyoCd=2752480075-00&ServiceCd=520&action_kouhyou_detail_feature_index=true,https://www.kaigokensaku.mhlw.go.jp/27/index.php?JigyosyoCd=2752480075-00&ServiceCd=520&action_kouhyou_detail_027_kihon=true
749,介護老人保健施設 サテライトなごみの里,介護老人保健施設,枚方市長尾北町3丁目1番1号,枚方市,2752480109,520,seed_code,1.0,待機人数のみ取得可能,,29,0,2020-09-14,0/0人,,,https://www.kaigokensaku.mhlw.go.jp/27/index.php?JigyosyoCd=2752480109-00&ServiceCd=520&action_kouhyou_detail_027_kani=true,http://midori.jpn.org/satellite-nagomi/,2026-10-01T05:06:59+09:00,200,200,ok,,https://www.kaigokensaku.mhlw.go.jp/27/index.php?JigyosyoCd=2752480109-00&ServiceCd=520&action_kouhyou_detail_feature_index=true,https://www.kaigokensaku.mhlw.go.jp/27/index.php?JigyosyoCd=2752480109-00&ServiceCd=520&action_kouhyou_detail_027_kihon=true
750,医療法人美盛会美樟苑,介護老人保健施設,枚方市養父東町18番30号,枚方市,2752480042,520,seed_code,1.0,待機人数のみ取得可能,,150,4,2022-11-17,0/0人,,,https://www.kaigokensaku.mhlw.go.jp/27/index.php?JigyosyoCd=2752480042-00&ServiceCd=520&action_kouhyou_detail_027_kihon=true,http://www.misugikai.jp,2026-10-01T05:07:03+09:00,200,200,ok,,https://www.kaigokensaku.mhlw.go.jp/27/index.php?JigyosyoCd=2752480042-00&ServiceCd=520&action_kouhyou_detail_feature_index=true,https://www.kaigokensaku.mhlw.go.jp/27/index.php?JigyosyoCd=2752480042-00&ServiceCd=520&action_kouhyou_detail_027_kihon=true
751,医療法人恵仁会 介護老人保健施設たんぽぽ,介護老人保健施設,茨木市真砂三丁目21番27号,茨木市,2754280044,520,seed_code,1.0,空床取得可能,7,123,9,2026-08-11,7/123人,厚労省公式,https://www.kaigokensaku.mhlw.go.jp/27/index.php?JigyosyoCd=2754280044-00&ServiceCd=520&action_kouhyou_detail_feature_index=true,https://www.kaigokensaku.mhlw.go.jp/27/index.php?JigyosyoCd=2754280044-00&ServiceCd=520&action_kouhyou_detail_027_kani=true,,2026-10-01T05:07:15+09:00,200,200,ok,,https://www.kaigokensaku.mhlw.go.jp/27/index.php?JigyosyoCd=2754280044-00&ServiceCd=520&action_kouhyou_detail_feature_index=true,https://www.kaigokensaku.mhlw.go.jp/27/index.php?JigyosyoCd=2754280044-00&ServiceCd=520&action_kouhyou_detail_027_kihon=true
752,医療法人恵仁会 介護老人保健施設めぐみ,介護老人保健施設,茨木市南安威2丁目10-17,茨木市,2754280051,520,seed_code,1.0,待機人数のみ取得可能,,100,5,2025-10-17,0/0人,,,https://www.kaigokensaku.mhlw.go.jp/27/index.php?JigyosyoCd=2754280051-00&ServiceCd=520&action_kouhyou_detail_027_kani=true,http://www.tanaka-hsp.or.jp,2026-10-01T05:07:21+09:00,200,200,ok,,https://www.kaigokensaku.mhlw.go.jp/27/index.php?JigyosyoCd=2754280051-00&ServiceCd=520&action_kouhyou_detail_feature_index=true,https://www.kaigokensaku.mhlw.go.jp/27/index.php?JigyosyoCd=2754280051-00&ServiceCd=520&action_kouhyou_detail_027_kihon=true
753,介護老人保健施設ひまわり,介護老人保健施設,茨木市南春日丘七丁目9番18号,茨木市,2754280077,520,mhlw_name_address,1.0,待機人数のみ取得可能,,100,0,2025-10-16,0/0人,,,https://www.kaigokensaku.mhlw.go.jp/27/index.php?JigyosyoCd=2754280077-00&ServiceCd=520&action_kouhyou_detail_027_kani=true,http://himawari.aijinkai.or.jp,2026-10-01T05:07:27+09:00,200,200,ok,,https://www.kaigokensaku.mhlw.go.jp/27/index.php?JigyosyoCd=2754280077-00&ServiceCd=520&action_kouhyou_detail_feature_index=true,https://www.kaigokensaku.mhlw.go.jp/27/index.php?JigyosyoCd=2754280077-00&ServiceCd=520&action_kouhyou_detail_027_kihon=true
754,老人保健施設 清渓苑,介護老人保健施設,茨木市泉原38番地の1,茨木市,2754280010,520,seed_code,1.0,待機人数のみ取得可能,,50,11,2025-12-21,0/0人,,,https://www.kaigokensaku.mhlw.go.jp/27/index.php?JigyosyoCd=2754280010-00&ServiceCd=520&action_kouhyou_detail_027_kihon=true,http://www.tenno.or.jp,2026-10-01T05:07:37+09:00,200,200,ok,,https://www.kaigokensaku.mhlw.go.jp/27/index.php?JigyosyoCd=2754280010-00&ServiceCd=520&action_kouhyou_detail_feature_index=true,https://www.kaigokensaku.mhlw.go.jp/27/index.php?JigyosyoCd=2754280010-00&ServiceCd=520&action_kouhyou_detail_027_kihon=true
755,介護老人保健施設 あいの苑,介護老人保健施設,茨木市東太田4丁目5番20号,茨木市,2754280069,520,seed_code,1.0,待機人数のみ取得可能,,83,83,2026-03-27,0/0人,,,https://www.kaigokensaku.mhlw.go.jp/27/index.php?JigyosyoCd=2754280069-00&ServiceCd=520&action_kouhyou_detail_027_kani=true,http://www.aino-fukushikai.or.jp,2026-10-01T05:07:45+09:00,200,200,ok,,https://www.kaigokensaku.mhlw.go.jp/27/index.php?JigyosyoCd=2754280069-00&ServiceCd=520&action_kouhyou_detail_feature_index=true,https://www.kaigokensaku.mhlw.go.jp/27/index.php?JigyosyoCd=2754280069-00&ServiceCd=520&action_kouhyou_detail_027_kihon=true
756,介護老人保健施設ライフポート茨木,介護老人保健施設,茨木市見付山2丁目1番39号,茨木市,2754280036,520,seed_code,1.0,空床取得可能,0,80,9,2025-10-17,0/80人,厚労省公式,https://www.kaigokensaku.mhlw.go.jp/27/index.php?JigyosyoCd=2754280036-00&ServiceCd=520&action_kouhyou_detail_feature_index=true,https://www.kaigokensaku.mhlw.go.jp/27/index.php?JigyosyoCd=2754280036-00&ServiceCd=520&action_kouhyou_detail_027_kani=true,,2026-10-01T05:07:52+09:00,200,200,ok,,https://www.kaigokensaku.mhlw.go.jp/27/index.php?JigyosyoCd=2754280036-00&ServiceCd=520&action_kouhyou_detail_feature_index=true,https://www.kaigokensaku.mhlw.go.jp/27/index.php?JigyosyoCd=2754280036-00&ServiceCd=520&action_kouhyou_detail_027_kihon=true
757,医療法人蒼龍会ひまわり,介護老人保健施設,茨木市南春日丘7-9-18,茨木市,2754280077,520,seed_code,1.0,待機人数のみ取得可能,,100,0,2025-10-16,0/0人,,,https://www.kaigokensaku.mhlw.go.jp/27/index.php?JigyosyoCd=2754280077-00&ServiceCd=520&action_kouhyou_detail_027_kani=true,http://himawari.aijinkai.or.jp,2026-10-01T05:07:56+09:00,200,200,ok,,https://www.kaigokensaku.mhlw.go.jp/27/index.php?JigyosyoCd=2754280077-00&ServiceCd=520&action_kouhyou_detail_feature_index=true,https://www.kaigokensaku.mhlw.go.jp/27/index.php?JigyosyoCd=2754280077-00&ServiceCd=520&action_kouhyou_detail_027_kihon=true
758,介護老人保健施設ノーブル楽音寺,介護老人保健施設,八尾市楽音寺３－５,八尾市,2755580038,520,mhlw_name_address,1.0,空床取得可能,5,100,0,2025-10-17,5/100人,厚労省公式,https://www.kaigokensaku.mhlw.go.jp/27/index.php?JigyosyoCd=2755580038-00&ServiceCd=520&action_kouhyou_detail_feature_index=true,https://www.kaigokensaku.mhlw.go.jp/27/index.php?JigyosyoCd=2755580038-00&ServiceCd=520&action_kouhyou_detail_027_kani=true,,2026-10-01T05:08:06+09:00,200,200,ok,,https://www.kaigokensaku.mhlw.go.jp/27/index.php?JigyosyoCd=2755580038-00&ServiceCd=520&action_kouhyou_detail_feature_index=true,https://www.kaigokensaku.mhlw.go.jp/27/index.php?JigyosyoCd=2755580038-00&ServiceCd=520&action_kouhyou_detail_027_kihon=true
759,介護老人保健施設 八尾徳洲苑,介護老人保健施設,八尾市荘内町1丁目2-35,八尾市,2755580046,520,mhlw_name_address,1.0,空床取得可能,3,100,0,2024-12-24,3/100人,厚労省公式,https://www.kaigokensaku.mhlw.go.jp/27/index.php?JigyosyoCd=2755580046-00&ServiceCd=520&action_kouhyou_detail_feature_index=true,https://www.kaigokensaku.mhlw.go.jp/27/index.php?JigyosyoCd=2755580046-00&ServiceCd=520&action_kouhyou_detail_027_kani=true,,2026-10-01T05:08:10+09:00,200,200,ok,,https://www.kaigokensaku.mhlw.go.jp/27/index.php?JigyosyoCd=2755580046-00&ServiceCd=520&action_kouhyou_detail_feature_index=true,https://www.kaigokensaku.mhlw.go.jp/27/index.php?JigyosyoCd=2755580046-00&ServiceCd=520&action_kouhyou_detail_027_kihon=true
760,介護老人保健施設 スローライフ八尾,介護老人保健施設,八尾市福栄町１丁目１２番地,八尾市,2755580061,520,seed_code,1.0,待機人数のみ取得可能,,100,227,2024-12-23,0/0人,,,https://www.kaigokensaku.mhlw.go.jp/27/index.php?JigyosyoCd=2755580061-00&ServiceCd=520&action_kouhyou_detail_027_kihon=true,http://www.slowlife.or.jp/,2026-10-01T05:08:13+09:00,200,200,ok,,https://www.kaigokensaku.mhlw.go.jp/27/index.php?JigyosyoCd=2755580061-00&ServiceCd=520&action_kouhyou_detail_feature_index=true,https://www.kaigokensaku.mhlw.go.jp/27/index.php?JigyosyoCd=2755580061-00&ServiceCd=520&action_kouhyou_detail_027_kihon=true
761,介護老人保健施設あおぞら,介護老人保健施設,八尾市沼１丁目４１番地,八尾市,2755580053,520,seed_code,1.0,空床取得可能,3,100,3,2025-03-25,3/100人,厚労省公式,https://www.kaigokensaku.mhlw.go.jp/27/index.php?JigyosyoCd=2755580053-00&ServiceCd=520&action_kouhyou_detail_feature_index=true,https://www.kaigokensaku.mhlw.go.jp/27/index.php?JigyosyoCd=2755580053-00&ServiceCd=520&action_kouhyou_detail_027_kani=true,,2026-10-01T05:08:23+09:00,200,200,ok,,https://www.kaigokensaku.mhlw.go.jp/27/index.php?JigyosyoCd=2755580053-00&ServiceCd=520&action_kouhyou_detail_feature_index=true,https://www.kaigokensaku.mhlw.go.jp/27/index.php?JigyosyoCd=2755580053-00&ServiceCd=520&action_kouhyou_detail_027_kihon=true
762,介護老人保健施設 悠久苑,介護老人保健施設,八尾市大字山畑5番地1老人保健施設 悠久苑,八尾市,2755580020,520,seed_code,1.0,空床取得可能,16,71,0,2026-04-08,16/71人,厚労省公式,https://www.kaigokensaku.mhlw.go.jp/27/index.php?JigyosyoCd=2755580020-00&ServiceCd=520&action_kouhyou_detail_feature_index=true,https://www.kaigokensaku.mhlw.go.jp/27/index.php?JigyosyoCd=2755580020-00&ServiceCd=520&action_kouhyou_detail_027_kani=true,,2026-10-01T05:08:27+09:00,200,200,ok,,https://www.kaigokensaku.mhlw.go.jp/27/index.php?JigyosyoCd=2755580020-00&ServiceCd=520&action_kouhyou_detail_feature_index=true,https://www.kaigokensaku.mhlw.go.jp/27/index.php?JigyosyoCd=2755580020-00&ServiceCd=520&action_kouhyou_detail_027_kihon=true
763,介護老人保健施設 ホライズン,介護老人保健施設,泉佐野市下瓦屋２２１－１,泉佐野市,2754580021,520,seed_code,1.0,空床取得可能,0,90,2,2024-12-19,0/90人,厚労省公式,https://www.kaigokensaku.mhlw.go.jp/27/index.php?JigyosyoCd=2754580021-00&ServiceCd=520&action_kouhyou_detail_feature_index=true,https://www.kaigokensaku.mhlw.go.jp/27/index.php?JigyosyoCd=2754580021-00&ServiceCd=520&action_kouhyou_detail_027_kihon=true,,2026-10-01T05:08:30+09:00,200,200,ok,,https://www.kaigokensaku.mhlw.go.jp/27/index.php?JigyosyoCd=2754580021-00&ServiceCd=520&action_kouhyou_detail_feature_index=true,https://www.kaigokensaku.mhlw.go.jp/27/index.php?JigyosyoCd=2754580021-00&ServiceCd=520&action_kouhyou_detail_027_kihon=true
764,介護老人保健施設 エルダーケア,介護老人保健施設,泉佐野市中庄１３１０番地,泉佐野市,2754580039,520,seed_code,1.0,待機人数のみ取得可能,,74,0,2020-09-24,0/0人,,,https://www.kaigokensaku.mhlw.go.jp/27/index.php?JigyosyoCd=2754580039-00&ServiceCd=520&action_kouhyou_detail_027_kani=true,http://www.eldercare.or.jp,2026-10-01T05:08:33+09:00,200,200,ok,,https://www.kaigokensaku.mhlw.go.jp/27/index.php?JigyosyoCd=2754580039-00&ServiceCd=520&action_kouhyou_detail_feature_index=true,https://www.kaigokensaku.mhlw.go.jp/27/index.php?JigyosyoCd=2754580039-00&ServiceCd=520&action_kouhyou_detail_027_kihon=true
765,介護老人保健施設 栄公苑,介護老人保健施設,泉佐野市中町２丁目４番２８号,泉佐野市,2754580013,520,seed_code,1.0,空床取得可能,5,55,10,2025-10-16,5/55人,厚労省公式,https://www.kaigokensaku.mhlw.go.jp/27/index.php?JigyosyoCd=2754580013-00&ServiceCd=520&action_kouhyou_detail_feature_index=true,https://www.kaigokensaku.mhlw.go.jp/27/index.php?JigyosyoCd=2754580013-00&ServiceCd=520&action_kouhyou_detail_027_kani=true,,2026-10-01T05:08:48+09:00,200,200,ok,,https://www.kaigokensaku.mhlw.go.jp/27/index.php?JigyosyoCd=2754580013-00&ServiceCd=520&action_kouhyou_detail_feature_index=true,https://www.kaigokensaku.mhlw.go.jp/27/index.php?JigyosyoCd=2754580013-00&ServiceCd=520&action_kouhyou_detail_027_kihon=true
766,介護老人保健施設きし,介護老人保健施設,富田林市中野町西２丁目273,富田林市,2754980023,520,seed_code,1.0,空床取得可能,10,120,0,2025-10-16,10/120人,厚労省公式,https://www.kaigokensaku.mhlw.go.jp/27/index.php?JigyosyoCd=2754980023-00&ServiceCd=520&action_kouhyou_detail_feature_index=true,https://www.kaigokensaku.mhlw.go.jp/27/index.php?JigyosyoCd=2754980023-00&ServiceCd=520&action_kouhyou_detail_027_kani=true,,2026-10-01T05:08:51+09:00,200,200,ok,,https://www.kaigokensaku.mhlw.go.jp/27/index.php?JigyosyoCd=2754980023-00&ServiceCd=520&action_kouhyou_detail_feature_index=true,https://www.kaigokensaku.mhlw.go.jp/27/index.php?JigyosyoCd=2754980023-00&ServiceCd=520&action_kouhyou_detail_027_kihon=true
767,富田林市介護老人保健施設,介護老人保健施設,富田林市向陽台一丁目４番３０号,富田林市,2754980015,520,seed_code,1.0,空床取得可能,7,73,0,2025-12-25,7/73人,厚労省公式,https://www.kaigokensaku.mhlw.go.jp/27/index.php?JigyosyoCd=2754980015-00&ServiceCd=520&action_kouhyou_detail_feature_index=true,https://www.kaigokensaku.mhlw.go.jp/27/index.php?JigyosyoCd=2754980015-00&ServiceCd=520&action_kouhyou_detail_027_kani=true,,2026-10-01T05:08:54+09:00,200,200,ok,,https://www.kaigokensaku.mhlw.go.jp/27/index.php?JigyosyoCd=2754980015-00&ServiceCd=520&action_kouhyou_detail_feature_index=true,https://www.kaigokensaku.mhlw.go.jp/27/index.php?JigyosyoCd=2754980015-00&ServiceCd=520&action_kouhyou_detail_027_kihon=true
768,介護老人保健施設 ハーモニィー,介護老人保健施設,寝屋川市寝屋２丁目１４番９号,寝屋川市,2750380020,520,seed_code,1.0,待機人数のみ取得可能,,100,0,2025-03-04,0/0人,,,https://www.kaigokensaku.mhlw.go.jp/27/index.php?JigyosyoCd=2750380020-00&ServiceCd=520&action_kouhyou_detail_027_kani=true,http://www.ichiyukai.jp/harmony/,2026-10-01T05:08:58+09:00,200,200,ok,,https://www.kaigokensaku.mhlw.go.jp/27/index.php?JigyosyoCd=2750380020-00&ServiceCd=520&action_kouhyou_detail_feature_index=true,https://www.kaigokensaku.mhlw.go.jp/27/index.php?JigyosyoCd=2750380020-00&ServiceCd=520&action_kouhyou_detail_027_kihon=true
769,医療法人協仁会 介護老人保健施設 松柏苑,介護老人保健施設,寝屋川市川勝町１１－２７,寝屋川市,2750380012,520,seed_code,1.0,待機人数のみ取得可能,,100,2,2025-10-11,0/0人,,,https://www.kaigokensaku.mhlw.go.jp/27/index.php?JigyosyoCd=2750380012-00&ServiceCd=520&action_kouhyou_detail_027_kani=true,http://www.komatsu.or.jp,2026-10-01T05:09:03+09:00,200,200,ok,,https://www.kaigokensaku.mhlw.go.jp/27/index.php?JigyosyoCd=2750380012-00&ServiceCd=520&action_kouhyou_detail_feature_index=true,https://www.kaigokensaku.mhlw.go.jp/27/index.php?JigyosyoCd=2750380012-00&ServiceCd=520&action_kouhyou_detail_027_kihon=true
770,介護老人保健施設くすのき,介護老人保健施設,寝屋川市葛原1丁目29番13号,寝屋川市,2750380053,520,seed_code,1.0,待機人数のみ取得可能,,100,11,2025-10-19,0/0人,,,https://www.kaigokensaku.mhlw.go.jp/27/index.php?JigyosyoCd=2750380053-00&ServiceCd=520&action_kouhyou_detail_027_kihon=true,http://www.kusunokiiin.com,2026-10-01T05:09:11+09:00,200,200,ok,,https://www.kaigokensaku.mhlw.go.jp/27/index.php?JigyosyoCd=2750380053-00&ServiceCd=520&action_kouhyou_detail_feature_index=true,https://www.kaigokensaku.mhlw.go.jp/27/index.php?JigyosyoCd=2750380053-00&ServiceCd=520&action_kouhyou_detail_027_kihon=true
771,医療法人 大雲会 介護老人保健施設 点野やすらぎの里,介護老人保健施設,寝屋川市点野1丁目1番26号,寝屋川市,2750380038,520,seed_code,1.0,空床取得可能,10,100,10,2025-10-19,10/100人,厚労省公式,https://www.kaigokensaku.mhlw.go.jp/27/index.php?JigyosyoCd=2750380038-00&ServiceCd=520&action_kouhyou_detail_feature_index=true,https://www.kaigokensaku.mhlw.go.jp/27/index.php?JigyosyoCd=2750380038-00&ServiceCd=520&action_kouhyou_detail_027_kani=true,,2026-10-01T05:09:17+09:00,200,200,ok,,https://www.kaigokensaku.mhlw.go.jp/27/index.php?JigyosyoCd=2750380038-00&ServiceCd=520&action_kouhyou_detail_feature_index=true,https://www.kaigokensaku.mhlw.go.jp/27/index.php?JigyosyoCd=2750380038-00&ServiceCd=520&action_kouhyou_detail_027_kihon=true
772,医療法人生登会 かわちながの介護老人保健施設 てらもと総合福祉センター,介護老人保健施設,河内長野市 小山田町 1701番地の1,河内長野市,2750780013,520,seed_code,1.0,空床取得可能,23,100,0,2022-12-22,23/100人,厚労省公式,https://www.kaigokensaku.mhlw.go.jp/27/index.php?JigyosyoCd=2750780013-00&ServiceCd=520&action_kouhyou_detail_feature_index=true,https://www.kaigokensaku.mhlw.go.jp/27/index.php?JigyosyoCd=2750780013-00&ServiceCd=520&action_kouhyou_detail_027_kani=true,,2026-10-01T05:09:21+09:00,200,200,ok,,https://www.kaigokensaku.mhlw.go.jp/27/index.php?JigyosyoCd=2750780013-00&ServiceCd=520&action_kouhyou_detail_feature_index=true,https://www.kaigokensaku.mhlw.go.jp/27/index.php?JigyosyoCd=2750780013-00&ServiceCd=520&action_kouhyou_detail_027_kihon=true
773,介護老人保健施設 寿里苑フェリス,介護老人保健施設,河内長野市加賀田885-2,河内長野市,2750780039,520,seed_code,1.0,空床取得可能,2,90,0,2025-03-07,2/90人,厚労省公式,https://www.kaigokensaku.mhlw.go.jp/27/index.php?JigyosyoCd=2750780039-00&ServiceCd=520&action_kouhyou_detail_feature_index=true,https://www.kaigokensaku.mhlw.go.jp/27/index.php?JigyosyoCd=2750780039-00&ServiceCd=520&action_kouhyou_detail_027_kani=true,,2026-10-01T05:09:24+09:00,200,200,ok,,https://www.kaigokensaku.mhlw.go.jp/27/index.php?JigyosyoCd=2750780039-00&ServiceCd=520&action_kouhyou_detail_feature_index=true,https://www.kaigokensaku.mhlw.go.jp/27/index.php?JigyosyoCd=2750780039-00&ServiceCd=520&action_kouhyou_detail_027_kihon=true
774,介護老人保健施設あかしあ,介護老人保健施設,河内長野市あかしあ台２丁目６番１１号,河内長野市,2750780021,520,seed_code,1.0,待機人数のみ取得可能,,70,5,2025-10-08,0/0人,,,https://www.kaigokensaku.mhlw.go.jp/27/index.php?JigyosyoCd=2750780021-00&ServiceCd=520&action_kouhyou_detail_027_kihon=true,http://www.aoyama-med.gr.jp/ontoku-welfare/akashia/,2026-10-01T05:09:28+09:00,200,200,ok,,https://www.kaigokensaku.mhlw.go.jp/27/index.php?JigyosyoCd=2750780021-00&ServiceCd=520&action_kouhyou_detail_feature_index=true,https://www.kaigokensaku.mhlw.go.jp/27/index.php?JigyosyoCd=2750780021-00&ServiceCd=520&action_kouhyou_detail_027_kihon=true
775,介護老人保健施設 松原徳洲苑,介護老人保健施設,松原市天美東7丁目103番地,松原市,2754880017,520,mhlw_name_address,1.0,空床取得可能,2,150,0,2017-09-29,2/150人,厚労省公式,https://www.kaigokensaku.mhlw.go.jp/27/index.php?JigyosyoCd=2754880017-00&ServiceCd=520&action_kouhyou_detail_feature_index=true,https://www.kaigokensaku.mhlw.go.jp/27/index.php?JigyosyoCd=2754880017-00&ServiceCd=520&action_kouhyou_detail_027_kani=true,,2026-10-01T05:09:33+09:00,200,200,ok,,https://www.kaigokensaku.mhlw.go.jp/27/index.php?JigyosyoCd=2754880017-00&ServiceCd=520&action_kouhyou_detail_feature_index=true,https://www.kaigokensaku.mhlw.go.jp/27/index.php?JigyosyoCd=2754880017-00&ServiceCd=520&action_kouhyou_detail_027_kihon=true
776,介護老人保健施設 竜間之郷,介護老人保健施設,大東市大字龍間1595-7,大東市,2751980018,520,seed_code,1.0,待機人数のみ取得可能,,100,0,2021-11-18,0/0人,,,https://www.kaigokensaku.mhlw.go.jp/27/index.php?JigyosyoCd=2751980018-00&ServiceCd=520&action_kouhyou_detail_027_kani=true,https://www.wakakoukai.or.jp/tatsumanosato/,2026-10-01T05:09:36+09:00,200,200,ok,,https://www.kaigokensaku.mhlw.go.jp/27/index.php?JigyosyoCd=2751980018-00&ServiceCd=520&action_kouhyou_detail_feature_index=true,https://www.kaigokensaku.mhlw.go.jp/27/index.php?JigyosyoCd=2751980018-00&ServiceCd=520&action_kouhyou_detail_027_kihon=true
777,介護老人保健施設阪奈苑,介護老人保健施設,大東市寺川１丁目１番１号,大東市,2751980026,520,seed_code,1.0,空床取得可能,3,95,0,2024-12-23,3/95人,厚労省公式,https://www.kaigokensaku.mhlw.go.jp/27/index.php?JigyosyoCd=2751980026-00&ServiceCd=520&action_kouhyou_detail_feature_index=true,https://www.kaigokensaku.mhlw.go.jp/27/index.php?JigyosyoCd=2751980026-00&ServiceCd=520&action_kouhyou_detail_027_kani=true,,2026-10-01T05:10:05+09:00,200,200,ok,,https://www.kaigokensaku.mhlw.go.jp/27/index.php?JigyosyoCd=2751980026-00&ServiceCd=520&action_kouhyou_detail_feature_index=true,https://www.kaigokensaku.mhlw.go.jp/27/index.php?JigyosyoCd=2751980026-00&ServiceCd=520&action_kouhyou_detail_027_kihon=true
778,介護老人保健施設 サンガーデン府中,介護老人保健施設,和泉市山荘町2-1-15,和泉市,2750580017,520,seed_code,1.0,空床取得可能,15,120,0,2025-10-20,15/120人,厚労省公式,https://www.kaigokensaku.mhlw.go.jp/27/index.php?JigyosyoCd=2750580017-00&ServiceCd=520&action_kouhyou_detail_feature_index=true,https://www.kaigokensaku.mhlw.go.jp/27/index.php?JigyosyoCd=2750580017-00&ServiceCd=520&action_kouhyou_detail_027_kani=true,,2026-10-01T05:10:09+09:00,200,200,ok,,https://www.kaigokensaku.mhlw.go.jp/27/index.php?JigyosyoCd=2750580017-00&ServiceCd=520&action_kouhyou_detail_feature_index=true,https://www.kaigokensaku.mhlw.go.jp/27/index.php?JigyosyoCd=2750580017-00&ServiceCd=520&action_kouhyou_detail_027_kihon=true
779,介護老人保健施設 プリムラ和泉,介護老人保健施設,和泉市松尾寺町３３０番地,和泉市,2750580025,520,seed_code,1.0,空床取得可能,2,84,3,2019-10-08,2/100人,厚労省公式,https://www.kaigokensaku.mhlw.go.jp/27/index.php?JigyosyoCd=2750580025-00&ServiceCd=520&action_kouhyou_detail_feature_index=true,https://www.kaigokensaku.mhlw.go.jp/27/index.php?JigyosyoCd=2750580025-00&ServiceCd=520&action_kouhyou_detail_027_kani=true,,2026-10-01T05:10:12+09:00,200,200,ok,,https://www.kaigokensaku.mhlw.go.jp/27/index.php?JigyosyoCd=2750580025-00&ServiceCd=520&action_kouhyou_detail_feature_index=true,https://www.kaigokensaku.mhlw.go.jp/27/index.php?JigyosyoCd=2750580025-00&ServiceCd=520&action_kouhyou_detail_027_kihon=true
780,介護老人保健施設 くろいし,介護老人保健施設,和泉市黒石町５６６番1,和泉市,2750580041,520,seed_code,1.0,空床取得可能,3,80,0,2025-01-23,3/80人,厚労省公式,https://www.kaigokensaku.mhlw.go.jp/27/index.php?JigyosyoCd=2750580041-00&ServiceCd=520&action_kouhyou_detail_feature_index=true,https://www.kaigokensaku.mhlw.go.jp/27/index.php?JigyosyoCd=2750580041-00&ServiceCd=520&action_kouhyou_detail_027_kani=true,,2026-10-01T05:10:15+09:00,200,200,ok,,https://www.kaigokensaku.mhlw.go.jp/27/index.php?JigyosyoCd=2750580041-00&ServiceCd=520&action_kouhyou_detail_feature_index=true,https://www.kaigokensaku.mhlw.go.jp/27/index.php?JigyosyoCd=2750580041-00&ServiceCd=520&action_kouhyou_detail_027_kihon=true
781,医療法人和泉会介護老人保健施設ザ・シーズン,介護老人保健施設,和泉市若樫町３０番１,和泉市,2750580033,520,seed_code,1.0,空床取得可能,3,80,3,2026-09-29,空室状況は 03 床,施設公式HP,http://www.theseason.jp,https://www.kaigokensaku.mhlw.go.jp/27/index.php?JigyosyoCd=2750580033-00&ServiceCd=520&action_kouhyou_detail_027_kani=true,http://www.theseason.jp,2026-10-01T05:10:19+09:00,200,200,ok,,https://www.kaigokensaku.mhlw.go.jp/27/index.php?JigyosyoCd=2750580033-00&ServiceCd=520&action_kouhyou_detail_feature_index=true,https://www.kaigokensaku.mhlw.go.jp/27/index.php?JigyosyoCd=2750580033-00&ServiceCd=520&action_kouhyou_detail_027_kihon=true
782,社会医療法人ペガサス 介護療養型老人保健施設 エクウス,介護老人保健施設,和泉市上町81番地,和泉市,2750580058,520,seed_code,1.0,空床取得可能,0,60,2,2025-10-09,0/60人,厚労省公式,https://www.kaigokensaku.mhlw.go.jp/27/index.php?JigyosyoCd=2750580058-00&ServiceCd=520&action_kouhyou_detail_feature_index=true,https://www.kaigokensaku.mhlw.go.jp/27/index.php?JigyosyoCd=2750580058-00&ServiceCd=520&action_kouhyou_detail_027_kani=true,,2026-10-01T05:10:24+09:00,200,200,ok,,https://www.kaigokensaku.mhlw.go.jp/27/index.php?JigyosyoCd=2750580058-00&ServiceCd=520&action_kouhyou_detail_feature_index=true,https://www.kaigokensaku.mhlw.go.jp/27/index.php?JigyosyoCd=2750580058-00&ServiceCd=520&action_kouhyou_detail_027_kihon=true
783,介護老人保健施設 ラ・アケソニア,介護老人保健施設,箕面市白島1丁目19-3,箕面市,2751480043,520,seed_code,1.0,空床取得可能,5,100,2,2025-10-05,5/100人,厚労省公式,https://www.kaigokensaku.mhlw.go.jp/27/index.php?JigyosyoCd=2751480043-00&ServiceCd=520&action_kouhyou_detail_feature_index=true,https://www.kaigokensaku.mhlw.go.jp/27/index.php?JigyosyoCd=2751480043-00&ServiceCd=520&action_kouhyou_detail_027_kani=true,,2026-10-01T05:10:28+09:00,200,200,ok,,https://www.kaigokensaku.mhlw.go.jp/27/index.php?JigyosyoCd=2751480043-00&ServiceCd=520&action_kouhyou_detail_feature_index=true,https://www.kaigokensaku.mhlw.go.jp/27/index.php?JigyosyoCd=2751480043-00&ServiceCd=520&action_kouhyou_detail_027_kihon=true
784,社会医療法人寿楽会 介護老人保健施設箕面グリーンビィラ,介護老人保健施設,箕面市粟生間谷東１－３３－２５,箕面市,2751480027,520,seed_code,1.0,空床取得可能,10,100,0,2025-10-17,10/100人,厚労省公式,https://www.kaigokensaku.mhlw.go.jp/27/index.php?JigyosyoCd=2751480027-00&ServiceCd=520&action_kouhyou_detail_feature_index=true,https://www.kaigokensaku.mhlw.go.jp/27/index.php?JigyosyoCd=2751480027-00&ServiceCd=520&action_kouhyou_detail_027_kani=true,,2026-10-01T05:10:31+09:00,200,200,ok,,https://www.kaigokensaku.mhlw.go.jp/27/index.php?JigyosyoCd=2751480027-00&ServiceCd=520&action_kouhyou_detail_feature_index=true,https://www.kaigokensaku.mhlw.go.jp/27/index.php?JigyosyoCd=2751480027-00&ServiceCd=520&action_kouhyou_detail_027_kihon=true
785,箕面市立介護老人保健施設,介護老人保健施設,箕面市萱野５丁目８番２号,箕面市,2751480019,520,seed_code,1.0,空床取得可能,4,100,0,2025-10-31,4/100人,厚労省公式,https://www.kaigokensaku.mhlw.go.jp/27/index.php?JigyosyoCd=2751480019-00&ServiceCd=520&action_kouhyou_detail_feature_index=true,https://www.kaigokensaku.mhlw.go.jp/27/index.php?JigyosyoCd=2751480019-00&ServiceCd=520&action_kouhyou_detail_027_kani=true,,2026-10-01T05:10:35+09:00,200,200,ok,,https://www.kaigokensaku.mhlw.go.jp/27/index.php?JigyosyoCd=2751480019-00&ServiceCd=520&action_kouhyou_detail_feature_index=true,https://www.kaigokensaku.mhlw.go.jp/27/index.php?JigyosyoCd=2751480019-00&ServiceCd=520&action_kouhyou_detail_027_kihon=true
786,介護老人保健施設 ニューライフガラシア,介護老人保健施設,箕面市 粟生間谷西 ６－１４－１,箕面市,2751480035,520,seed_code,1.0,空床取得可能,2,70,5,2025-10-20,2/70人,厚労省公式,https://www.kaigokensaku.mhlw.go.jp/27/index.php?JigyosyoCd=2751480035-00&ServiceCd=520&action_kouhyou_detail_feature_index=true,https://www.kaigokensaku.mhlw.go.jp/27/index.php?JigyosyoCd=2751480035-00&ServiceCd=520&action_kouhyou_detail_027_kani=true,,2026-10-01T05:10:38+09:00,200,200,ok,,https://www.kaigokensaku.mhlw.go.jp/27/index.php?JigyosyoCd=2751480035-00&ServiceCd=520&action_kouhyou_detail_feature_index=true,https://www.kaigokensaku.mhlw.go.jp/27/index.php?JigyosyoCd=2751480035-00&ServiceCd=520&action_kouhyou_detail_027_kihon=true
787,介護老人保健施設 知恵の和苑,介護老人保健施設,柏原市古町3-2-17,柏原市,2754680029,520,mhlw_name_address,1.0,空床取得可能,70,70,0,2026-07-14,空き状況であり、入退所は日々変動しております。入所定員:70床,施設公式HP,https://jinyuukai.or.jp/chienowaen/recruit/news/%e7%a9%ba%e5%ba%8a%e6%83%85%e5%a0%b1-41/,https://www.kaigokensaku.mhlw.go.jp/27/index.php?JigyosyoCd=2754680029-00&ServiceCd=520&action_kouhyou_detail_027_kani=true,http://jinyuukai.or.jp/chienowaen/,2026-10-01T05:10:41+09:00,200,200,ok,,https://www.kaigokensaku.mhlw.go.jp/27/index.php?JigyosyoCd=2754680029-00&ServiceCd=520&action_kouhyou_detail_feature_index=true,https://www.kaigokensaku.mhlw.go.jp/27/index.php?JigyosyoCd=2754680029-00&ServiceCd=520&action_kouhyou_detail_027_kihon=true
788,介護老人保健施設ローズウッド国分,介護老人保健施設,柏原市旭ヶ丘4丁目672番地,柏原市,2754680011,520,seed_code,1.0,待機人数のみ取得可能,,29,0,2025-03-26,0/0人,,,https://www.kaigokensaku.mhlw.go.jp/27/index.php?JigyosyoCd=2754680011-00&ServiceCd=520&action_kouhyou_detail_027_kani=true,https://kokubu-byouin.jp/,2026-10-01T05:10:50+09:00,200,200,ok,,https://www.kaigokensaku.mhlw.go.jp/27/index.php?JigyosyoCd=2754680011-00&ServiceCd=520&action_kouhyou_detail_feature_index=true,https://www.kaigokensaku.mhlw.go.jp/27/index.php?JigyosyoCd=2754680011-00&ServiceCd=520&action_kouhyou_detail_027_kihon=true
789,介護老人保健施設 悠々亭,介護老人保健施設,羽曳野市樫山100番地の1,羽曳野市,2753880018,520,seed_code,1.0,待機人数のみ取得可能,,100,0,,0/0人,,,https://www.kaigokensaku.mhlw.go.jp/27/index.php?JigyosyoCd=2753880018-00&ServiceCd=520&action_kouhyou_detail_027_kani=true,http://www.hearthul-health.or.jp/,2026-10-01T05:10:56+09:00,200,200,ok,,https://www.kaigokensaku.mhlw.go.jp/27/index.php?JigyosyoCd=2753880018-00&ServiceCd=520&action_kouhyou_detail_feature_index=true,https://www.kaigokensaku.mhlw.go.jp/27/index.php?JigyosyoCd=2753880018-00&ServiceCd=520&action_kouhyou_detail_027_kihon=true
790,介護老人保健施設まほろば,介護老人保健施設,羽曳野市誉田三丁目１５番６号,羽曳野市,2753880026,520,seed_code,1.0,空床取得可能,,100,6,2026-09-23,空きあり △,施設公式HP,https://soujinkai-m.jp/availability,https://www.kaigokensaku.mhlw.go.jp/27/index.php?JigyosyoCd=2753880026-00&ServiceCd=520&action_kouhyou_detail_027_kihon=true,https://soujinkai-m.jp/,2026-10-01T05:10:59+09:00,200,200,ok,,https://www.kaigokensaku.mhlw.go.jp/27/index.php?JigyosyoCd=2753880026-00&ServiceCd=520&action_kouhyou_detail_feature_index=true,https://www.kaigokensaku.mhlw.go.jp/27/index.php?JigyosyoCd=2753880026-00&ServiceCd=520&action_kouhyou_detail_027_kihon=true
791,医療法人昌円会 老人保健施設あったか村,介護老人保健施設,羽曳野市恵我之荘3-2-4,羽曳野市,2753880034,520,seed_code,1.0,空床取得可能,1,100,0,2025-09-30,1/100人,厚労省公式,https://www.kaigokensaku.mhlw.go.jp/27/index.php?JigyosyoCd=2753880034-00&ServiceCd=520&action_kouhyou_detail_feature_index=true,https://www.kaigokensaku.mhlw.go.jp/27/index.php?JigyosyoCd=2753880034-00&ServiceCd=520&action_kouhyou_detail_027_kani=true,,2026-10-01T05:11:06+09:00,200,200,ok,,https://www.kaigokensaku.mhlw.go.jp/27/index.php?JigyosyoCd=2753880034-00&ServiceCd=520&action_kouhyou_detail_feature_index=true,https://www.kaigokensaku.mhlw.go.jp/27/index.php?JigyosyoCd=2753880034-00&ServiceCd=520&action_kouhyou_detail_027_kihon=true
792,医療法人昌円会 介護老人保健施設宙,介護老人保健施設,羽曳野市恵我之荘3-1-3,羽曳野市,2753880042,520,seed_code,1.0,空床取得可能,1,58,0,2026-09-28,1/58人,厚労省公式,https://www.kaigokensaku.mhlw.go.jp/27/index.php?JigyosyoCd=2753880042-00&ServiceCd=520&action_kouhyou_detail_feature_index=true,https://www.kaigokensaku.mhlw.go.jp/27/index.php?JigyosyoCd=2753880042-00&ServiceCd=520&action_kouhyou_detail_027_kani=true,,2026-10-01T05:11:10+09:00,200,200,ok,,https://www.kaigokensaku.mhlw.go.jp/27/index.php?JigyosyoCd=2753880042-00&ServiceCd=520&action_kouhyou_detail_feature_index=true,https://www.kaigokensaku.mhlw.go.jp/27/index.php?JigyosyoCd=2753880042-00&ServiceCd=520&action_kouhyou_detail_027_kihon=true
793,介護老人保健施設 摂南の郷,介護老人保健施設,門真市柳町3－33,門真市,2752680013,520,seed_code,1.0,待機人数のみ取得可能,,120,10,2021-02-04,0/0人,,,https://www.kaigokensaku.mhlw.go.jp/27/index.php?JigyosyoCd=2752680013-00&ServiceCd=520&action_kouhyou_detail_027_kani=true,http://www.setsunan.or.jp,2026-10-01T05:11:13+09:00,200,200,ok,,https://www.kaigokensaku.mhlw.go.jp/27/index.php?JigyosyoCd=2752680013-00&ServiceCd=520&action_kouhyou_detail_feature_index=true,https://www.kaigokensaku.mhlw.go.jp/27/index.php?JigyosyoCd=2752680013-00&ServiceCd=520&action_kouhyou_detail_027_kihon=true
794,門真老健ひかり,介護老人保健施設,門真市北岸和田1丁目14-23,門真市,2752680021,520,mhlw_name_address,1.0,待機人数のみ取得可能,,100,3,2021-12-27,0/0人,,,https://www.kaigokensaku.mhlw.go.jp/27/index.php?JigyosyoCd=2752680021-00&ServiceCd=520&action_kouhyou_detail_027_kihon=true,https://hakuyukai-hmc.com,2026-10-01T05:11:20+09:00,200,200,ok,,https://www.kaigokensaku.mhlw.go.jp/27/index.php?JigyosyoCd=2752680021-00&ServiceCd=520&action_kouhyou_detail_feature_index=true,https://www.kaigokensaku.mhlw.go.jp/27/index.php?JigyosyoCd=2752680021-00&ServiceCd=520&action_kouhyou_detail_027_kihon=true
795,介護老人保健施設 蒼の里,介護老人保健施設,門真市島頭3-1-15,門真市,2752680039,520,seed_code,1.0,空床取得可能,0,80,0,2024-12-22,0/80人,厚労省公式,https://www.kaigokensaku.mhlw.go.jp/27/index.php?JigyosyoCd=2752680039-00&ServiceCd=520&action_kouhyou_detail_feature_index=true,https://www.kaigokensaku.mhlw.go.jp/27/index.php?JigyosyoCd=2752680039-00&ServiceCd=520&action_kouhyou_detail_027_kani=true,,2026-10-01T05:11:28+09:00,200,200,ok,,https://www.kaigokensaku.mhlw.go.jp/27/index.php?JigyosyoCd=2752680039-00&ServiceCd=520&action_kouhyou_detail_feature_index=true,https://www.kaigokensaku.mhlw.go.jp/27/index.php?JigyosyoCd=2752680039-00&ServiceCd=520&action_kouhyou_detail_027_kihon=true
796,老人保健施設 老健ひかり,介護老人保健施設,摂津市東別府五丁目2番45号,摂津市,2753780028,520,seed_code,1.0,待機人数のみ取得可能,,100,5,2025-02-03,0/0人,,,https://www.kaigokensaku.mhlw.go.jp/27/index.php?JigyosyoCd=2753780028-00&ServiceCd=520&action_kouhyou_detail_027_kani=true,http://settsu-roken-hikari.jp,2026-10-01T05:11:31+09:00,200,200,ok,,https://www.kaigokensaku.mhlw.go.jp/27/index.php?JigyosyoCd=2753780028-00&ServiceCd=520&action_kouhyou_detail_feature_index=true,https://www.kaigokensaku.mhlw.go.jp/27/index.php?JigyosyoCd=2753780028-00&ServiceCd=520&action_kouhyou_detail_027_kihon=true
797,医療法人医誠会介護老人保健施設エスペラル摂津,介護老人保健施設,摂津市南千里丘1番24号介護老人保健施設エスペラル摂津,摂津市,2753780010,520,seed_code,1.0,待機人数のみ取得可能,,72,0,2025-10-07,0/0人,,,https://www.kaigokensaku.mhlw.go.jp/27/index.php?JigyosyoCd=2753780010-00&ServiceCd=520&action_kouhyou_detail_027_kani=true,http://www.esp-settsu.com/,2026-10-01T05:11:38+09:00,200,200,ok,,https://www.kaigokensaku.mhlw.go.jp/27/index.php?JigyosyoCd=2753780010-00&ServiceCd=520&action_kouhyou_detail_feature_index=true,https://www.kaigokensaku.mhlw.go.jp/27/index.php?JigyosyoCd=2753780010-00&ServiceCd=520&action_kouhyou_detail_027_kihon=true
798,高石市立老人保健施設,介護老人保健施設,高石市羽衣４丁目４番２６号,高石市,2755380025,520,seed_code,1.0,空床取得可能,,100,17,2026-09-28,空き、△,施設公式HP,https://takaishi-lifecare.org/k/firsttime/availability/,https://www.kaigokensaku.mhlw.go.jp/27/index.php?JigyosyoCd=2755380025-00&ServiceCd=520&action_kouhyou_detail_027_kihon=true,https://takaishi-lifecare.org/k/,2026-10-01T05:11:45+09:00,200,200,ok,,https://www.kaigokensaku.mhlw.go.jp/27/index.php?JigyosyoCd=2755380025-00&ServiceCd=520&action_kouhyou_detail_feature_index=true,https://www.kaigokensaku.mhlw.go.jp/27/index.php?JigyosyoCd=2755380025-00&ServiceCd=520&action_kouhyou_detail_027_kihon=true
799,介護老人保健施設 サンシャイン高石,介護老人保健施設,高石市取石５丁目８番３８号,高石市,2755380017,520,seed_code,1.0,待機人数のみ取得可能,,70,10,2023-10-18,0/0人,,,https://www.kaigokensaku.mhlw.go.jp/27/index.php?JigyosyoCd=2755380017-00&ServiceCd=520&action_kouhyou_detail_027_kani=true,http://www.itokukai.com,2026-10-01T05:11:51+09:00,200,200,ok,,https://www.kaigokensaku.mhlw.go.jp/27/index.php?JigyosyoCd=2755380017-00&ServiceCd=520&action_kouhyou_detail_feature_index=true,https://www.kaigokensaku.mhlw.go.jp/27/index.php?JigyosyoCd=2755380017-00&ServiceCd=520&action_kouhyou_detail_027_kihon=true
800,高石市立,介護老人保健施設,高石市羽衣4丁目4番26号,高石市,2755380025,520,seed_code,1.0,空床取得可能,,100,17,2026-09-28,空き、△,施設公式HP,https://takaishi-lifecare.org/k/firsttime/availability/,https://www.kaigokensaku.mhlw.go.jp/27/index.php?JigyosyoCd=2755380025-00&ServiceCd=520&action_kouhyou_detail_027_kihon=true,https://takaishi-lifecare.org/k/,2026-10-01T05:11:55+09:00,200,200,ok,,https://www.kaigokensaku.mhlw.go.jp/27/index.php?JigyosyoCd=2755380025-00&ServiceCd=520&action_kouhyou_detail_feature_index=true,https://www.kaigokensaku.mhlw.go.jp/27/index.php?JigyosyoCd=2755380025-00&ServiceCd=520&action_kouhyou_detail_027_kihon=true
801,介護老人保健施設ふじいでら,介護老人保健施設,藤井寺市野中1丁目103番１,藤井寺市,2753480025,520,seed_code,1.0,待機人数のみ取得可能,,100,7,2025-10-05,0/0人,,,https://www.kaigokensaku.mhlw.go.jp/27/index.php?JigyosyoCd=2753480025-00&ServiceCd=520&action_kouhyou_detail_027_kihon=true,https://www.ontoku.or.jp/facilities/fujiidera-stay/,2026-10-01T05:12:03+09:00,200,200,ok,,https://www.kaigokensaku.mhlw.go.jp/27/index.php?JigyosyoCd=2753480025-00&ServiceCd=520&action_kouhyou_detail_feature_index=true,https://www.kaigokensaku.mhlw.go.jp/27/index.php?JigyosyoCd=2753480025-00&ServiceCd=520&action_kouhyou_detail_027_kihon=true
802,介護老人保健施設ベルフラワー,介護老人保健施設,東大阪市東鴻池町２－３－２２,東大阪市,2755080054,520,seed_code,1.0,空床取得可能,10,150,0,2025-03-21,10/150人,厚労省公式,https://www.kaigokensaku.mhlw.go.jp/27/index.php?JigyosyoCd=2755080054-00&ServiceCd=520&action_kouhyou_detail_feature_index=true,https://www.kaigokensaku.mhlw.go.jp/27/index.php?JigyosyoCd=2755080054-00&ServiceCd=520&action_kouhyou_detail_027_kani=true,,2026-10-01T05:12:10+09:00,200,200,ok,,https://www.kaigokensaku.mhlw.go.jp/27/index.php?JigyosyoCd=2755080054-00&ServiceCd=520&action_kouhyou_detail_feature_index=true,https://www.kaigokensaku.mhlw.go.jp/27/index.php?JigyosyoCd=2755080054-00&ServiceCd=520&action_kouhyou_detail_027_kihon=true
803,介護老人保健施設 玉串すみれ苑,介護老人保健施設,東大阪市玉串町西３丁目２番３号,東大阪市,2755080104,520,seed_code,1.0,空床取得可能,0,73,0,2023-10-20,0/100人,厚労省公式,https://www.kaigokensaku.mhlw.go.jp/27/index.php?JigyosyoCd=2755080104-00&ServiceCd=520&action_kouhyou_detail_feature_index=true,https://www.kaigokensaku.mhlw.go.jp/27/index.php?JigyosyoCd=2755080104-00&ServiceCd=520&action_kouhyou_detail_027_kani=true,,2026-10-01T05:12:14+09:00,200,200,ok,,https://www.kaigokensaku.mhlw.go.jp/27/index.php?JigyosyoCd=2755080104-00&ServiceCd=520&action_kouhyou_detail_feature_index=true,https://www.kaigokensaku.mhlw.go.jp/27/index.php?JigyosyoCd=2755080104-00&ServiceCd=520&action_kouhyou_detail_027_kihon=true
804,介護老人保健施設 五十忠,介護老人保健施設,東大阪市御幸町3-34,東大阪市,2755080120,520,seed_code,1.0,空床取得可能,5,100,11,2026-09-22,5/100人,厚労省公式,https://www.kaigokensaku.mhlw.go.jp/27/index.php?JigyosyoCd=2755080120-00&ServiceCd=520&action_kouhyou_detail_feature_index=true,https://www.kaigokensaku.mhlw.go.jp/27/index.php?JigyosyoCd=2755080120-00&ServiceCd=520&action_kouhyou_detail_027_kihon=true,,2026-10-01T05:12:17+09:00,200,200,ok,,https://www.kaigokensaku.mhlw.go.jp/27/index.php?JigyosyoCd=2755080120-00&ServiceCd=520&action_kouhyou_detail_feature_index=true,https://www.kaigokensaku.mhlw.go.jp/27/index.php?JigyosyoCd=2755080120-00&ServiceCd=520&action_kouhyou_detail_027_kihon=true
805,介護老人保健施設 プレシオ,介護老人保健施設,東大阪市長堂3丁目2-11,東大阪市,2755080138,520,mhlw_name_address,1.0,空床取得可能,20,100,12,2025-02-22,20/100人,厚労省公式,https://www.kaigokensaku.mhlw.go.jp/27/index.php?JigyosyoCd=2755080138-00&ServiceCd=520&action_kouhyou_detail_feature_index=true,https://www.kaigokensaku.mhlw.go.jp/27/index.php?JigyosyoCd=2755080138-00&ServiceCd=520&action_kouhyou_detail_027_kihon=true,,2026-10-01T05:12:21+09:00,200,200,ok,,https://www.kaigokensaku.mhlw.go.jp/27/index.php?JigyosyoCd=2755080138-00&ServiceCd=520&action_kouhyou_detail_feature_index=true,https://www.kaigokensaku.mhlw.go.jp/27/index.php?JigyosyoCd=2755080138-00&ServiceCd=520&action_kouhyou_detail_027_kihon=true
806,介護老人保健施設長田の里,介護老人保健施設,東大阪市長田東1丁目3番5号,東大阪市,2755080088,520,seed_code,1.0,空床取得可能,0,99,0,2024-12-02,0/99人,厚労省公式,https://www.kaigokensaku.mhlw.go.jp/27/index.php?JigyosyoCd=2755080088-00&ServiceCd=520&action_kouhyou_detail_feature_index=true,https://www.kaigokensaku.mhlw.go.jp/27/index.php?JigyosyoCd=2755080088-00&ServiceCd=520&action_kouhyou_detail_027_kani=true,,2026-10-01T05:12:24+09:00,200,200,ok,,https://www.kaigokensaku.mhlw.go.jp/27/index.php?JigyosyoCd=2755080088-00&ServiceCd=520&action_kouhyou_detail_feature_index=true,https://www.kaigokensaku.mhlw.go.jp/27/index.php?JigyosyoCd=2755080088-00&ServiceCd=520&action_kouhyou_detail_027_kihon=true
807,介護老人保健施設 アーバンケア,介護老人保健施設,東大阪市御厨東１丁目９番５５号,東大阪市,2755080096,520,seed_code,1.0,待機人数のみ取得可能,,99,5,2025-10-16,0/0人,,,https://www.kaigokensaku.mhlw.go.jp/27/index.php?JigyosyoCd=2755080096-00&ServiceCd=520&action_kouhyou_detail_027_kani=true,http://yoshijukai.or.jp/,2026-10-01T05:12:28+09:00,200,200,ok,,https://www.kaigokensaku.mhlw.go.jp/27/index.php?JigyosyoCd=2755080096-00&ServiceCd=520&action_kouhyou_detail_feature_index=true,https://www.kaigokensaku.mhlw.go.jp/27/index.php?JigyosyoCd=2755080096-00&ServiceCd=520&action_kouhyou_detail_027_kihon=true
808,介護老人保健施設プレジャーライフ,介護老人保健施設,東大阪市宝持３丁目1-11,東大阪市,2755080112,520,seed_code,1.0,待機人数のみ取得可能,,98,6,2016-11-25,0/0人,,,https://www.kaigokensaku.mhlw.go.jp/27/index.php?JigyosyoCd=2755080112-00&ServiceCd=520&action_kouhyou_detail_027_kihon=true,http://bishofukushikai.jp/company,2026-10-01T05:12:33+09:00,200,200,ok,,https://www.kaigokensaku.mhlw.go.jp/27/index.php?JigyosyoCd=2755080112-00&ServiceCd=520&action_kouhyou_detail_feature_index=true,https://www.kaigokensaku.mhlw.go.jp/27/index.php?JigyosyoCd=2755080112-00&ServiceCd=520&action_kouhyou_detail_027_kihon=true
809,医療法人 興世会 介護老人保健施設 石きり,介護老人保健施設,東大阪市東石切町1丁目7番27号,東大阪市,2755080070,520,mhlw_name_address,1.0,空床取得可能,0,90,2,2025-10-12,0/90人,厚労省公式,https://www.kaigokensaku.mhlw.go.jp/27/index.php?JigyosyoCd=2755080070-00&ServiceCd=520&action_kouhyou_detail_feature_index=true,https://www.kaigokensaku.mhlw.go.jp/27/index.php?JigyosyoCd=2755080070-00&ServiceCd=520&action_kouhyou_detail_027_kani=true,,2026-10-01T05:12:38+09:00,200,200,ok,,https://www.kaigokensaku.mhlw.go.jp/27/index.php?JigyosyoCd=2755080070-00&ServiceCd=520&action_kouhyou_detail_feature_index=true,https://www.kaigokensaku.mhlw.go.jp/27/index.php?JigyosyoCd=2755080070-00&ServiceCd=520&action_kouhyou_detail_027_kihon=true
810,介護老人保健施設 南荘の郷,介護老人保健施設,東大阪市南荘町１３－４０,東大阪市,2755080062,520,seed_code,1.0,空床取得可能,3,90,0,2026-03-31,3/90人,厚労省公式,https://www.kaigokensaku.mhlw.go.jp/27/index.php?JigyosyoCd=2755080062-00&ServiceCd=520&action_kouhyou_detail_feature_index=true,https://www.kaigokensaku.mhlw.go.jp/27/index.php?JigyosyoCd=2755080062-00&ServiceCd=520&action_kouhyou_detail_027_kani=true,,2026-10-01T05:12:41+09:00,200,200,ok,,https://www.kaigokensaku.mhlw.go.jp/27/index.php?JigyosyoCd=2755080062-00&ServiceCd=520&action_kouhyou_detail_feature_index=true,https://www.kaigokensaku.mhlw.go.jp/27/index.php?JigyosyoCd=2755080062-00&ServiceCd=520&action_kouhyou_detail_027_kihon=true
811,介護老人保健施設 枚岡の里,介護老人保健施設,東大阪市出雲井本町３－２５,東大阪市,2755080013,520,seed_code,1.0,空床取得可能,3,54,3,2023-10-03,3/90人,厚労省公式,https://www.kaigokensaku.mhlw.go.jp/27/index.php?JigyosyoCd=2755080013-00&ServiceCd=520&action_kouhyou_detail_feature_index=true,https://www.kaigokensaku.mhlw.go.jp/27/index.php?JigyosyoCd=2755080013-00&ServiceCd=520&action_kouhyou_detail_027_kani=true,,2026-10-01T05:12:45+09:00,200,200,ok,,https://www.kaigokensaku.mhlw.go.jp/27/index.php?JigyosyoCd=2755080013-00&ServiceCd=520&action_kouhyou_detail_feature_index=true,https://www.kaigokensaku.mhlw.go.jp/27/index.php?JigyosyoCd=2755080013-00&ServiceCd=520&action_kouhyou_detail_027_kihon=true
812,介護老人保健施設 ヴァンベール,介護老人保健施設,東大阪市岩田町４丁目２番１号,東大阪市,2755080047,520,mhlw_name_address,1.0,空床取得可能,3,85,3,2025-10-02,3/85人,厚労省公式,https://www.kaigokensaku.mhlw.go.jp/27/index.php?JigyosyoCd=2755080047-00&ServiceCd=520&action_kouhyou_detail_feature_index=true,https://www.kaigokensaku.mhlw.go.jp/27/index.php?JigyosyoCd=2755080047-00&ServiceCd=520&action_kouhyou_detail_027_kani=true,,2026-10-01T05:12:48+09:00,200,200,ok,,https://www.kaigokensaku.mhlw.go.jp/27/index.php?JigyosyoCd=2755080047-00&ServiceCd=520&action_kouhyou_detail_feature_index=true,https://www.kaigokensaku.mhlw.go.jp/27/index.php?JigyosyoCd=2755080047-00&ServiceCd=520&action_kouhyou_detail_027_kihon=true
813,医療法人康生会弥刀,介護老人保健施設,東大阪市友井3丁目3-37,東大阪市,,520,unmatched,0.0,取得不可,,,,,,,,,,2026-10-01T05:12:52+09:00,,,unmatched_no_official_page,MHLW open data could not be matched with sufficient confidence,,
814,介護老人保健施設ライフポート泉南,介護老人保健施設,泉南市りんくう南浜３番7,泉南市,2755680028,520,seed_code,1.0,空床取得可能,0,90,0,2025-10-14,0/90人,厚労省公式,https://www.kaigokensaku.mhlw.go.jp/27/index.php?JigyosyoCd=2755680028-00&ServiceCd=520&action_kouhyou_detail_feature_index=true,https://www.kaigokensaku.mhlw.go.jp/27/index.php?JigyosyoCd=2755680028-00&ServiceCd=520&action_kouhyou_detail_027_kani=true,,2026-10-01T05:12:52+09:00,200,200,ok,,https://www.kaigokensaku.mhlw.go.jp/27/index.php?JigyosyoCd=2755680028-00&ServiceCd=520&action_kouhyou_detail_feature_index=true,https://www.kaigokensaku.mhlw.go.jp/27/index.php?JigyosyoCd=2755680028-00&ServiceCd=520&action_kouhyou_detail_027_kihon=true
815,介護老人保健施設ケアセンター虹,介護老人保健施設,泉南市中小路2丁目1860番地の1,泉南市,2755680010,520,mhlw_name_address,1.0,待機人数のみ取得可能,,82,0,2025-10-15,0/0人,,,https://www.kaigokensaku.mhlw.go.jp/27/index.php?JigyosyoCd=2755680010-00&ServiceCd=520&action_kouhyou_detail_027_kani=true,http://sennan-osaka-seiai.or.jp,2026-10-01T05:12:55+09:00,200,200,ok,,https://www.kaigokensaku.mhlw.go.jp/27/index.php?JigyosyoCd=2755680010-00&ServiceCd=520&action_kouhyou_detail_feature_index=true,https://www.kaigokensaku.mhlw.go.jp/27/index.php?JigyosyoCd=2755680010-00&ServiceCd=520&action_kouhyou_detail_027_kihon=true
816,社会医療法人信愛会 介護老人保健施設 畷生会 遊々館,介護老人保健施設,四條畷市江瀬美町26番7号,四條畷市,2755780026,520,seed_code,1.0,待機人数のみ取得可能,,100,0,2025-09-27,0/0人,,,https://www.kaigokensaku.mhlw.go.jp/27/index.php?JigyosyoCd=2755780026-00&ServiceCd=520&action_kouhyou_detail_027_kani=true,http://www.tesseikai.jp/yuyukan,2026-10-01T05:13:00+09:00,200,200,ok,,https://www.kaigokensaku.mhlw.go.jp/27/index.php?JigyosyoCd=2755780026-00&ServiceCd=520&action_kouhyou_detail_feature_index=true,https://www.kaigokensaku.mhlw.go.jp/27/index.php?JigyosyoCd=2755780026-00&ServiceCd=520&action_kouhyou_detail_027_kihon=true
817,医療法人和幸会介護老人保健施設パークヒルズ田原苑,介護老人保健施設,四條畷市上田原６１３番地,四條畷市,2755780018,520,seed_code,1.0,空床取得可能,10,100,11,2025-09-27,10/10人,厚労省公式,https://www.kaigokensaku.mhlw.go.jp/27/index.php?JigyosyoCd=2755780018-00&ServiceCd=520&action_kouhyou_detail_feature_index=true,https://www.kaigokensaku.mhlw.go.jp/27/index.php?JigyosyoCd=2755780018-00&ServiceCd=520&action_kouhyou_detail_027_kani=true,,2026-10-01T05:13:05+09:00,200,200,ok,,https://www.kaigokensaku.mhlw.go.jp/27/index.php?JigyosyoCd=2755780018-00&ServiceCd=520&action_kouhyou_detail_feature_index=true,https://www.kaigokensaku.mhlw.go.jp/27/index.php?JigyosyoCd=2755780018-00&ServiceCd=520&action_kouhyou_detail_027_kihon=true
818,介護老人保健施設 逢々館かたの,介護老人保健施設,交野市私部二丁目１１番３８号,交野市,2753680012,520,seed_code,1.0,空床取得可能,2,90,0,2026-09-28,2/90人,厚労省公式,https://www.kaigokensaku.mhlw.go.jp/27/index.php?JigyosyoCd=2753680012-00&ServiceCd=520&action_kouhyou_detail_feature_index=true,https://www.kaigokensaku.mhlw.go.jp/27/index.php?JigyosyoCd=2753680012-00&ServiceCd=520&action_kouhyou_detail_027_kani=true,,2026-10-01T05:13:09+09:00,200,200,ok,,https://www.kaigokensaku.mhlw.go.jp/27/index.php?JigyosyoCd=2753680012-00&ServiceCd=520&action_kouhyou_detail_feature_index=true,https://www.kaigokensaku.mhlw.go.jp/27/index.php?JigyosyoCd=2753680012-00&ServiceCd=520&action_kouhyou_detail_027_kihon=true
819,介護老人保健施設青山,介護老人保健施設,交野市青山三丁目４３２番,交野市,,520,unmatched_ambiguous,0.64,取得不可,,,,,,,,,,2026-10-01T05:13:12+09:00,,,unmatched_no_official_page,MHLW open data could not be matched with sufficient confidence,,
820,介護老人保健施設 さやまの里,介護老人保健施設,大阪狭山市岩室２丁目１８５－１１,大阪狭山市,2759380013,520,mhlw_name_address,1.0,待機人数のみ取得可能,,75,0,2017-09-26,0/0人,,,https://www.kaigokensaku.mhlw.go.jp/27/index.php?JigyosyoCd=2759380013-00&ServiceCd=520&action_kouhyou_detail_027_kani=true,http://www.sayama.or.jp,2026-10-01T05:13:12+09:00,200,200,ok,,https://www.kaigokensaku.mhlw.go.jp/27/index.php?JigyosyoCd=2759380013-00&ServiceCd=520&action_kouhyou_detail_feature_index=true,https://www.kaigokensaku.mhlw.go.jp/27/index.php?JigyosyoCd=2759380013-00&ServiceCd=520&action_kouhyou_detail_027_kihon=true
821,医療法人藤田好生会・介護老人保健施設ふれ,介護老人保健施設,大阪狭山市東野東一丁目３００番地の１,大阪狭山市,,520,unmatched_ambiguous,0.546,取得不可,,,,,,,,,,2026-10-01T05:13:16+09:00,,,unmatched_no_official_page,MHLW open data could not be matched with sufficient confidence,,
822,介護老人保健施設 メデケアタマイ,介護老人保健施設,阪南市箱作2047-3,阪南市,2759580018,520,seed_code,1.0,待機人数のみ取得可能,,100,5,2025-10-11,0/0人,,,https://www.kaigokensaku.mhlw.go.jp/27/index.php?JigyosyoCd=2759580018-00&ServiceCd=520&action_kouhyou_detail_027_kani=true,http://medekeatamai.com,2026-10-01T05:13:16+09:00,200,200,ok,,https://www.kaigokensaku.mhlw.go.jp/27/index.php?JigyosyoCd=2759580018-00&ServiceCd=520&action_kouhyou_detail_feature_index=true,https://www.kaigokensaku.mhlw.go.jp/27/index.php?JigyosyoCd=2759580018-00&ServiceCd=520&action_kouhyou_detail_027_kihon=true
823,介護老人保健施設若山荘,介護老人保健施設,三島郡島本町大字広瀬１１２１番地,島本町,2753980016,520,seed_code,1.0,空床取得可能,2,88,7,2018-10-12,2/88人,厚労省公式,https://www.kaigokensaku.mhlw.go.jp/27/index.php?JigyosyoCd=2753980016-00&ServiceCd=520&action_kouhyou_detail_feature_index=true,https://www.kaigokensaku.mhlw.go.jp/27/index.php?JigyosyoCd=2753980016-00&ServiceCd=520&action_kouhyou_detail_027_kani=true,,2026-10-01T05:13:21+09:00,200,200,ok,,https://www.kaigokensaku.mhlw.go.jp/27/index.php?JigyosyoCd=2753980016-00&ServiceCd=520&action_kouhyou_detail_feature_index=true,https://www.kaigokensaku.mhlw.go.jp/27/index.php?JigyosyoCd=2753980016-00&ServiceCd=520&action_kouhyou_detail_027_kihon=true
824,介護老人保健施設アルカディア,介護老人保健施設,泉南郡熊取町七山２－２－１,熊取町,2751280021,520,seed_code,1.0,待機人数のみ取得可能,,60,6,2016-10-20,0/0人,,,https://www.kaigokensaku.mhlw.go.jp/27/index.php?JigyosyoCd=2751280021-00&ServiceCd=520&action_kouhyou_detail_027_kihon=true,http://arc.soshindo.jp/,2026-10-01T05:13:24+09:00,200,200,ok,,https://www.kaigokensaku.mhlw.go.jp/27/index.php?JigyosyoCd=2751280021-00&ServiceCd=520&action_kouhyou_detail_feature_index=true,https://www.kaigokensaku.mhlw.go.jp/27/index.php?JigyosyoCd=2751280021-00&ServiceCd=520&action_kouhyou_detail_027_kihon=true
825,介護老人保健施設 ライフケアながやま,介護老人保健施設,泉南郡熊取町大久保中２丁目１番２６号,熊取町,2751280039,520,seed_code,1.0,待機人数のみ取得可能,,60,2,2019-10-18,0/0人,,,https://www.kaigokensaku.mhlw.go.jp/27/index.php?JigyosyoCd=2751280039-00&ServiceCd=520&action_kouhyou_detail_027_kihon=true,http://www.nagayama.or.jp,2026-10-01T05:13:31+09:00,200,200,ok,,https://www.kaigokensaku.mhlw.go.jp/27/index.php?JigyosyoCd=2751280039-00&ServiceCd=520&action_kouhyou_detail_feature_index=true,https://www.kaigokensaku.mhlw.go.jp/27/index.php?JigyosyoCd=2751280039-00&ServiceCd=520&action_kouhyou_detail_027_kihon=true
826,みさき,介護老人保健施設,泉南郡岬町淡輪1790番地,岬町,2751280013,520,seed_code,1.0,待機人数のみ取得可能,,50,4,2025-10-21,0/0人,,,https://www.kaigokensaku.mhlw.go.jp/27/index.php?JigyosyoCd=2751280013-00&ServiceCd=520&action_kouhyou_detail_027_kani=true,https://sw-shinkokai.com,2026-10-01T05:13:35+09:00,200,200,ok,,https://www.kaigokensaku.mhlw.go.jp/27/index.php?JigyosyoCd=2751280013-00&ServiceCd=520&action_kouhyou_detail_feature_index=true,https://www.kaigokensaku.mhlw.go.jp/27/index.php?JigyosyoCd=2751280013-00&ServiceCd=520&action_kouhyou_detail_027_kihon=true
827,医療法人 誠人会 与田病院併設 介護老人保健施設 花水木,介護老人保健施設,泉南郡岬町多奈川谷川1847番地の19,岬町,2751280054,520,seed_code,1.0,待機人数のみ取得可能,,10,2,,0/0人,,,https://www.kaigokensaku.mhlw.go.jp/27/index.php?JigyosyoCd=2751280054-00&ServiceCd=520&action_kouhyou_detail_027_kani=true,http://hanamizuki.tv/,2026-10-01T05:13:40+09:00,200,200,ok,,https://www.kaigokensaku.mhlw.go.jp/27/index.php?JigyosyoCd=2751280054-00&ServiceCd=520&action_kouhyou_detail_feature_index=true,https://www.kaigokensaku.mhlw.go.jp/27/index.php?JigyosyoCd=2751280054-00&ServiceCd=520&action_kouhyou_detail_027_kihon=true
828,介護老人保健施設 すずの音,介護老人保健施設,南河内郡太子町大字春日９７９番地の５９,太子町,2753580030,520,seed_code,1.0,空床取得可能,8,100,0,2022-09-22,8/100人,厚労省公式,https://www.kaigokensaku.mhlw.go.jp/27/index.php?JigyosyoCd=2753580030-00&ServiceCd=520&action_kouhyou_detail_feature_index=true,https://www.kaigokensaku.mhlw.go.jp/27/index.php?JigyosyoCd=2753580030-00&ServiceCd=520&action_kouhyou_detail_027_kani=true,,2026-10-01T05:13:45+09:00,200,200,ok,,https://www.kaigokensaku.mhlw.go.jp/27/index.php?JigyosyoCd=2753580030-00&ServiceCd=520&action_kouhyou_detail_feature_index=true,https://www.kaigokensaku.mhlw.go.jp/27/index.php?JigyosyoCd=2753580030-00&ServiceCd=520&action_kouhyou_detail_027_kihon=true
829,フジタ病院介護医療院,介護医療院,大阪市福島区吉野2-10-11,大阪市福島区,27B0200019,550,mhlw_name_address,1.0,空床取得可能,2,28,0,2025-10-13,2/28人,厚労省公式,https://www.kaigokensaku.mhlw.go.jp/27/index.php?JigyosyoCd=27B0200019-00&ServiceCd=550&action_kouhyou_detail_feature_index=true,https://www.kaigokensaku.mhlw.go.jp/27/index.php?JigyosyoCd=27B0200019-00&ServiceCd=550&action_kouhyou_detail_034_kihon=true,,2026-10-01T05:13:49+09:00,200,200,ok,,https://www.kaigokensaku.mhlw.go.jp/27/index.php?JigyosyoCd=27B0200019-00&ServiceCd=550&action_kouhyou_detail_feature_index=true,https://www.kaigokensaku.mhlw.go.jp/27/index.php?JigyosyoCd=27B0200019-00&ServiceCd=550&action_kouhyou_detail_034_kihon=true
830,医療法人日新会 日新会介護医療院,介護医療院,大阪市西区4丁目4番8号,大阪市西区,27B1800015,550,mhlw_name_address,1.0,待機人数のみ取得可能,,26,0,2025-10-20,0/0人,,,https://www.kaigokensaku.mhlw.go.jp/27/index.php?JigyosyoCd=27B1800015-00&ServiceCd=550&action_kouhyou_detail_034_kihon=true,https://nisshinkai.jp/,2026-10-01T05:13:52+09:00,200,200,ok,,https://www.kaigokensaku.mhlw.go.jp/27/index.php?JigyosyoCd=27B1800015-00&ServiceCd=550&action_kouhyou_detail_feature_index=true,https://www.kaigokensaku.mhlw.go.jp/27/index.php?JigyosyoCd=27B1800015-00&ServiceCd=550&action_kouhyou_detail_034_kihon=true
831,医療法人仁生会 介護医療院,介護医療院,大阪市西区九条1丁目15番23号,大阪市西区,27B1800023,550,mhlw_name_address,1.0,待機人数のみ取得可能,,24,0,,,,,https://www.kaigokensaku.mhlw.go.jp/27/index.php?JigyosyoCd=27B1800023-00&ServiceCd=550&action_kouhyou_detail_034_kani=true,http://naitou-hp.or.jp,2026-10-01T05:13:57+09:00,200,200,ok,,https://www.kaigokensaku.mhlw.go.jp/27/index.php?JigyosyoCd=27B1800023-00&ServiceCd=550&action_kouhyou_detail_feature_index=true,https://www.kaigokensaku.mhlw.go.jp/27/index.php?JigyosyoCd=27B1800023-00&ServiceCd=550&action_kouhyou_detail_034_kihon=true
832,介護医療院 港さつき苑,介護医療院,大阪市港区弁天４丁目１６番１８号,大阪市港区,27B0400015,550,mhlw_name_address,1.0,空床取得可能,1,60,1,2026-02-10,1/60人,厚労省公式,https://www.kaigokensaku.mhlw.go.jp/27/index.php?JigyosyoCd=27B0400015-00&ServiceCd=550&action_kouhyou_detail_feature_index=true,https://www.kaigokensaku.mhlw.go.jp/27/index.php?JigyosyoCd=27B0400015-00&ServiceCd=550&action_kouhyou_detail_034_kihon=true,,2026-10-01T05:14:02+09:00,200,200,ok,,https://www.kaigokensaku.mhlw.go.jp/27/index.php?JigyosyoCd=27B0400015-00&ServiceCd=550&action_kouhyou_detail_feature_index=true,https://www.kaigokensaku.mhlw.go.jp/27/index.php?JigyosyoCd=27B0400015-00&ServiceCd=550&action_kouhyou_detail_034_kihon=true
833,医療法人正啓会 西下胃腸病院介護医療院,介護医療院,大阪市天王寺区北河堀町4番15号,大阪市天王寺区,27B1700017,550,mhlw_name_address,1.0,待機人数のみ取得可能,,53,0,,,,,https://www.kaigokensaku.mhlw.go.jp/27/index.php?JigyosyoCd=27B1700017-00&ServiceCd=550&action_kouhyou_detail_034_kihon=true,https://www.seikeikai-nishishita-hp.com,2026-10-01T05:14:05+09:00,200,200,ok,,https://www.kaigokensaku.mhlw.go.jp/27/index.php?JigyosyoCd=27B1700017-00&ServiceCd=550&action_kouhyou_detail_feature_index=true,https://www.kaigokensaku.mhlw.go.jp/27/index.php?JigyosyoCd=27B1700017-00&ServiceCd=550&action_kouhyou_detail_034_kihon=true
834,医療法人 西中医学会 西中病院介護医療院,介護医療院,大阪市東住吉区湯里5-9-6,大阪市東住吉区,27B0800016,550,mhlw_name_address,1.0,空床取得可能,0,42,0,2025-10-20,0/42人,厚労省公式,https://www.kaigokensaku.mhlw.go.jp/27/index.php?JigyosyoCd=27B0800016-00&ServiceCd=550&action_kouhyou_detail_feature_index=true,https://www.kaigokensaku.mhlw.go.jp/27/index.php?JigyosyoCd=27B0800016-00&ServiceCd=550&action_kouhyou_detail_034_kani=true,,2026-10-01T05:14:09+09:00,200,200,ok,,https://www.kaigokensaku.mhlw.go.jp/27/index.php?JigyosyoCd=27B0800016-00&ServiceCd=550&action_kouhyou_detail_feature_index=true,https://www.kaigokensaku.mhlw.go.jp/27/index.php?JigyosyoCd=27B0800016-00&ServiceCd=550&action_kouhyou_detail_034_kihon=true
835,医療法人以和貴会 北条病院 介護医療院,介護医療院,堺市北区百舌鳥陵南町1丁77番地1,堺市北区,27B6500016,550,mhlw_name_address,1.0,待機人数のみ取得可能,,48,0,,0/0人,,,https://www.kaigokensaku.mhlw.go.jp/27/index.php?JigyosyoCd=27B6500016-00&ServiceCd=550&action_kouhyou_detail_034_kihon=true,https://houjyou.or.jp/,2026-10-01T05:14:13+09:00,200,200,ok,,https://www.kaigokensaku.mhlw.go.jp/27/index.php?JigyosyoCd=27B6500016-00&ServiceCd=550&action_kouhyou_detail_feature_index=true,https://www.kaigokensaku.mhlw.go.jp/27/index.php?JigyosyoCd=27B6500016-00&ServiceCd=550&action_kouhyou_detail_034_kihon=true
836,天の川病院介護医療院,介護医療院,岸和田市春木大国町8-4,岸和田市,27B1100010,550,mhlw_name_address,1.0,待機人数のみ取得可能,,8,0,2024-12-21,0/0人,,,https://www.kaigokensaku.mhlw.go.jp/27/index.php?JigyosyoCd=27B1100010-00&ServiceCd=550&action_kouhyou_detail_034_kani=true,http://www7a.biglobe.ne.jp/~amanogawa/,2026-10-01T05:14:18+09:00,200,200,ok,,https://www.kaigokensaku.mhlw.go.jp/27/index.php?JigyosyoCd=27B1100010-00&ServiceCd=550&action_kouhyou_detail_feature_index=true,https://www.kaigokensaku.mhlw.go.jp/27/index.php?JigyosyoCd=27B1100010-00&ServiceCd=550&action_kouhyou_detail_034_kihon=true
837,高橋病院 介護医療院,介護医療院,貝塚市堀1丁目16-6,貝塚市,27B1300016,550,mhlw_name_address,1.0,空床取得可能,2,75,0,2022-02-07,2/51人,厚労省公式,https://www.kaigokensaku.mhlw.go.jp/27/index.php?JigyosyoCd=27B1300016-00&ServiceCd=550&action_kouhyou_detail_feature_index=true,https://www.kaigokensaku.mhlw.go.jp/27/index.php?JigyosyoCd=27B1300016-00&ServiceCd=550&action_kouhyou_detail_034_kani=true,,2026-10-01T05:14:22+09:00,200,200,ok,,https://www.kaigokensaku.mhlw.go.jp/27/index.php?JigyosyoCd=27B1300016-00&ServiceCd=550&action_kouhyou_detail_feature_index=true,https://www.kaigokensaku.mhlw.go.jp/27/index.php?JigyosyoCd=27B1300016-00&ServiceCd=550&action_kouhyou_detail_034_kihon=true
838,東香里介護医療院,介護医療院,枚方市高田2-28-30,枚方市,27B2400013,550,mhlw_name_address,1.0,空床取得可能,9,39,0,2024-12-06,9/39人,厚労省公式,https://www.kaigokensaku.mhlw.go.jp/27/index.php?JigyosyoCd=27B2400013-00&ServiceCd=550&action_kouhyou_detail_feature_index=true,https://www.kaigokensaku.mhlw.go.jp/27/index.php?JigyosyoCd=27B2400013-00&ServiceCd=550&action_kouhyou_detail_034_kani=true,,2026-10-01T05:14:26+09:00,200,200,ok,,https://www.kaigokensaku.mhlw.go.jp/27/index.php?JigyosyoCd=27B2400013-00&ServiceCd=550&action_kouhyou_detail_feature_index=true,https://www.kaigokensaku.mhlw.go.jp/27/index.php?JigyosyoCd=27B2400013-00&ServiceCd=550&action_kouhyou_detail_034_kihon=true
839,医療法人中屋覚志会 津田介護医療院,介護医療院,枚方市津田北町三丁目３０番１号,枚方市,27B2400021,550,mhlw_name_address,1.0,待機人数のみ取得可能,,10,0,,,,,https://www.kaigokensaku.mhlw.go.jp/27/index.php?JigyosyoCd=27B2400021-00&ServiceCd=550&action_kouhyou_detail_034_kihon=true,https://nakaya-kakushikai.jp/,2026-10-01T05:14:29+09:00,200,200,ok,,https://www.kaigokensaku.mhlw.go.jp/27/index.php?JigyosyoCd=27B2400021-00&ServiceCd=550&action_kouhyou_detail_feature_index=true,https://www.kaigokensaku.mhlw.go.jp/27/index.php?JigyosyoCd=27B2400021-00&ServiceCd=550&action_kouhyou_detail_034_kihon=true
840,社会医療法人美杉会佐藤病院介護医療院,介護医療院,枚方市養父東町65-1,枚方市,27B2400039,550,mhlw_name_address,1.0,待機人数のみ取得可能,,,0,,,,,https://www.kaigokensaku.mhlw.go.jp/27/index.php?JigyosyoCd=27B2400039-00&ServiceCd=550&action_kouhyou_detail_034_kihon=true,https://misugikai.jp/satou_h/guide/nursingcaremedical/,2026-10-01T05:14:34+09:00,200,200,ok,,https://www.kaigokensaku.mhlw.go.jp/27/index.php?JigyosyoCd=27B2400039-00&ServiceCd=550&action_kouhyou_detail_feature_index=true,https://www.kaigokensaku.mhlw.go.jp/27/index.php?JigyosyoCd=27B2400039-00&ServiceCd=550&action_kouhyou_detail_034_kihon=true
841,医療法人 永光会 介護医療院 新井病院,介護医療院,八尾市美園町4-156-3,八尾市,27B5500017,550,mhlw_name_address,1.0,待機人数のみ取得可能,,60,0,,,,,https://www.kaigokensaku.mhlw.go.jp/27/index.php?JigyosyoCd=27B5500017-00&ServiceCd=550&action_kouhyou_detail_034_kihon=true,https://www.eikoukai.or.jp,2026-10-01T05:14:41+09:00,200,200,ok,,https://www.kaigokensaku.mhlw.go.jp/27/index.php?JigyosyoCd=27B5500017-00&ServiceCd=550&action_kouhyou_detail_feature_index=true,https://www.kaigokensaku.mhlw.go.jp/27/index.php?JigyosyoCd=27B5500017-00&ServiceCd=550&action_kouhyou_detail_034_kihon=true
842,貴島病院本院介護医療院,介護医療院,八尾市楽音寺3-33,八尾市,27B5500025,550,mhlw_name_address,1.0,待機人数のみ取得可能,,,0,,,,,https://www.kaigokensaku.mhlw.go.jp/27/index.php?JigyosyoCd=27B5500025-00&ServiceCd=550&action_kouhyou_detail_034_kihon=true,https://www.noble.or.jp,2026-10-01T05:14:47+09:00,200,200,ok,,https://www.kaigokensaku.mhlw.go.jp/27/index.php?JigyosyoCd=27B5500025-00&ServiceCd=550&action_kouhyou_detail_feature_index=true,https://www.kaigokensaku.mhlw.go.jp/27/index.php?JigyosyoCd=27B5500025-00&ServiceCd=550&action_kouhyou_detail_034_kihon=true
843,医療法人仙寿会 泉佐野介護医療院,介護医療院,泉佐野市大宮町４番１６号,泉佐野市,27B4500018,550,mhlw_name_address,1.0,待機人数のみ取得可能,,60,10,,,,,https://www.kaigokensaku.mhlw.go.jp/27/index.php?JigyosyoCd=27B4500018-00&ServiceCd=550&action_kouhyou_detail_034_kani=true,https://senjyukai.com/,2026-10-01T05:14:53+09:00,200,200,ok,,https://www.kaigokensaku.mhlw.go.jp/27/index.php?JigyosyoCd=27B4500018-00&ServiceCd=550&action_kouhyou_detail_feature_index=true,https://www.kaigokensaku.mhlw.go.jp/27/index.php?JigyosyoCd=27B4500018-00&ServiceCd=550&action_kouhyou_detail_034_kihon=true
844,松島病院介護医療院,介護医療院,寝屋川市八坂町23-21松島病院,寝屋川市,27B0300017,550,mhlw_name_address,1.0,待機人数のみ取得可能,,18,4,,0/0人,,,https://www.kaigokensaku.mhlw.go.jp/27/index.php?JigyosyoCd=27B0300017-00&ServiceCd=550&action_kouhyou_detail_034_kani=true,,2026-10-01T05:14:57+09:00,200,200,ok,,https://www.kaigokensaku.mhlw.go.jp/27/index.php?JigyosyoCd=27B0300017-00&ServiceCd=550&action_kouhyou_detail_feature_index=true,https://www.kaigokensaku.mhlw.go.jp/27/index.php?JigyosyoCd=27B0300017-00&ServiceCd=550&action_kouhyou_detail_034_kihon=true
845,明治橋病院 介護医療院,介護医療院,松原市三宅西1丁目358番地3,松原市,27B4800012,550,mhlw_name_address,1.0,待機人数のみ取得可能,,240,14,,0/0人,,,https://www.kaigokensaku.mhlw.go.jp/27/index.php?JigyosyoCd=27B4800012-00&ServiceCd=550&action_kouhyou_detail_034_kihon=true,http://meijibashi.or.jp,2026-10-01T05:15:01+09:00,200,200,ok,,https://www.kaigokensaku.mhlw.go.jp/27/index.php?JigyosyoCd=27B4800012-00&ServiceCd=550&action_kouhyou_detail_feature_index=true,https://www.kaigokensaku.mhlw.go.jp/27/index.php?JigyosyoCd=27B4800012-00&ServiceCd=550&action_kouhyou_detail_034_kihon=true
846,医療法人聖和錦秀会 阪和いずみ病院 介護医療院,介護医療院,和泉市 あゆみ野 1-7-1,和泉市,27B0500020,550,mhlw_name_address,1.0,待機人数のみ取得可能,,90,3,2025-12-23,0/0人,,,https://www.kaigokensaku.mhlw.go.jp/27/index.php?JigyosyoCd=27B0500020-00&ServiceCd=550&action_kouhyou_detail_034_kani=true,http://www.seiwa-kinshukai.or.jp/hanwaizumi/,2026-10-01T05:15:05+09:00,200,200,ok,,https://www.kaigokensaku.mhlw.go.jp/27/index.php?JigyosyoCd=27B0500020-00&ServiceCd=550&action_kouhyou_detail_feature_index=true,https://www.kaigokensaku.mhlw.go.jp/27/index.php?JigyosyoCd=27B0500020-00&ServiceCd=550&action_kouhyou_detail_034_kihon=true
847,医療法人橘会 介護医療院 横山病院,介護医療院,和泉市仏並町２８７番地,和泉市,27B0500012,550,mhlw_name_address,1.0,待機人数のみ取得可能,,80,4,2026-09-28,0/0人,,,https://www.kaigokensaku.mhlw.go.jp/27/index.php?JigyosyoCd=27B0500012-00&ServiceCd=550&action_kouhyou_detail_034_kani=true,http://www.tachibana-med.or.jp/yokoyama/,2026-10-01T05:15:10+09:00,200,200,ok,,https://www.kaigokensaku.mhlw.go.jp/27/index.php?JigyosyoCd=27B0500012-00&ServiceCd=550&action_kouhyou_detail_feature_index=true,https://www.kaigokensaku.mhlw.go.jp/27/index.php?JigyosyoCd=27B0500012-00&ServiceCd=550&action_kouhyou_detail_034_kihon=true
848,医療法人新仁会 新仁会病院介護医療院,介護医療院,和泉市寺田町二丁目７番３９号,和泉市,,550,unmatched_ambiguous,0.511,取得不可,,,,,,,,,,2026-10-01T05:15:16+09:00,,,unmatched_no_official_page,MHLW open data could not be matched with sufficient confidence,,
849,社会医療法人 弘道会 門真介護医療院,介護医療院,門真市新橋町33番12号,門真市,27B2600018,550,mhlw_name_address,1.0,待機人数のみ取得可能,,100,5,,,,,https://www.kaigokensaku.mhlw.go.jp/27/index.php?JigyosyoCd=27B2600018-00&ServiceCd=550&action_kouhyou_detail_034_kihon=true,http://www.koudoukai.or.jp/,2026-10-01T05:15:16+09:00,200,200,ok,,https://www.kaigokensaku.mhlw.go.jp/27/index.php?JigyosyoCd=27B2600018-00&ServiceCd=550&action_kouhyou_detail_feature_index=true,https://www.kaigokensaku.mhlw.go.jp/27/index.php?JigyosyoCd=27B2600018-00&ServiceCd=550&action_kouhyou_detail_034_kihon=true
850,介護医療院 菜の花,介護医療院,高石市綾園2-15-18,高石市,27B5300012,550,mhlw_name_address,1.0,待機人数のみ取得可能,,40,2,2025-10-17,0/0人,,,https://www.kaigokensaku.mhlw.go.jp/27/index.php?JigyosyoCd=27B5300012-00&ServiceCd=550&action_kouhyou_detail_034_kani=true,https://www.ryoshukai.or.jp/kaigo/nanohana/,2026-10-01T05:15:21+09:00,200,200,ok,,https://www.kaigokensaku.mhlw.go.jp/27/index.php?JigyosyoCd=27B5300012-00&ServiceCd=550&action_kouhyou_detail_feature_index=true,https://www.kaigokensaku.mhlw.go.jp/27/index.php?JigyosyoCd=27B5300012-00&ServiceCd=550&action_kouhyou_detail_034_kihon=true
851,社会福祉法人竹井病院 竹井医院介護医療院,介護医療院,東大阪市長堂一丁目２８番６号,東大阪市,27B5000018,550,mhlw_name_address,1.0,空床取得可能,1,58,1,2026-03-13,1/58人,厚労省公式,https://www.kaigokensaku.mhlw.go.jp/27/index.php?JigyosyoCd=27B5000018-00&ServiceCd=550&action_kouhyou_detail_feature_index=true,https://www.kaigokensaku.mhlw.go.jp/27/index.php?JigyosyoCd=27B5000018-00&ServiceCd=550&action_kouhyou_detail_034_kani=true,,2026-10-01T05:15:28+09:00,200,200,ok,,https://www.kaigokensaku.mhlw.go.jp/27/index.php?JigyosyoCd=27B5000018-00&ServiceCd=550&action_kouhyou_detail_feature_index=true,https://www.kaigokensaku.mhlw.go.jp/27/index.php?JigyosyoCd=27B5000018-00&ServiceCd=550&action_kouhyou_detail_034_kihon=true
