id,facility,type,region,address,tel,jigyosho_no,classification,vacancy,waiting_count,vacancy_date,vacancy_source_type,vacancy_source_url,waiting_source_url,source_row_no,provided,confident,wait_provided,wait_confident,checked_at_jst,status,error
sk00001,きりしき,特養,さいたま市中央区,さいたま市中央区新中里 2-8-6,048-858-6655,1171500117 / 1176512588,取得不可,,,2026-09-28,埼玉県公式,https://www.pref.saitama.lg.jp/documents/8507/04saitama-tokuyo-0810.pdf,,54,False,True,False,True,2026-10-05T13:20:23+09:00,ok,
sk00002,ナーシングヴィラ与野,特養,さいたま市中央区,さいたま市中央区本町東 6ー10ー1,048-857-8522,1176509329,取得不可,,,2026-09-28,埼玉県公式,https://www.pref.saitama.lg.jp/documents/8507/04saitama-tokuyo-0810.pdf,,53,False,True,False,True,2026-10-05T13:20:23+09:00,ok,
sk00003,緑水苑与野,特養,さいたま市中央区,さいたま市中央区大戸1 -33-12,048-853-1600,1176505194,空床取得可能,4,63,2026-09-28,埼玉県公式,https://www.pref.saitama.lg.jp/documents/8507/04saitama-tokuyo-0810.pdf,https://www.pref.saitama.lg.jp/documents/8507/04saitama-tokuyo-0810.pdf,55,True,True,True,True,2026-10-05T13:20:23+09:00,ok,
sk00004,おおなりテラス,特養,さいたま市北区,さいたま市北区東大成町1-159-5,048-871-5331,,取得不可,,,2026-09-28,埼玉県公式,https://www.pref.saitama.lg.jp/documents/8507/04saitama-tokuyo-0810.pdf,,24,False,True,False,True,2026-10-05T13:20:23+09:00,ok,
sk00005,なごみの里,特養,さいたま市北区,さいたま市北区別所町89 2,048-665-0753,1176504726,空床取得可能,15,11,2026-09-28,埼玉県公式,https://www.pref.saitama.lg.jp/documents/8507/04saitama-tokuyo-0810.pdf,https://www.pref.saitama.lg.jp/documents/8507/04saitama-tokuyo-0810.pdf,21,True,True,True,True,2026-10-05T13:20:23+09:00,ok,
sk00006,みちみち大宮,特養,さいたま市北区,さいたま市北区植竹町2 丁目69番地7,048-788-2055,1176518072,待機人数のみ取得可能,,35,2026-09-28,埼玉県公式,https://www.pref.saitama.lg.jp/documents/8507/04saitama-tokuyo-0810.pdf,https://www.pref.saitama.lg.jp/documents/8507/04saitama-tokuyo-0810.pdf,28,False,True,True,True,2026-10-05T13:20:23+09:00,ok,
sk00007,ウエルガーデン大宮,特養,さいたま市北区,さいたま市北区今羽町66 0-1,048-667-0038,1176509212,取得不可,,,2026-09-28,埼玉県公式,https://www.pref.saitama.lg.jp/documents/8507/04saitama-tokuyo-0810.pdf,,25,False,True,False,True,2026-10-05T13:20:23+09:00,ok,
sk00008,フルール宮原,特養,さいたま市北区,さいたま市北区宮原町1-697-5フルール宮原,048-665-2666,1176517363,取得不可,,,2026-09-28,埼玉県公式,https://www.pref.saitama.lg.jp/documents/8507/04saitama-tokuyo-0810.pdf,,26,False,True,False,True,2026-10-05T13:20:23+09:00,ok,
sk00009,フルール宮原ANNEX,特養,さいたま市北区,さいたま市北区宮原町1- 710,048-871-5110,1196501488,空床取得可能,0,49,2026-09-28,埼玉県公式,https://www.pref.saitama.lg.jp/documents/8507/04saitama-tokuyo-0810.pdf,https://www.pref.saitama.lg.jp/documents/8507/04saitama-tokuyo-0810.pdf,27,True,True,True,True,2026-10-05T13:20:23+09:00,ok,
sk00010,今羽の森,特養,さいたま市北区,さいたま市北区今羽町65 0番1,048-778-7330,1176507414,取得不可,,,2026-09-28,埼玉県公式,https://www.pref.saitama.lg.jp/documents/8507/04saitama-tokuyo-0810.pdf,,23,False,True,False,False,2026-10-05T13:20:23+09:00,ok,
sk00011,白樺ホーム,特養,さいたま市北区,さいたま市北区吉野町2 丁目1331番,048-661-8850,1176506135,取得不可,,,2026-09-28,埼玉県公式,https://www.pref.saitama.lg.jp/documents/8507/04saitama-tokuyo-0810.pdf,,22,False,True,False,True,2026-10-05T13:20:23+09:00,ok,
sk00012,けやきホームズ,特養,さいたま市南区,さいたま市南区鹿手袋7 -13-4,048-710-6888,1176501334,取得不可,,,2026-09-28,埼玉県公式,https://www.pref.saitama.lg.jp/documents/8507/04saitama-tokuyo-0810.pdf,,29,False,True,False,True,2026-10-05T13:20:23+09:00,ok,
sk00013,こもれびの丘,特養,さいたま市南区,さいたま市南区広ヶ谷戸 130番1,048-811-1720,1176513917,空床取得可能,0,40,2026-09-28,埼玉県公式,https://www.pref.saitama.lg.jp/documents/8507/04saitama-tokuyo-0810.pdf,https://www.pref.saitama.lg.jp/documents/8507/04saitama-tokuyo-0810.pdf,33,True,True,True,True,2026-10-05T13:20:23+09:00,ok,
sk00014,みょうばなの杜,特養,さいたま市南区,さいたま市南区大谷口24 74-3,048-615-2525,1176512711,取得不可,,,2026-09-28,埼玉県公式,https://www.pref.saitama.lg.jp/documents/8507/04saitama-tokuyo-0810.pdf,,32,False,True,False,True,2026-10-05T13:20:23+09:00,ok,
sk00015,埼玉さくらんぼII番館,特養,さいたま市南区,さいたま市南区大字太田 窪3516-17,048-799-2960,1196500316,空床取得可能,0,25,2026-09-28,埼玉県公式,https://www.pref.saitama.lg.jp/documents/8507/04saitama-tokuyo-0810.pdf,https://www.pref.saitama.lg.jp/documents/8507/04saitama-tokuyo-0810.pdf,30,True,True,True,True,2026-10-05T13:20:23+09:00,ok,
sk00016,埼玉さくらんぼI番館,特養,さいたま市南区,さいたま市南区大字太田 窪3504-3,048-799-3066,1176511424,空床取得可能,0,25,2026-09-28,埼玉県公式,https://www.pref.saitama.lg.jp/documents/8507/04saitama-tokuyo-0810.pdf,https://www.pref.saitama.lg.jp/documents/8507/04saitama-tokuyo-0810.pdf,31,True,True,True,True,2026-10-05T13:20:23+09:00,ok,
sk00017,はるぱてお,特養,さいたま市大宮区,さいたま市大宮区上小町 1187,048-648-1010,1176504817 / 1176520391,空床取得可能,0,55,2026-09-28,埼玉県公式,https://www.pref.saitama.lg.jp/documents/8507/04saitama-tokuyo-0810.pdf,https://www.pref.saitama.lg.jp/documents/8507/04saitama-tokuyo-0810.pdf,3,True,True,True,True,2026-10-05T13:20:23+09:00,ok,
sk00018,地域密着型特別養護老人 ホームおたっしゃ倶楽部,特養,さいたま市大宮区,さいたま市大宮区吉敷町 3丁目57番地1,048-643-8700,1196501009,取得不可,,,2026-09-28,埼玉県公式,https://www.pref.saitama.lg.jp/documents/8507/04saitama-tokuyo-0810.pdf,,5,False,True,False,True,2026-10-05T13:20:23+09:00,ok,
sk00019,大宮諏訪の苑,特養,さいたま市大宮区,さいたま市大宮区三橋4-875-2,048-622-7300,1176514808,空床取得可能,0,65,2026-09-28,埼玉県公式,https://www.pref.saitama.lg.jp/documents/8507/04saitama-tokuyo-0810.pdf,https://www.pref.saitama.lg.jp/documents/8507/04saitama-tokuyo-0810.pdf,4,True,True,True,True,2026-10-05T13:20:23+09:00,ok,
sk00020,白菊苑,特養,さいたま市大宮区,さいたま市大宮区寿能町2-21-3,048-648-5571,1170300667,取得不可,,,2026-09-28,埼玉県公式,https://www.pref.saitama.lg.jp/documents/8507/04saitama-tokuyo-0810.pdf,,1,False,True,False,False,2026-10-05T13:20:23+09:00,ok,
sk00021,さいたましあわせの里,特養,さいたま市岩槻区,さいたま市岩槻区大字裏 慈恩寺1153-1,048-793-1000,1176509162,取得不可,,,2026-09-28,埼玉県公式,https://www.pref.saitama.lg.jp/documents/8507/04saitama-tokuyo-0810.pdf,,69,False,True,False,True,2026-10-05T13:20:23+09:00,ok,
sk00022,さいたまほほえみの里,特養,さいたま市岩槻区,さいたま市岩槻区長宮字 小沼1512-1,048-792-1120,,取得不可,,,2026-09-28,埼玉県公式,https://www.pref.saitama.lg.jp/documents/8507/04saitama-tokuyo-0810.pdf,,67,False,True,False,True,2026-10-05T13:20:23+09:00,ok,
sk00023,しらさぎ,特養,さいたま市岩槻区,さいたま市岩槻区大字南 下新井1538-7,048-791-2528,1176509279,取得不可,,,2026-09-28,埼玉県公式,https://www.pref.saitama.lg.jp/documents/8507/04saitama-tokuyo-0810.pdf,,70,False,True,False,True,2026-10-05T13:20:23+09:00,ok,
sk00024,ひなの杜,特養,さいたま市岩槻区,さいたま市岩槻区裏慈恩 寺51-1,048-795-3711,1176507463,取得不可,,,2026-09-28,埼玉県公式,https://www.pref.saitama.lg.jp/documents/8507/04saitama-tokuyo-0810.pdf,,65,False,True,False,True,2026-10-05T13:20:23+09:00,ok,
sk00025,ひなの槻,特養,さいたま市岩槻区,さいたま市岩槻区裏慈恩寺40-3地域密着型特別養護老人ホーム ひなの槻,048-793-1165,1196500829,取得不可,,,2026-09-28,埼玉県公式,https://www.pref.saitama.lg.jp/documents/8507/04saitama-tokuyo-0810.pdf,,66,False,True,False,True,2026-10-05T13:20:23+09:00,ok,
sk00026,まごめ遊美園,特養,さいたま市岩槻区,さいたま市岩槻区大字馬 込1318-1,048-797-6100,1176510285,取得不可,,,2026-09-28,埼玉県公式,https://www.pref.saitama.lg.jp/documents/8507/04saitama-tokuyo-0810.pdf,,71,False,True,False,False,2026-10-05T13:20:23+09:00,ok,
sk00027,やまぶきの里,特養,さいたま市岩槻区,さいたま市岩槻区東岩槻 2-2-20,048-794-7766,1170700213,取得不可,,,2026-09-28,埼玉県公式,https://www.pref.saitama.lg.jp/documents/8507/04saitama-tokuyo-0810.pdf,,60,False,True,False,True,2026-10-05T13:20:23+09:00,ok,
sk00028,ゆいの杜,特養,さいたま市岩槻区,さいたま市岩槻区加倉4 -15-6,048-797-6505,1176516456,取得不可,,,2026-09-28,埼玉県公式,https://www.pref.saitama.lg.jp/documents/8507/04saitama-tokuyo-0810.pdf,,74,False,True,False,True,2026-10-05T13:20:23+09:00,ok,
sk00029,ケアセンター岩槻名栗園,特養,さいたま市岩槻区,さいたま市岩槻区諏訪三丁目2-2,048-793-0300,1176506739,空床取得可能,0,22,2026-09-28,埼玉県公式,https://www.pref.saitama.lg.jp/documents/8507/04saitama-tokuyo-0810.pdf,https://www.pref.saitama.lg.jp/documents/8507/04saitama-tokuyo-0810.pdf,64,True,True,True,True,2026-10-05T13:20:23+09:00,ok,
sk00030,フレシール岩槻,特養,さいたま市岩槻区,さいたま市岩槻区大字加倉字坂下190番,048‐790‐2601,1176514790,取得不可,,,2026-09-28,埼玉県公式,https://www.pref.saitama.lg.jp/documents/8507/04saitama-tokuyo-0810.pdf,,72,False,True,False,True,2026-10-05T13:20:23+09:00,ok,
sk00031,千年の里,特養,さいたま市岩槻区,さいたま市岩槻区宮町1 丁目10番12号,048-758-0200,1176515748,取得不可,,,2026-09-28,埼玉県公式,https://www.pref.saitama.lg.jp/documents/8507/04saitama-tokuyo-0810.pdf,,73,False,True,False,True,2026-10-05T13:20:23+09:00,ok,
sk00032,岩槻まきば園,特養,さいたま市岩槻区,さいたま市岩槻区横根13 75,048-797-2202,1170700700,取得不可,,,2026-09-28,埼玉県公式,https://www.pref.saitama.lg.jp/documents/8507/04saitama-tokuyo-0810.pdf,,61,False,True,False,True,2026-10-05T13:20:23+09:00,ok,
sk00033,彩幸の杜,特養,さいたま市岩槻区,さいたま市岩槻区増長37 8番地1,048-792-1111,1176508214,空床取得可能,0,24,2026-09-28,埼玉県公式,https://www.pref.saitama.lg.jp/documents/8507/04saitama-tokuyo-0810.pdf,https://www.pref.saitama.lg.jp/documents/8507/04saitama-tokuyo-0810.pdf,68,True,True,True,True,2026-10-05T13:20:23+09:00,ok,
sk00034,松鶴園,特養,さいたま市岩槻区,さいたま市岩槻区古ヶ場 11番地,048-795-2201,1170700205,取得不可,,,2026-09-28,埼玉県公式,https://www.pref.saitama.lg.jp/documents/8507/04saitama-tokuyo-0810.pdf,,63,False,True,False,True,2026-10-05T13:20:23+09:00,ok,
sk00035,白鶴ホーム,特養,さいたま市岩槻区,さいたま市岩槻区宮町 1 -5-12,048-758-0034,1170700197,空床取得可能,1,42,2026-09-28,埼玉県公式,https://www.pref.saitama.lg.jp/documents/8507/04saitama-tokuyo-0810.pdf,https://www.pref.saitama.lg.jp/documents/8507/04saitama-tokuyo-0810.pdf,62,True,True,True,True,2026-10-05T13:20:23+09:00,ok,
sk00036,さいたまロイヤルの園,特養,さいたま市桜区,さいたま市桜区大字五関 396番地2,048-859-7166,1176506069,空床取得可能,7,25,2026-09-28,埼玉県公式,https://www.pref.saitama.lg.jp/documents/8507/04saitama-tokuyo-0810.pdf,https://www.pref.saitama.lg.jp/documents/8507/04saitama-tokuyo-0810.pdf,57,True,True,True,True,2026-10-05T13:20:23+09:00,ok,
sk00037,ブエナビスタ,特養,さいたま市桜区,西堀4-8-24,048-872-0311,1176514782,取得不可,,,2026-09-28,埼玉県公式,https://www.pref.saitama.lg.jp/documents/8507/04saitama-tokuyo-0810.pdf,,58,False,True,False,True,2026-10-05T13:20:23+09:00,ok,
sk00038,夢眠さくら,特養,さいたま市桜区,さいたま市桜区町谷2-7 -18,048-826-6336,1176515730,空床取得可能,5,15,2026-09-28,埼玉県公式,https://www.pref.saitama.lg.jp/documents/8507/04saitama-tokuyo-0810.pdf,https://www.pref.saitama.lg.jp/documents/8507/04saitama-tokuyo-0810.pdf,59,True,True,True,True,2026-10-05T13:20:23+09:00,ok,
sk00039,彩寿苑,特養,さいたま市桜区,さいたま市桜区宿400,048-857-6517,1170100646,取得不可,,,2026-09-28,埼玉県公式,https://www.pref.saitama.lg.jp/documents/8507/04saitama-tokuyo-0810.pdf,,56,False,True,False,True,2026-10-05T13:20:23+09:00,ok,
sk00040,たいようの杜,特養,さいたま市浦和区,さいたま市浦和区常盤8 丁目17番9号,048-825-0007,1176518155,取得不可,,,2026-09-28,埼玉県公式,https://www.pref.saitama.lg.jp/documents/8507/04saitama-tokuyo-0810.pdf,,8,False,True,False,True,2026-10-05T13:20:23+09:00,ok,
sk00041,フォレスト浦和,特養,さいたま市浦和区,さいたま市浦和区常盤8 丁目15番9号,048-822-0100,1176517447,空床取得可能,1,10,2026-09-28,埼玉県公式,https://www.pref.saitama.lg.jp/documents/8507/04saitama-tokuyo-0810.pdf,https://www.pref.saitama.lg.jp/documents/8507/04saitama-tokuyo-0810.pdf,7,True,True,True,True,2026-10-05T13:20:23+09:00,ok,
sk00042,浦和ふれあいの里,特養,さいたま市浦和区,さいたま市浦和区領家6 -10-7,048-834-7680,1176511382,取得不可,,,2026-09-28,埼玉県公式,https://www.pref.saitama.lg.jp/documents/8507/04saitama-tokuyo-0810.pdf,,6,False,True,False,True,2026-10-05T13:20:23+09:00,ok,
sk00043,あけみ苑,特養,さいたま市緑区,さいたま市緑区原山4-1 8-9,048-886-1111,1176516431,取得不可,,,2026-09-28,埼玉県公式,https://www.pref.saitama.lg.jp/documents/8507/04saitama-tokuyo-0810.pdf,,41,False,True,False,True,2026-10-05T13:20:23+09:00,ok,
sk00044,あすなろの郷浦和,特養,さいたま市緑区,さいたま市緑区三室302 9-3,048-810-5050,1176512729,取得不可,,,2026-09-28,埼玉県公式,https://www.pref.saitama.lg.jp/documents/8507/04saitama-tokuyo-0810.pdf,,39,False,True,False,True,2026-10-05T13:20:23+09:00,ok,
sk00045,みさき苑,特養,さいたま市緑区,さいたま市緑区美園2- 16-1,048-767-5000,1176520409,取得不可,,,2026-09-28,埼玉県公式,https://www.pref.saitama.lg.jp/documents/8507/04saitama-tokuyo-0810.pdf,,42,False,True,False,True,2026-10-05T13:20:23+09:00,ok,
sk00046,スマイルハウス,特養,さいたま市緑区,さいたま市緑区大字大崎字北口2160番地,048-878-2922,1170100620,取得不可,,,2026-09-28,埼玉県公式,https://www.pref.saitama.lg.jp/documents/8507/04saitama-tokuyo-0810.pdf,,37,False,True,False,True,2026-10-05T13:20:23+09:00,ok,
sk00047,リバティハウス,特養,さいたま市緑区,さいたま市緑区松木3-2 9-5,048-875-3111,1170100612 / 1176512703,取得不可,,,2026-09-28,埼玉県公式,https://www.pref.saitama.lg.jp/documents/8507/04saitama-tokuyo-0810.pdf,,34,False,True,False,True,2026-10-05T13:20:23+09:00,ok,
sk00048,尚和園,特養,さいたま市緑区,さいたま市緑区原山3-1 5-31,048-882-3013,,取得不可,,,2026-09-28,埼玉県公式,https://www.pref.saitama.lg.jp/documents/8507/04saitama-tokuyo-0810.pdf,,35,False,True,False,True,2026-10-05T13:20:23+09:00,ok,
sk00049,浦和しぶや苑,特養,さいたま市緑区,さいたま市緑区中尾 925,048-876-1811,1170100596,取得不可,,,2026-09-28,埼玉県公式,https://www.pref.saitama.lg.jp/documents/8507/04saitama-tokuyo-0810.pdf,,36,False,True,False,True,2026-10-05T13:20:23+09:00,ok,
sk00050,浦和みやびの郷,特養,さいたま市緑区,さいたま市緑区大字三室 1712,048-712-1717,1176516449,空床取得可能,8,0,2026-09-28,埼玉県公式,https://www.pref.saitama.lg.jp/documents/8507/04saitama-tokuyo-0810.pdf,https://www.pref.saitama.lg.jp/documents/8507/04saitama-tokuyo-0810.pdf,40,True,True,True,True,2026-10-05T13:20:23+09:00,ok,
sk00051,白寿園,特養,さいたま市緑区,さいたま市緑区寺山157,048-878-1800,1170100604,取得不可,,,2026-09-28,埼玉県公式,https://www.pref.saitama.lg.jp/documents/8507/04saitama-tokuyo-0810.pdf,,38,False,True,False,True,2026-10-05T13:20:23+09:00,ok,
sk00052,ひかわ,特養,さいたま市西区,さいたま市西区高木892 番地,048-620-7533,1176506150,取得不可,,,2026-09-28,埼玉県公式,https://www.pref.saitama.lg.jp/documents/8507/04saitama-tokuyo-0810.pdf,,14,False,True,False,True,2026-10-05T13:20:23+09:00,ok,
sk00053,フォルテーラ指扇,特養,さいたま市西区,さいたま市西区指扇1377-1,048-782-6828,1196501348,空床取得可能,0,7,2026-09-28,埼玉県公式,https://www.pref.saitama.lg.jp/documents/8507/04saitama-tokuyo-0810.pdf,https://www.pref.saitama.lg.jp/documents/8507/04saitama-tokuyo-0810.pdf,19,True,True,True,True,2026-10-05T13:20:23+09:00,ok,
sk00054,フォレスト指扇,特養,さいたま市西区,さいたま市西区指扇127 7番11,048-621-1600,1176513925,空床取得可能,0,3,2026-09-28,埼玉県公式,https://www.pref.saitama.lg.jp/documents/8507/04saitama-tokuyo-0810.pdf,https://www.pref.saitama.lg.jp/documents/8507/04saitama-tokuyo-0810.pdf,18,True,True,True,True,2026-10-05T13:20:23+09:00,ok,
sk00055,三恵苑,特養,さいたま市西区,さいたま市西区中釘221 9-4,048-622-6727,1170300642,空床取得可能,0,40,2026-09-28,埼玉県公式,https://www.pref.saitama.lg.jp/documents/8507/04saitama-tokuyo-0810.pdf,https://www.pref.saitama.lg.jp/documents/8507/04saitama-tokuyo-0810.pdf,13,True,True,True,True,2026-10-05T13:20:23+09:00,ok,
sk00056,三橋の里,特養,さいたま市西区,さいたま市西区三橋5丁 目560番地5,048(871)5630,1176517397,空床取得可能,1,8,2026-09-28,埼玉県公式,https://www.pref.saitama.lg.jp/documents/8507/04saitama-tokuyo-0810.pdf,https://www.pref.saitama.lg.jp/documents/8507/04saitama-tokuyo-0810.pdf,20,True,True,True,True,2026-10-05T13:20:23+09:00,ok,
sk00057,中野林ゆめの園,特養,さいたま市西区,さいたま市西区中野林字 中郷650番1,048-620-5700,1176501136,取得不可,,,2026-09-28,埼玉県公式,https://www.pref.saitama.lg.jp/documents/8507/04saitama-tokuyo-0810.pdf,,9,False,True,False,True,2026-10-05T13:20:23+09:00,ok,
sk00058,扇の森,特養,さいたま市西区,さいたま市西区高木602,048-625-5000,1176502654,空床取得可能,0,52,2026-09-28,埼玉県公式,https://www.pref.saitama.lg.jp/documents/8507/04saitama-tokuyo-0810.pdf,https://www.pref.saitama.lg.jp/documents/8507/04saitama-tokuyo-0810.pdf,12,True,True,True,True,2026-10-05T13:20:23+09:00,ok,
sk00059,扇の森WEST,特養,さいたま市西区,さいたま市西区中釘234 5番1,048-729-6070,1196500399,取得不可,,,2026-09-28,埼玉県公式,https://www.pref.saitama.lg.jp/documents/8507/04saitama-tokuyo-0810.pdf,,16,False,True,False,True,2026-10-05T13:20:23+09:00,ok,
sk00060,敬寿園宝来ホーム,特養,さいたま市西区,さいたま市西区宝来86番 地1,048-620-0600,1176503728 / 1176515722,取得不可,,,2026-09-28,埼玉県公式,https://www.pref.saitama.lg.jp/documents/8507/04saitama-tokuyo-0810.pdf,,15,False,True,False,True,2026-10-05T13:20:23+09:00,ok,
sk00061,春陽苑,特養,さいたま市西区,さいたま市西区飯田新田91-1,048-625-0707,1170300634,空床取得可能,5,73,2026-09-28,埼玉県公式,https://www.pref.saitama.lg.jp/documents/8507/04saitama-tokuyo-0810.pdf,https://www.pref.saitama.lg.jp/documents/8507/04saitama-tokuyo-0810.pdf,11,True,True,True,True,2026-10-05T13:20:23+09:00,ok,
sk00062,緑水苑指扇,特養,さいたま市西区,指扇1570-2,048-620-7510,1176512737,空床取得可能,3,32,2026-09-28,埼玉県公式,https://www.pref.saitama.lg.jp/documents/8507/04saitama-tokuyo-0810.pdf,https://www.pref.saitama.lg.jp/documents/8507/04saitama-tokuyo-0810.pdf,17,True,True,True,True,2026-10-05T13:20:23+09:00,ok,
sk00063,遊美園,特養,さいたま市西区,さいたま市西区佐知川1522-1,048-622-6455,1176503991,取得不可,,,2026-09-28,埼玉県公式,https://www.pref.saitama.lg.jp/documents/8507/04saitama-tokuyo-0810.pdf,,10,False,True,False,True,2026-10-05T13:20:23+09:00,ok,
sk00064,あおぞら,特養,さいたま市見沼区,さいたま市見沼区御蔵10 64-1,048-684-6511,1176504015,取得不可,,,2026-09-28,埼玉県公式,https://www.pref.saitama.lg.jp/documents/8507/04saitama-tokuyo-0810.pdf,,45,False,True,False,True,2026-10-05T13:20:23+09:00,ok,
sk00065,さいたまかがやきの里,特養,さいたま市見沼区,さいたま市見沼区染谷3-190-1さいたまかがやきの里,048-682-1151,1176507380,取得不可,,,2026-09-28,埼玉県公式,https://www.pref.saitama.lg.jp/documents/8507/04saitama-tokuyo-0810.pdf,,49,False,True,False,True,2026-10-05T13:20:23+09:00,ok,
sk00066,さいたまやすらぎの里,特養,さいたま市見沼区,さいたま市見沼区卸町2 -21-1,048-680-3288,1176502613,空床取得可能,5,42,2026-09-28,埼玉県公式,https://www.pref.saitama.lg.jp/documents/8507/04saitama-tokuyo-0810.pdf,https://www.pref.saitama.lg.jp/documents/8507/04saitama-tokuyo-0810.pdf,43,True,True,True,True,2026-10-05T13:20:23+09:00,ok,
sk00067,さいたまやすらぎの里 新 館,特養,さいたま市見沼区,さいたま市見沼区卸町2 -24,048-680-3288,1176510095,取得不可,,,,,https://www.pref.saitama.lg.jp/documents/8507/04saitama-tokuyo-0809.pdf,,,False,False,False,False,2026-10-05T13:20:23+09:00,not_listed_or_unmatched,
sk00068,タムスさくらの杜 見沼,特養,さいたま市見沼区,さいたま市見沼区大字東 宮下883番1,048-872-6581,1176510277,空床取得可能,7,0,2026-09-28,埼玉県公式,https://www.pref.saitama.lg.jp/documents/8507/04saitama-tokuyo-0810.pdf,https://www.pref.saitama.lg.jp/documents/8507/04saitama-tokuyo-0810.pdf,50,True,True,True,True,2026-10-05T13:20:23+09:00,ok,
sk00069,島町花の郷,特養,さいたま市見沼区,さいたま市見沼区島町30 5,048-682-1165,1176515755,取得不可,,,2026-09-28,埼玉県公式,https://www.pref.saitama.lg.jp/documents/8507/04saitama-tokuyo-0810.pdf,,52,False,True,False,True,2026-10-05T13:20:23+09:00,ok,
sk00070,恵の里,特養,さいたま市見沼区,さいたま市見沼区東宮下 1-13-1,048-680-1011,1176506754,空床取得可能,6,15,2026-09-28,埼玉県公式,https://www.pref.saitama.lg.jp/documents/8507/04saitama-tokuyo-0810.pdf,https://www.pref.saitama.lg.jp/documents/8507/04saitama-tokuyo-0810.pdf,48,True,True,True,True,2026-10-05T13:20:23+09:00,ok,
sk00071,敬寿園,特養,さいたま市見沼区,さいたま市見沼区片柳12 98,048-686-2611,1170300659,取得不可,,,2026-09-28,埼玉県公式,https://www.pref.saitama.lg.jp/documents/8507/04saitama-tokuyo-0810.pdf,,44,False,True,False,True,2026-10-05T13:20:23+09:00,ok,
sk00072,敬寿園七里ホーム,特養,さいたま市見沼区,さいたま市見沼区大谷20 22-1,048-681-7310,1176513537,取得不可,,,2026-09-28,埼玉県公式,https://www.pref.saitama.lg.jp/documents/8507/04saitama-tokuyo-0810.pdf,,51,False,True,False,True,2026-10-05T13:20:23+09:00,ok,
sk00073,見沼緑水苑,特養,さいたま市見沼区,さいたま市見沼区大和田 町2-336,048-680-3711,1170300626,空床取得可能,1,75,2026-09-28,埼玉県公式,https://www.pref.saitama.lg.jp/documents/8507/04saitama-tokuyo-0810.pdf,https://www.pref.saitama.lg.jp/documents/8507/04saitama-tokuyo-0810.pdf,47,True,True,True,True,2026-10-05T13:20:23+09:00,ok,
sk00074,諏訪の苑,特養,さいたま市見沼区,さいたま市見沼区南中野 29,048-688-8700,1170300295,空床取得可能,0,105,2026-09-28,埼玉県公式,https://www.pref.saitama.lg.jp/documents/8507/04saitama-tokuyo-0810.pdf,https://www.pref.saitama.lg.jp/documents/8507/04saitama-tokuyo-0810.pdf,46,True,True,True,True,2026-10-05T13:20:23+09:00,ok,
sk00075,美しい自然と暮らす馬場 館,特養,ときがわ町,比企郡ときがわ町大字馬場256-2,0493-66-0070,1173201169,取得不可,,,2026-09-29,埼玉県公式,https://www.pref.saitama.lg.jp/documents/8507/06kawagoehiki-tokuyo-0810.pdf,,50,False,True,False,True,2026-10-05T13:20:23+09:00,ok,
sk00076,雰囲気はわが家と同じよ し乃郷,特養,ときがわ町,比企郡ときがわ町五明1449-2,0493-66-0150,1173200617,取得不可,,,2026-09-29,埼玉県公式,https://www.pref.saitama.lg.jp/documents/8507/06kawagoehiki-tokuyo-0810.pdf,,49,False,True,False,True,2026-10-05T13:20:23+09:00,ok,
sk00077,あやめの里,特養,ふじみ野市,ふじみ野市中福岡263,049-278-7753,1173000298,取得不可,,,2026-09-28,埼玉県公式,https://www.pref.saitama.lg.jp/documents/8507/02nanseibu-tokuyo-0810.pdf,,28,False,True,False,True,2026-10-05T13:20:23+09:00,ok,
sk00078,マザーアース,特養,ふじみ野市,ふじみ野市大井621-1,049-261-0700,1172400150,取得不可,,,2026-09-28,埼玉県公式,https://www.pref.saitama.lg.jp/documents/8507/02nanseibu-tokuyo-0810.pdf,,30,False,True,False,True,2026-10-05T13:20:23+09:00,ok,
sk00079,マザーアースサテライト,特養,ふじみ野市,ふじみ野市大井730-1 2,049-265-5280,1193000120,取得不可,,,2026-09-28,埼玉県公式,https://www.pref.saitama.lg.jp/documents/8507/02nanseibu-tokuyo-0810.pdf,,31,False,True,False,True,2026-10-05T13:20:23+09:00,ok,
sk00080,上野台の里,特養,ふじみ野市,ふじみ野市上野台二丁目 15番25号,049-261-6311,,取得不可,,,2026-09-28,埼玉県公式,https://www.pref.saitama.lg.jp/documents/8507/02nanseibu-tokuyo-0810.pdf,,34,False,True,False,True,2026-10-05T13:20:23+09:00,ok,
sk00081,大井苑,特養,ふじみ野市,ふじみ野市大井武蔵野1 277番1,049-262-8686,1173000421,取得不可,,,2026-09-28,埼玉県公式,https://www.pref.saitama.lg.jp/documents/8507/02nanseibu-tokuyo-0810.pdf,,32,False,True,False,True,2026-10-05T13:20:23+09:00,ok,
sk00082,秋桜の里かみふくおか,特養,ふじみ野市,ふじみ野市駒林1145-1秋桜の里 かみふくおか,049-269-3081,1173000033,空床取得可能,2,11,2026-09-28,埼玉県公式,https://www.pref.saitama.lg.jp/documents/8507/02nanseibu-tokuyo-0810.pdf,https://www.pref.saitama.lg.jp/documents/8507/02nanseibu-tokuyo-0810.pdf,29,True,True,True,True,2026-10-05T13:20:23+09:00,ok,
sk00083,鶴ケ岡苑,特養,ふじみ野市,ふじみ野市西鶴ケ岡215 8-3,049-265-8834,1193000104,取得不可,,,2026-09-28,埼玉県公式,https://www.pref.saitama.lg.jp/documents/8507/02nanseibu-tokuyo-0810.pdf,,33,False,True,False,True,2026-10-05T13:20:23+09:00,ok,
sk00084,こころ三芳,特養,三芳町,入間郡三芳町大字北永井946-1,049-259-6018,1172400945,取得不可,,,2026-09-28,埼玉県公式,https://www.pref.saitama.lg.jp/documents/8507/02nanseibu-tokuyo-0810.pdf,,37,False,True,False,True,2026-10-05T13:20:23+09:00,ok,
sk00085,みずほ苑,特養,三芳町,入間郡三芳町大字竹間沢735-1,049-258-9211,1172400143,取得不可,,,2026-09-28,埼玉県公式,https://www.pref.saitama.lg.jp/documents/8507/02nanseibu-tokuyo-0810.pdf,,35,False,True,False,True,2026-10-05T13:20:23+09:00,ok,
sk00086,みよし園,特養,三芳町,入間郡三芳町大字上富1784-8,049-259-1233,1172400168,取得不可,,,2026-09-28,埼玉県公式,https://www.pref.saitama.lg.jp/documents/8507/02nanseibu-tokuyo-0810.pdf,,36,False,True,False,True,2026-10-05T13:20:23+09:00,ok,
sk00087,桜荘,特養,三芳町,入間郡三芳町大字北永井字桜並415-1特別養護老人ホーム桜荘,049-274-7111,1172400895,取得不可,,,2026-09-28,埼玉県公式,https://www.pref.saitama.lg.jp/documents/8507/02nanseibu-tokuyo-0810.pdf,,38,False,True,False,True,2026-10-05T13:20:23+09:00,ok,
sk00088,あったかの家みさと,特養,三郷市,三郷市半田241-1,048-950-2240,1171201120,取得不可,,,2026-09-28,埼玉県公式,https://www.pref.saitama.lg.jp/documents/8507/03toubu-tokuyo-0810.pdf,,51,False,True,False,True,2026-10-05T13:20:23+09:00,ok,
sk00089,しいの木の郷,特養,三郷市,三郷市番匠免 1-314,048-949-4123,1171200239,取得不可,,,2026-09-28,埼玉県公式,https://www.pref.saitama.lg.jp/documents/8507/03toubu-tokuyo-0810.pdf,,50,False,True,False,True,2026-10-05T13:20:23+09:00,ok,
sk00090,みさとガーデン,特養,三郷市,小谷堀475-1特別養護老人ホームみさとガーデン,048-960-0351,1171201351,空床取得可能,1,14,2026-09-28,埼玉県公式,https://www.pref.saitama.lg.jp/documents/8507/03toubu-tokuyo-0810.pdf,https://www.pref.saitama.lg.jp/documents/8507/03toubu-tokuyo-0810.pdf,52,True,True,True,True,2026-10-05T13:20:23+09:00,ok,
sk00091,ガジュマルの郷,特養,三郷市,三郷市南蓮沼330-1特別養護老人ホームガジュマルの郷,048-953-8300,1171201781,取得不可,,,2026-09-28,埼玉県公式,https://www.pref.saitama.lg.jp/documents/8507/03toubu-tokuyo-0810.pdf,,55,False,True,False,True,2026-10-05T13:20:23+09:00,ok,
sk00092,タムスさくらの杜 三郷,特養,三郷市,三郷市栄4-381,048-951-5846,1171201542,空床取得可能,0,29,2026-09-28,埼玉県公式,https://www.pref.saitama.lg.jp/documents/8507/03toubu-tokuyo-0810.pdf,https://www.pref.saitama.lg.jp/documents/8507/03toubu-tokuyo-0810.pdf,54,True,True,True,True,2026-10-05T13:20:23+09:00,ok,
sk00093,三郷藤光苑,特養,三郷市,彦野1-202,048-954-0294,1171201682,空床取得可能,0,52,2026-09-28,埼玉県公式,https://www.pref.saitama.lg.jp/documents/8507/03toubu-tokuyo-0810.pdf,https://www.pref.saitama.lg.jp/documents/8507/03toubu-tokuyo-0810.pdf,49,True,True,True,True,2026-10-05T13:20:23+09:00,ok,
sk00094,小鳩園,特養,三郷市,三郷市中央4丁目8番地 7,048-952-0316,1171200254 / 1171202110,取得不可,,,2026-09-28,埼玉県公式,https://www.pref.saitama.lg.jp/documents/8507/03toubu-tokuyo-0810.pdf,,48,False,True,False,True,2026-10-05T13:20:23+09:00,ok,
sk00095,百年健康くらぶ彦成苑,特養,三郷市,三郷市上彦名127-3百年健康くらぶ彦成苑,048-957-6111,1191200151,空床取得可能,4,5,2026-09-28,埼玉県公式,https://www.pref.saitama.lg.jp/documents/8507/03toubu-tokuyo-0810.pdf,https://www.pref.saitama.lg.jp/documents/8507/03toubu-tokuyo-0810.pdf,53,True,True,True,True,2026-10-05T13:20:23+09:00,ok,
sk00096,あけぼの,特養,上尾市,上尾市上野567,048-726-6514,1171600248,空床取得可能,1,38,2026-09-29,埼玉県公式,https://www.pref.saitama.lg.jp/documents/8507/05kenou-tokuyo-0810.pdf,https://www.pref.saitama.lg.jp/documents/8507/05kenou-tokuyo-0810.pdf,18,True,True,True,True,2026-10-05T13:20:23+09:00,ok,
sk00097,ご福あげお,特養,上尾市,上尾市平方505,048-871-8529,1171602665,取得不可,,,2026-09-29,埼玉県公式,https://www.pref.saitama.lg.jp/documents/8507/05kenou-tokuyo-0810.pdf,,20,False,True,False,True,2026-10-05T13:20:23+09:00,ok,
sk00098,しののめ,特養,上尾市,上尾市大字平塚字大砂2141,048-778-5566,1171600446,待機人数のみ取得可能,,79,2026-09-29,埼玉県公式,https://www.pref.saitama.lg.jp/documents/8507/05kenou-tokuyo-0810.pdf,https://www.pref.saitama.lg.jp/documents/8507/05kenou-tokuyo-0810.pdf,11,False,True,True,True,2026-10-05T13:20:23+09:00,ok,
sk00099,ウエルハーネス上尾,特養,上尾市,上尾市向山一丁目14番地7,048-782-0575,1171600925,取得不可,,,2026-09-29,埼玉県公式,https://www.pref.saitama.lg.jp/documents/8507/05kenou-tokuyo-0810.pdf,,14,False,True,False,True,2026-10-05T13:20:23+09:00,ok,
sk00100,パストーン浅間台,特養,上尾市,上尾市浅間台2ー17ー1,048-777-1001,1171600644,空床取得可能,1,52,2026-09-29,埼玉県公式,https://www.pref.saitama.lg.jp/documents/8507/05kenou-tokuyo-0810.pdf,https://www.pref.saitama.lg.jp/documents/8507/05kenou-tokuyo-0810.pdf,19,True,True,True,True,2026-10-05T13:20:23+09:00,ok,
sk00101,上尾たいようの杜,特養,上尾市,上尾市西門前755番地1,048-774-9700,1171603218,取得不可,,,2026-09-29,埼玉県公式,https://www.pref.saitama.lg.jp/documents/8507/05kenou-tokuyo-0810.pdf,,22,False,True,False,True,2026-10-05T13:20:23+09:00,ok,
sk00102,上尾ほほえみの杜,特養,上尾市,上尾市畔吉1341番地1,048-780-1771,1171601683,空床取得可能,0,10,2026-09-29,埼玉県公式,https://www.pref.saitama.lg.jp/documents/8507/05kenou-tokuyo-0810.pdf,https://www.pref.saitama.lg.jp/documents/8507/05kenou-tokuyo-0810.pdf,15,True,True,True,True,2026-10-05T13:20:23+09:00,ok,
sk00103,上尾ほほえみの杜新館,特養,上尾市,上尾市畔吉1341-1,048-780-1771,1171603069,空床取得可能,0,20,2026-09-29,埼玉県公式,https://www.pref.saitama.lg.jp/documents/8507/05kenou-tokuyo-0810.pdf,https://www.pref.saitama.lg.jp/documents/8507/05kenou-tokuyo-0810.pdf,16,True,True,True,True,2026-10-05T13:20:23+09:00,ok,
sk00104,四季の郷 上尾,特養,上尾市,中新井333-2,048-783-2581,1171602681,空床取得可能,5,16,2026-09-29,埼玉県公式,https://www.pref.saitama.lg.jp/documents/8507/05kenou-tokuyo-0810.pdf,https://www.pref.saitama.lg.jp/documents/8507/05kenou-tokuyo-0810.pdf,21,True,True,True,True,2026-10-05T13:20:23+09:00,ok,
sk00105,新生ホーム,特養,上尾市,上尾市平方領々家224 -1,048-726-3100,,取得不可,,,2026-09-29,埼玉県公式,https://www.pref.saitama.lg.jp/documents/8507/05kenou-tokuyo-0810.pdf,,17,False,True,False,True,2026-10-05T13:20:23+09:00,ok,
sk00106,新生ホーム,特養,上尾市,上尾市平方領々家213 -1,048-726-3100,1171601667 / 1171600222,取得不可,,,,,https://www.pref.saitama.lg.jp/documents/8507/05kenou-tokuyo-0809.pdf,,,False,False,False,False,2026-10-05T13:20:23+09:00,not_listed_or_unmatched,
sk00107,椋の木,特養,上尾市,上尾市大字平塚322番 地,048-856-9901,1171602327,取得不可,,,2026-09-29,埼玉県公式,https://www.pref.saitama.lg.jp/documents/8507/05kenou-tokuyo-0810.pdf,,12,False,True,False,True,2026-10-05T13:20:23+09:00,ok,
sk00108,葺きの里,特養,上尾市,上尾市瓦葺2143番2,048-720-2288,1171600230 / 1171602624,空床取得可能,1,63,2026-09-29,埼玉県公式,https://www.pref.saitama.lg.jp/documents/8507/05kenou-tokuyo-0810.pdf,https://www.pref.saitama.lg.jp/documents/8507/05kenou-tokuyo-0810.pdf,13,True,True,True,True,2026-10-05T13:20:23+09:00,ok,
sk00109,たちばな,特養,上里町,児玉郡上里町大字大御堂806-1,0495-33-2928,1174200251,取得不可,,,2026-09-29,埼玉県公式,https://www.pref.saitama.lg.jp/documents/8507/09hokubu-tokuyo-0810.pdf,,41,False,True,False,True,2026-10-05T13:20:23+09:00,ok,
sk00110,ルピナス園,特養,上里町,児玉郡上里町大字堤489番地,0495-33-0909,1174200202,取得不可,,,2026-09-29,埼玉県公式,https://www.pref.saitama.lg.jp/documents/8507/09hokubu-tokuyo-0810.pdf,,40,False,True,False,True,2026-10-05T13:20:23+09:00,ok,
sk00111,心の里,特養,上里町,児玉郡上里町大字七本木420番地,0495-33-3352,1174201572,空床取得可能,2,1,2026-09-29,埼玉県公式,https://www.pref.saitama.lg.jp/documents/8507/09hokubu-tokuyo-0810.pdf,https://www.pref.saitama.lg.jp/documents/8507/09hokubu-tokuyo-0810.pdf,42,True,True,True,True,2026-10-05T13:20:23+09:00,ok,
sk00112,青空,特養,上里町,児玉郡上里町金久保777,0495-34-3388,1174200558,取得不可,,,2026-09-29,埼玉県公式,https://www.pref.saitama.lg.jp/documents/8507/09hokubu-tokuyo-0810.pdf,,39,False,True,False,True,2026-10-05T13:20:23+09:00,ok,
sk00113,しょうぶの里,特養,久喜市,久喜市菖蒲町下栢間 2815-1,0480-85-6688,1170500134,空床取得可能,0,25,2026-09-29,埼玉県公式,https://www.pref.saitama.lg.jp/documents/8507/08tone-tokuyo-0810.pdf,https://www.pref.saitama.lg.jp/documents/8507/08tone-tokuyo-0810.pdf,26,True,True,True,True,2026-10-05T13:20:23+09:00,ok,
sk00114,しょうぶ翔裕園,特養,久喜市,久喜市菖蒲町菖蒲5205,0480-87-0011,1170901548,取得不可,,,2026-09-29,埼玉県公式,https://www.pref.saitama.lg.jp/documents/8507/08tone-tokuyo-0810.pdf,,28,False,True,False,True,2026-10-05T13:20:23+09:00,ok,
sk00115,ローレル高柳,特養,久喜市,久喜市高柳字神取前2261特別養護老人ホームローレル高柳,0480-55-1171,1170901266,空床取得可能,1,11,2026-09-29,埼玉県公式,https://www.pref.saitama.lg.jp/documents/8507/08tone-tokuyo-0810.pdf,https://www.pref.saitama.lg.jp/documents/8507/08tone-tokuyo-0810.pdf,31,True,True,True,True,2026-10-05T13:20:23+09:00,ok,
sk00116,久喜ことぶき苑,特養,久喜市,上内1378番11,0480-59-2910,1170901647 / 1170901662,取得不可,,,2026-09-29,埼玉県公式,https://www.pref.saitama.lg.jp/documents/8507/08tone-tokuyo-0810.pdf,,33,False,True,False,True,2026-10-05T13:20:23+09:00,ok,
sk00117,喜びの里鷲宮,特養,久喜市,久喜市鷲宮3055番地1,0480-98-2100,1170901308,空床取得可能,1,9,2026-09-29,埼玉県公式,https://www.pref.saitama.lg.jp/documents/8507/08tone-tokuyo-0810.pdf,https://www.pref.saitama.lg.jp/documents/8507/08tone-tokuyo-0810.pdf,32,True,True,True,True,2026-10-05T13:20:23+09:00,ok,
sk00118,恒寿苑,特養,久喜市,久喜市中妻902-1,0480-58-7577,1171100249,取得不可,,,2026-09-29,埼玉県公式,https://www.pref.saitama.lg.jp/documents/8507/08tone-tokuyo-0810.pdf,,30,False,True,False,True,2026-10-05T13:20:23+09:00,ok,
sk00119,栗橋翔裕園,特養,久喜市,久喜市栗橋310-1,0480-52-6611,1171100256,取得不可,,,2026-09-29,埼玉県公式,https://www.pref.saitama.lg.jp/documents/8507/08tone-tokuyo-0810.pdf,,27,False,True,False,True,2026-10-05T13:20:23+09:00,ok,
sk00120,陽日館,特養,久喜市,久喜市下早見1728-1,0480-25-2100,1170900136 / 1170901100,取得不可,,,2026-09-29,埼玉県公式,https://www.pref.saitama.lg.jp/documents/8507/08tone-tokuyo-0810.pdf,,24,False,True,False,True,2026-10-05T13:20:23+09:00,ok,
sk00121,鶴寿荘,特養,久喜市,久喜市北青柳1364,0480-23-6288,1170900144,取得不可,,,2026-09-29,埼玉県公式,https://www.pref.saitama.lg.jp/documents/8507/08tone-tokuyo-0810.pdf,,25,False,True,False,True,2026-10-05T13:20:23+09:00,ok,
sk00122,鷲宮苑,特養,久喜市,久喜市上川崎607,0480-58-7762,1171100231,取得不可,,,2026-09-29,埼玉県公式,https://www.pref.saitama.lg.jp/documents/8507/08tone-tokuyo-0810.pdf,,29,False,True,False,True,2026-10-05T13:20:23+09:00,ok,
sk00123,こころの杜,特養,伊奈町,北足立郡伊奈町大字小 室5047番5,048-872-6016,1171300575,取得不可,,,2026-09-29,埼玉県公式,https://www.pref.saitama.lg.jp/documents/8507/05kenou-tokuyo-0810.pdf,,39,False,True,False,True,2026-10-05T13:20:23+09:00,ok,
sk00124,みちみち伊奈中央,特養,伊奈町,北足立郡伊奈町大字小室9544-3特別養護老人ホーム みちみち伊奈中央,048-723-5300,1171300492,取得不可,,,2026-09-29,埼玉県公式,https://www.pref.saitama.lg.jp/documents/8507/05kenou-tokuyo-0810.pdf,,37,False,True,False,True,2026-10-05T13:20:23+09:00,ok,
sk00125,みちみち伊奈北,特養,伊奈町,北足立郡伊奈町大字小針新宿368-1特別養護老人ホームみちみち伊奈北,048-729-2311,1171300542,取得不可,,,2026-09-29,埼玉県公式,https://www.pref.saitama.lg.jp/documents/8507/05kenou-tokuyo-0810.pdf,,38,False,True,False,True,2026-10-05T13:20:23+09:00,ok,
sk00126,伊奈の里,特養,伊奈町,北足立郡伊奈町中央1-93,048-723-1122,1171300112,取得不可,,,2026-09-29,埼玉県公式,https://www.pref.saitama.lg.jp/documents/8507/05kenou-tokuyo-0810.pdf,,36,False,True,False,True,2026-10-05T13:20:23+09:00,ok,
sk00127,おおぎ,特養,入間市,入間市東町4-1-77,04-2901-7021,1172802140 / 1172802132,取得不可,,,2026-09-29,埼玉県公式,https://www.pref.saitama.lg.jp/documents/8507/07seibu-tokuyo-0810.pdf,,42,False,True,False,True,2026-10-05T13:20:23+09:00,ok,
sk00128,けやき野の森,特養,入間市,入間市下藤沢1140番地 1,04-2937-5400,1172801928 / 1172801936,取得不可,,,2026-09-29,埼玉県公式,https://www.pref.saitama.lg.jp/documents/8507/07seibu-tokuyo-0810.pdf,,45,False,True,False,True,2026-10-05T13:20:23+09:00,ok,
sk00129,入間つつじの園,特養,入間市,入間市宮寺2467番地,04-2934-6800,1172801373,空床取得可能,0,30,2026-09-29,埼玉県公式,https://www.pref.saitama.lg.jp/documents/8507/07seibu-tokuyo-0810.pdf,https://www.pref.saitama.lg.jp/documents/8507/07seibu-tokuyo-0810.pdf,43,True,True,True,True,2026-10-05T13:20:23+09:00,ok,
sk00130,入間老人ホーム,特養,入間市,入間市小谷田1656番地 1,04-2963-4803,1172801662,空床取得可能,1,90,2026-09-29,埼玉県公式,https://www.pref.saitama.lg.jp/documents/8507/07seibu-tokuyo-0810.pdf,https://www.pref.saitama.lg.jp/documents/8507/07seibu-tokuyo-0810.pdf,40,True,True,True,True,2026-10-05T13:20:23+09:00,ok,
sk00131,扇揚苑,特養,入間市,入間市大字中神853-1,04-2935-0123,1172800565,取得不可,,,2026-09-29,埼玉県公式,https://www.pref.saitama.lg.jp/documents/8507/07seibu-tokuyo-0810.pdf,,41,False,True,False,True,2026-10-05T13:20:23+09:00,ok,
sk00132,杏樹苑,特養,入間市,入間市上藤沢 851-1,04-2966-7171,1172800144,取得不可,,,2026-09-29,埼玉県公式,https://www.pref.saitama.lg.jp/documents/8507/07seibu-tokuyo-0810.pdf,,37,False,True,False,True,2026-10-05T13:20:23+09:00,ok,
sk00133,杏樹苑爽風館(ショート転 換),特養,入間市,入間市大字仏子1111番 地1,04-2931-1616,1172801464,取得不可,,,,,https://www.pref.saitama.lg.jp/documents/8507/07seibu-tokuyo-0809.pdf,,,False,False,False,False,2026-10-05T13:20:23+09:00,not_listed_or_unmatched,
sk00134,聖愛園,特養,入間市,入間市二本木1083-1,04-2934-2431,1172800128,空床取得可能,7,30,2026-09-29,埼玉県公式,https://www.pref.saitama.lg.jp/documents/8507/07seibu-tokuyo-0810.pdf,https://www.pref.saitama.lg.jp/documents/8507/07seibu-tokuyo-0810.pdf,39,True,True,True,True,2026-10-05T13:20:23+09:00,ok,
sk00135,鍵山苑 1号館,特養,入間市,入間市鍵山3丁目11番2 号,04-2963-8877,1172801688 / 1172801696,取得不可,,,2026-09-29,埼玉県公式,https://www.pref.saitama.lg.jp/documents/8507/07seibu-tokuyo-0810.pdf,,44,False,True,False,True,2026-10-05T13:20:23+09:00,ok,
sk00136,やしおの郷,特養,八潮市,八潮市八條1221,048-948-7008,1171000969 / 1171000951,取得不可,,,2026-09-28,埼玉県公式,https://www.pref.saitama.lg.jp/documents/8507/03toubu-tokuyo-0810.pdf,,47,False,True,False,True,2026-10-05T13:20:23+09:00,ok,
sk00137,やしお苑,特養,八潮市,八潮市南川崎210-1,048-998-8881,1171000357,取得不可,,,2026-09-28,埼玉県公式,https://www.pref.saitama.lg.jp/documents/8507/03toubu-tokuyo-0810.pdf,,44,False,True,False,True,2026-10-05T13:20:23+09:00,ok,
sk00138,八潮いこいの里,特養,八潮市,八潮市大字垳526番地1,048-953-9640,1171000746 / 1171000738,取得不可,,,2026-09-28,埼玉県公式,https://www.pref.saitama.lg.jp/documents/8507/03toubu-tokuyo-0810.pdf,,46,False,True,False,True,2026-10-05T13:20:23+09:00,ok,
sk00139,杜の家やしお,特養,八潮市,八潮市鶴ケ曽根567番1,048-999-7667,1171000365,取得不可,,,2026-09-28,埼玉県公式,https://www.pref.saitama.lg.jp/documents/8507/03toubu-tokuyo-0810.pdf,,45,False,True,False,True,2026-10-05T13:20:23+09:00,ok,
sk00140,ことよりテラス,特養,加須市,加須市琴寄270-3,0480(53)6759,1173801323,取得不可,,,2026-09-29,埼玉県公式,https://www.pref.saitama.lg.jp/documents/8507/08tone-tokuyo-0810.pdf,,17,False,True,False,True,2026-10-05T13:20:23+09:00,ok,
sk00141,ふれ愛の郷,特養,加須市,加須市新川通179-1,0480-72-1590,1173600089,空床取得可能,1,55,2026-09-29,埼玉県公式,https://www.pref.saitama.lg.jp/documents/8507/08tone-tokuyo-0810.pdf,https://www.pref.saitama.lg.jp/documents/8507/08tone-tokuyo-0810.pdf,15,True,True,True,True,2026-10-05T13:20:23+09:00,ok,
sk00142,みずほの里,特養,加須市,加須市平永142,0480-61-2228,1173800176 / 1173801026,取得不可,,,2026-09-29,埼玉県公式,https://www.pref.saitama.lg.jp/documents/8507/08tone-tokuyo-0810.pdf,,10,False,True,False,True,2026-10-05T13:20:23+09:00,ok,
sk00143,ライゼ清輝苑,特養,加須市,加須市陽光台2-883- 75,0280-61-2120,1173600303,空床取得可能,0,24,2026-09-29,埼玉県公式,https://www.pref.saitama.lg.jp/documents/8507/08tone-tokuyo-0810.pdf,https://www.pref.saitama.lg.jp/documents/8507/08tone-tokuyo-0810.pdf,13,True,True,True,True,2026-10-05T13:20:23+09:00,ok,
sk00144,万葉の郷,特養,加須市,加須市新川通105番地1,0480-72-1165,1173600410,空床取得可能,1,15,2026-09-29,埼玉県公式,https://www.pref.saitama.lg.jp/documents/8507/08tone-tokuyo-0810.pdf,https://www.pref.saitama.lg.jp/documents/8507/08tone-tokuyo-0810.pdf,16,True,True,True,True,2026-10-05T13:20:23+09:00,ok,
sk00145,久下けやきハウス,特養,加須市,加須市久下3-6-1,0480-67-0014,1173800465,空床取得可能,0,10,2026-09-29,埼玉県公式,https://www.pref.saitama.lg.jp/documents/8507/08tone-tokuyo-0810.pdf,https://www.pref.saitama.lg.jp/documents/8507/08tone-tokuyo-0810.pdf,11,True,True,True,True,2026-10-05T13:20:23+09:00,ok,
sk00146,利根いこいの里,特養,加須市,加須市大越 1-933,0480-69-1530,1173800168 / 1173800952,取得不可,,,2026-09-29,埼玉県公式,https://www.pref.saitama.lg.jp/documents/8507/08tone-tokuyo-0810.pdf,,8,False,True,False,True,2026-10-05T13:20:23+09:00,ok,
sk00147,加須清輝苑,特養,加須市,加須市陽光台2丁目883 -78,0280-23-1112,1173801018,取得不可,,,2026-09-29,埼玉県公式,https://www.pref.saitama.lg.jp/documents/8507/08tone-tokuyo-0810.pdf,,14,False,True,False,True,2026-10-05T13:20:23+09:00,ok,
sk00148,多賀谷寿光園,特養,加須市,加須市上崎2037-1,0480-73-3161,1173600071,空床取得可能,0,74,2026-09-29,埼玉県公式,https://www.pref.saitama.lg.jp/documents/8507/08tone-tokuyo-0810.pdf,https://www.pref.saitama.lg.jp/documents/8507/08tone-tokuyo-0810.pdf,12,True,True,True,True,2026-10-05T13:20:23+09:00,ok,
sk00149,愛泉苑,特養,加須市,加須市水深869-1,0480-65-4122,1173800150,取得不可,,,2026-09-29,埼玉県公式,https://www.pref.saitama.lg.jp/documents/8507/08tone-tokuyo-0810.pdf,,9,False,True,False,True,2026-10-05T13:20:23+09:00,ok,
sk00150,特養騎西,特養,加須市,加須市日出安1268,0480-70-1070,1173801703 / 1193800172,空床取得可能,7,17,2026-09-29,埼玉県公式,https://www.pref.saitama.lg.jp/documents/8507/08tone-tokuyo-0810.pdf,https://www.pref.saitama.lg.jp/documents/8507/08tone-tokuyo-0810.pdf,18,True,True,True,True,2026-10-05T13:20:23+09:00,ok,
sk00151,きたもと寿苑,特養,北本市,北本市二ツ家3丁目113 -3,048-501-8600,1175300704,空床取得可能,0,10,2026-09-29,埼玉県公式,https://www.pref.saitama.lg.jp/documents/8507/05kenou-tokuyo-0810.pdf,https://www.pref.saitama.lg.jp/documents/8507/05kenou-tokuyo-0810.pdf,33,True,True,True,True,2026-10-05T13:20:23+09:00,ok,
sk00152,けやきの杜,特養,北本市,北本市朝日1-30-1,048-593-8080,1175300670 / 1175300662,空床取得可能,8,8,2026-09-29,埼玉県公式,https://www.pref.saitama.lg.jp/documents/8507/05kenou-tokuyo-0810.pdf,https://www.pref.saitama.lg.jp/documents/8507/05kenou-tokuyo-0810.pdf,32,True,True,True,True,2026-10-05T13:20:23+09:00,ok,
sk00153,さくら苑,特養,北本市,北本市深井5-67,048-541-7771,1175300076,空床取得可能,0,11,2026-09-29,埼玉県公式,https://www.pref.saitama.lg.jp/documents/8507/05kenou-tokuyo-0810.pdf,https://www.pref.saitama.lg.jp/documents/8507/05kenou-tokuyo-0810.pdf,29,True,True,True,True,2026-10-05T13:20:23+09:00,ok,
sk00154,ちとせ北本,特養,北本市,北本市深井3-25-1,048-579-5110,1175300936,空床取得可能,0,38,2026-09-29,埼玉県公式,https://www.pref.saitama.lg.jp/documents/8507/05kenou-tokuyo-0810.pdf,https://www.pref.saitama.lg.jp/documents/8507/05kenou-tokuyo-0810.pdf,34,True,True,True,True,2026-10-05T13:20:23+09:00,ok,
sk00155,びおもす蒲桜,特養,北本市,北本市中丸9-257,048-598-7166,1175301066 / 1175301058,取得不可,,,2026-09-29,埼玉県公式,https://www.pref.saitama.lg.jp/documents/8507/05kenou-tokuyo-0810.pdf,,35,False,True,False,True,2026-10-05T13:20:23+09:00,ok,
sk00156,サニーホーム,特養,北本市,北本市緑4丁目104番地,048-591-3233,1175300068,空床取得可能,1,30,2026-09-29,埼玉県公式,https://www.pref.saitama.lg.jp/documents/8507/05kenou-tokuyo-0810.pdf,https://www.pref.saitama.lg.jp/documents/8507/05kenou-tokuyo-0810.pdf,30,True,True,True,True,2026-10-05T13:20:23+09:00,ok,
sk00157,チェリーヒルズ北本,特養,北本市,北本市石戸5-143-1,048-593-8282,1175300423,空床取得可能,0,15,2026-09-29,埼玉県公式,https://www.pref.saitama.lg.jp/documents/8507/05kenou-tokuyo-0810.pdf,https://www.pref.saitama.lg.jp/documents/8507/05kenou-tokuyo-0810.pdf,31,True,True,True,True,2026-10-05T13:20:23+09:00,ok,
sk00158,ききょう苑,特養,吉川市,吉川市飯島274,048-984-1603,1176400099,取得不可,,,2026-09-28,埼玉県公式,https://www.pref.saitama.lg.jp/documents/8507/03toubu-tokuyo-0810.pdf,,57,False,True,False,True,2026-10-05T13:20:23+09:00,ok,
sk00159,ほほえみの家,特養,吉川市,吉川市大字上内川448番1ほほえみの家,048-993-1616,1196400079,取得不可,,,2026-09-28,埼玉県公式,https://www.pref.saitama.lg.jp/documents/8507/03toubu-tokuyo-0810.pdf,,58,False,True,False,True,2026-10-05T13:20:23+09:00,ok,
sk00160,みなみの苑,特養,吉川市,吉川市中曽根1559-2,048-984-0373,1176400750,空床取得可能,0,33,2026-09-28,埼玉県公式,https://www.pref.saitama.lg.jp/documents/8507/03toubu-tokuyo-0810.pdf,https://www.pref.saitama.lg.jp/documents/8507/03toubu-tokuyo-0810.pdf,59,True,True,True,True,2026-10-05T13:20:23+09:00,ok,
sk00161,吉川平成園,特養,吉川市,吉川市大字加藤字中道187-1,048-981-8811,1176400107,取得不可,,,2026-09-28,埼玉県公式,https://www.pref.saitama.lg.jp/documents/8507/03toubu-tokuyo-0810.pdf,,56,False,True,False,True,2026-10-05T13:20:23+09:00,ok,
sk00162,常磐苑,特養,吉見町,比企郡吉見町大字北吉見350,0493-54-1333,1173200310,取得不可,,,2026-09-29,埼玉県公式,https://www.pref.saitama.lg.jp/documents/8507/06kawagoehiki-tokuyo-0810.pdf,,46,False,True,False,True,2026-10-05T13:20:23+09:00,ok,
sk00163,和光苑,特養,和光市,和光市新倉8-23-1,048-468-3355,1172502872,取得不可,,,2026-09-28,埼玉県公式,https://www.pref.saitama.lg.jp/documents/8507/02nanseibu-tokuyo-0810.pdf,,10,False,True,False,True,2026-10-05T13:20:23+09:00,ok,
sk00164,さかどロイヤルの園,特養,坂戸市,坂戸市大字森戸739番 地1,049-279-1400,1176001053,空床取得可能,3,17,2026-09-29,埼玉県公式,https://www.pref.saitama.lg.jp/documents/8507/06kawagoehiki-tokuyo-0810.pdf,https://www.pref.saitama.lg.jp/documents/8507/06kawagoehiki-tokuyo-0810.pdf,28,True,True,True,True,2026-10-05T13:20:23+09:00,ok,
sk00165,サークルホームかたやな ぎ,特養,坂戸市,坂戸市片柳1431-1,049-298-4351,1196000234,取得不可,,,2026-09-29,埼玉県公式,https://www.pref.saitama.lg.jp/documents/8507/06kawagoehiki-tokuyo-0810.pdf,,26,False,True,False,True,2026-10-05T13:20:23+09:00,ok,
sk00166,シャローム・ガーデン坂戸,特養,坂戸市,坂戸市新堀 1-1,049-282-4590,1176000105,空床取得可能,0,83,2026-09-29,埼玉県公式,https://www.pref.saitama.lg.jp/documents/8507/06kawagoehiki-tokuyo-0810.pdf,https://www.pref.saitama.lg.jp/documents/8507/06kawagoehiki-tokuyo-0810.pdf,27,True,True,True,True,2026-10-05T13:20:23+09:00,ok,
sk00167,坂戸サークルホーム,特養,坂戸市,坂戸市石井1684,049-283-7851,1176000097,取得不可,,,2026-09-29,埼玉県公式,https://www.pref.saitama.lg.jp/documents/8507/06kawagoehiki-tokuyo-0810.pdf,,24,False,True,False,True,2026-10-05T13:20:23+09:00,ok,
sk00168,好日の家,特養,坂戸市,坂戸市浅羽1130番1,049-298-3633,1176001301,空床取得可能,0,117,2026-09-29,埼玉県公式,https://www.pref.saitama.lg.jp/documents/8507/06kawagoehiki-tokuyo-0810.pdf,https://www.pref.saitama.lg.jp/documents/8507/06kawagoehiki-tokuyo-0810.pdf,29,True,True,True,True,2026-10-05T13:20:23+09:00,ok,
sk00169,小沼サークルホーム,特養,坂戸市,坂戸市小沼490-1,049-284-3751,1176001293,取得不可,,,2026-09-29,埼玉県公式,https://www.pref.saitama.lg.jp/documents/8507/06kawagoehiki-tokuyo-0810.pdf,,25,False,True,False,True,2026-10-05T13:20:23+09:00,ok,
sk00170,ひだまりの郷,特養,宮代町,南埼玉郡宮代町字姫宮1 65番地1,0480-37-3801,1170501082,取得不可,,,2026-09-29,埼玉県公式,https://www.pref.saitama.lg.jp/documents/8507/08tone-tokuyo-0810.pdf,,53,False,True,False,True,2026-10-05T13:20:23+09:00,ok,
sk00171,ふるとねの郷,特養,宮代町,南埼玉郡宮代町和戸860-1,0480-37-3388,1190500080,取得不可,,,2026-09-29,埼玉県公式,https://www.pref.saitama.lg.jp/documents/8507/08tone-tokuyo-0810.pdf,,51,False,True,False,True,2026-10-05T13:20:23+09:00,ok,
sk00172,みどりの森,特養,宮代町,南埼玉郡宮代町和戸1780-1特別養護老人ホームみどりの森,0480-34-8881,1170500126,取得不可,,,2026-09-29,埼玉県公式,https://www.pref.saitama.lg.jp/documents/8507/08tone-tokuyo-0810.pdf,,50,False,True,False,True,2026-10-05T13:20:23+09:00,ok,
sk00173,もみの木,特養,宮代町,南埼玉郡宮代町金原567,0480-33-5580,1170500852,取得不可,,,2026-09-29,埼玉県公式,https://www.pref.saitama.lg.jp/documents/8507/08tone-tokuyo-0810.pdf,,52,False,True,False,True,2026-10-05T13:20:23+09:00,ok,
sk00174,あきやま苑,特養,寄居町,大里郡寄居町大字秋山721,048-581-8710,1174500320,取得不可,,,2026-09-29,埼玉県公式,https://www.pref.saitama.lg.jp/documents/8507/09hokubu-tokuyo-0810.pdf,,43,False,True,False,True,2026-10-05T13:20:23+09:00,ok,
sk00175,よりい,特養,寄居町,大里郡寄居町大字用土133番地1特別養護老人ホームよりい,048-578-5058,1174501831,取得不可,,,2026-09-29,埼玉県公式,https://www.pref.saitama.lg.jp/documents/8507/09hokubu-tokuyo-0810.pdf,,45,False,True,False,True,2026-10-05T13:20:23+09:00,ok,
sk00176,花ぞの,特養,寄居町,大里郡寄居町大字用土2440番地5,048-584-7187,1174501294,取得不可,,,2026-09-29,埼玉県公式,https://www.pref.saitama.lg.jp/documents/8507/09hokubu-tokuyo-0810.pdf,,44,False,True,False,True,2026-10-05T13:20:23+09:00,ok,
sk00177,えぶりわん鶴瀬Nisi,特養,富士見市,富士見市鶴瀬西2丁目8 番25号,049-265-7714,1192900148,取得不可,,,2026-09-28,埼玉県公式,https://www.pref.saitama.lg.jp/documents/8507/02nanseibu-tokuyo-0810.pdf,,26,False,True,False,True,2026-10-05T13:20:23+09:00,ok,
sk00178,こぶしの里,特養,富士見市,富士見市上南畑2836,049-275-1000,1172900696,空床取得可能,0,40,2026-09-28,埼玉県公式,https://www.pref.saitama.lg.jp/documents/8507/02nanseibu-tokuyo-0810.pdf,https://www.pref.saitama.lg.jp/documents/8507/02nanseibu-tokuyo-0810.pdf,23,True,True,True,True,2026-10-05T13:20:23+09:00,ok,
sk00179,はるな苑,特養,富士見市,富士見市大字勝瀬512 番1,049-268-5612,1172900639,空床取得可能,0,18,2026-09-28,埼玉県公式,https://www.pref.saitama.lg.jp/documents/8507/02nanseibu-tokuyo-0810.pdf,https://www.pref.saitama.lg.jp/documents/8507/02nanseibu-tokuyo-0810.pdf,22,True,True,True,True,2026-10-05T13:20:23+09:00,ok,
sk00180,ふじみ苑,特養,富士見市,富士見市大字鶴馬3360番地1ケアセンターふじみ,049-251-1030,1172900514 / 1172901322,取得不可,,,2026-09-28,埼玉県公式,https://www.pref.saitama.lg.jp/documents/8507/02nanseibu-tokuyo-0810.pdf,,21,False,True,False,True,2026-10-05T13:20:23+09:00,ok,
sk00181,むさしの,特養,富士見市,富士見市南畑新田16-1,049-255-6102,1172900357,空床取得可能,4,77,2026-09-28,埼玉県公式,https://www.pref.saitama.lg.jp/documents/8507/02nanseibu-tokuyo-0810.pdf,https://www.pref.saitama.lg.jp/documents/8507/02nanseibu-tokuyo-0810.pdf,19,True,True,True,True,2026-10-05T13:20:23+09:00,ok,
sk00182,むさしの,特養,富士見市,富士見市水子1882番地1ひだまりの庭 むさしの,049-275-6300,1192900114,取得不可,,,2026-09-28,埼玉県公式,https://www.pref.saitama.lg.jp/documents/8507/02nanseibu-tokuyo-0810.pdf,,20,False,True,False,True,2026-10-05T13:20:23+09:00,ok,
sk00183,ウィステリア鶴瀬,特養,富士見市,富士見市大字鶴馬2591-1,049-275-3311,1192900098,取得不可,,,2026-09-28,埼玉県公式,https://www.pref.saitama.lg.jp/documents/8507/02nanseibu-tokuyo-0810.pdf,,24,False,True,False,True,2026-10-05T13:20:23+09:00,ok,
sk00184,ハレサク,特養,富士見市,上沢1丁目21-38,049-265-7739,1172901553,空床取得可能,1,143,2026-09-28,埼玉県公式,https://www.pref.saitama.lg.jp/documents/8507/02nanseibu-tokuyo-0810.pdf,https://www.pref.saitama.lg.jp/documents/8507/02nanseibu-tokuyo-0810.pdf,27,True,True,True,True,2026-10-05T13:20:23+09:00,ok,
sk00185,羽沢の里,特養,富士見市,富士見市羽沢3-1-27,049-293-1333,1192900213,空床取得可能,0,20,2026-09-28,埼玉県公式,https://www.pref.saitama.lg.jp/documents/8507/02nanseibu-tokuyo-0810.pdf,https://www.pref.saitama.lg.jp/documents/8507/02nanseibu-tokuyo-0810.pdf,25,True,True,True,True,2026-10-05T13:20:23+09:00,ok,
sk00186,さくらぎ苑,特養,小川町,比企郡小川町飯田117,0493-72-7030,1173200336,取得不可,,,2026-09-29,埼玉県公式,https://www.pref.saitama.lg.jp/documents/8507/06kawagoehiki-tokuyo-0810.pdf,,43,False,True,False,False,2026-10-05T13:20:23+09:00,ok,
sk00187,小川ひなた荘,特養,小川町,比企郡小川町小川1548-1,0493-74-2191,1173200344,空床取得可能,0,18,2026-09-29,埼玉県公式,https://www.pref.saitama.lg.jp/documents/8507/06kawagoehiki-tokuyo-0810.pdf,https://www.pref.saitama.lg.jp/documents/8507/06kawagoehiki-tokuyo-0810.pdf,42,True,True,True,True,2026-10-05T13:20:23+09:00,ok,
sk00188,小鹿野苑,特養,小鹿野町,秩父郡小鹿野町下小鹿野2551,0494-75-3920,1174800225,空床取得可能,0,24,2026-09-29,埼玉県公式,https://www.pref.saitama.lg.jp/documents/8507/10titibu-tokuyo-0810.pdf,https://www.pref.saitama.lg.jp/documents/8507/10titibu-tokuyo-0810.pdf,13,True,True,True,True,2026-10-05T13:20:23+09:00,ok,
sk00189,巨香の郷,特養,小鹿野町,秩父郡小鹿野町小鹿野4 71番地,0494-26-7705,1194800114,空床取得可能,0,18,2026-09-29,埼玉県公式,https://www.pref.saitama.lg.jp/documents/8507/10titibu-tokuyo-0810.pdf,https://www.pref.saitama.lg.jp/documents/8507/10titibu-tokuyo-0810.pdf,14,True,True,True,True,2026-10-05T13:20:23+09:00,ok,
sk00190,花菖蒲・両神,特養,小鹿野町,秩父郡小鹿野町両神薄1060番地1,0494-72-8050,1174800571,空床取得可能,0,52,2026-09-29,埼玉県公式,https://www.pref.saitama.lg.jp/documents/8507/10titibu-tokuyo-0810.pdf,https://www.pref.saitama.lg.jp/documents/8507/10titibu-tokuyo-0810.pdf,15,True,True,True,True,2026-10-05T13:20:23+09:00,ok,
sk00191,らんざん苑,特養,嵐山町,比企郡嵐山町越畑1371-1,0493-63-1261,1173200351,空床取得可能,0,44,2026-09-29,埼玉県公式,https://www.pref.saitama.lg.jp/documents/8507/06kawagoehiki-tokuyo-0810.pdf,https://www.pref.saitama.lg.jp/documents/8507/06kawagoehiki-tokuyo-0810.pdf,41,True,True,True,True,2026-10-05T13:20:23+09:00,ok,
sk00192,武蔵野ユートピアダイアナ クラブ,特養,嵐山町,比企郡嵐山町大字古里696番地1,0493-62-5891,1173200369,空床取得可能,13,10,2026-09-29,埼玉県公式,https://www.pref.saitama.lg.jp/documents/8507/06kawagoehiki-tokuyo-0810.pdf,https://www.pref.saitama.lg.jp/documents/8507/06kawagoehiki-tokuyo-0810.pdf,40,True,True,True,True,2026-10-05T13:20:23+09:00,ok,
sk00193,かわぐちロイヤルの園,特養,川口市,川口市西立野48番地,048-290-7373,1170205742,空床取得可能,5,28,2026-09-28,埼玉県公式,https://www.pref.saitama.lg.jp/documents/8507/01nanbu-tokuyo-0810.pdf,https://www.pref.saitama.lg.jp/documents/8507/01nanbu-tokuyo-0810.pdf,30,True,True,True,True,2026-10-05T13:20:23+09:00,ok,
sk00194,かわぐち翔裕園,特養,川口市,川口市赤芝新田114-1,048-290-7660,1170204133,取得不可,,,2026-09-28,埼玉県公式,https://www.pref.saitama.lg.jp/documents/8507/01nanbu-tokuyo-0810.pdf,,19,False,True,False,True,2026-10-05T13:20:23+09:00,ok,
sk00195,くすのき,特養,川口市,川口市原町4番5号,048-271-5550,1190200442,空床取得可能,0,30,2026-09-28,埼玉県公式,https://www.pref.saitama.lg.jp/documents/8507/01nanbu-tokuyo-0810.pdf,https://www.pref.saitama.lg.jp/documents/8507/01nanbu-tokuyo-0810.pdf,21,True,True,True,True,2026-10-05T13:20:23+09:00,ok,
sk00196,さくらの里,特養,川口市,川口市大字峯888番1,048-296-3733,1170205213,空床取得可能,3,34,2026-09-28,埼玉県公式,https://www.pref.saitama.lg.jp/documents/8507/01nanbu-tokuyo-0810.pdf,https://www.pref.saitama.lg.jp/documents/8507/01nanbu-tokuyo-0810.pdf,27,True,True,True,True,2026-10-05T13:20:23+09:00,ok,
sk00197,さざんかの郷,特養,川口市,川口市新井宿824,048-285-3550,1170208860,空床取得可能,0,36,2026-09-28,埼玉県公式,https://www.pref.saitama.lg.jp/documents/8507/01nanbu-tokuyo-0810.pdf,https://www.pref.saitama.lg.jp/documents/8507/01nanbu-tokuyo-0810.pdf,4,True,True,True,True,2026-10-05T13:20:23+09:00,ok,
sk00198,とわの郷,特養,川口市,川口市赤山76-1特別養護老人ホームとわの郷,048-430-7710,1170208878,空床取得可能,0,28,2026-09-28,埼玉県公式,https://www.pref.saitama.lg.jp/documents/8507/01nanbu-tokuyo-0810.pdf,https://www.pref.saitama.lg.jp/documents/8507/01nanbu-tokuyo-0810.pdf,5,True,True,True,True,2026-10-05T13:20:23+09:00,ok,
sk00199,ひかり苑,特養,川口市,川口市坂下町4-16-3,048-286-3000,1172000091,取得不可,,,2026-09-28,埼玉県公式,https://www.pref.saitama.lg.jp/documents/8507/01nanbu-tokuyo-0810.pdf,,22,False,True,False,True,2026-10-05T13:20:23+09:00,ok,
sk00200,みちあい,特養,川口市,川口市道合874番地4,048-284-6100,1190200491,取得不可,,,2026-09-28,埼玉県公式,https://www.pref.saitama.lg.jp/documents/8507/01nanbu-tokuyo-0810.pdf,,28,False,True,False,True,2026-10-05T13:20:23+09:00,ok,
sk00201,カーサ・川口,特養,川口市,川口市前野宿1-1,048-280-5501,1170208886,取得不可,,,2026-09-28,埼玉県公式,https://www.pref.saitama.lg.jp/documents/8507/01nanbu-tokuyo-0810.pdf,,32,False,True,False,True,2026-10-05T13:20:23+09:00,ok,
sk00202,タムスさくらの杜 川口,特養,川口市,川口市神戸539番地5,048-291-5601,1170204695,空床取得可能,0,17,2026-09-28,埼玉県公式,https://www.pref.saitama.lg.jp/documents/8507/01nanbu-tokuyo-0810.pdf,https://www.pref.saitama.lg.jp/documents/8507/01nanbu-tokuyo-0810.pdf,24,True,True,True,True,2026-10-05T13:20:23+09:00,ok,
sk00203,タムスさくらの杜 新井宿,特養,川口市,新井宿250-1,048-452-8722,1170209272 / 1170209280,空床取得可能,0,42,2026-09-28,埼玉県公式,https://www.pref.saitama.lg.jp/documents/8507/01nanbu-tokuyo-0810.pdf,https://www.pref.saitama.lg.jp/documents/8507/01nanbu-tokuyo-0810.pdf,26,True,True,True,True,2026-10-05T13:20:23+09:00,ok,
sk00204,タムスさくらの杜 道合,特養,川口市,川口市道合1318-1特別養護老人ホーム タムスさくらの杜道合,048-299-8685,1170206906,空床取得可能,1,10,2026-09-28,埼玉県公式,https://www.pref.saitama.lg.jp/documents/8507/01nanbu-tokuyo-0810.pdf,https://www.pref.saitama.lg.jp/documents/8507/01nanbu-tokuyo-0810.pdf,25,True,True,True,True,2026-10-05T13:20:23+09:00,ok,
sk00205,ベルホーム,特養,川口市,川口市辻958,048-283-3061,1172000174,空床取得可能,0,42,2026-09-28,埼玉県公式,https://www.pref.saitama.lg.jp/documents/8507/01nanbu-tokuyo-0810.pdf,https://www.pref.saitama.lg.jp/documents/8507/01nanbu-tokuyo-0810.pdf,23,True,True,True,True,2026-10-05T13:20:23+09:00,ok,
sk00206,マッシーテラス,特養,川口市,川口市芝下1-1-36,048-262-0505,1170204174,空床取得可能,3,90,2026-09-28,埼玉県公式,https://www.pref.saitama.lg.jp/documents/8507/01nanbu-tokuyo-0810.pdf,https://www.pref.saitama.lg.jp/documents/8507/01nanbu-tokuyo-0810.pdf,20,True,True,True,True,2026-10-05T13:20:23+09:00,ok,
sk00207,リバー・イン,特養,川口市,川口市上青木5-5-54,048-261-5776,1170201279,取得不可,,,2026-09-28,埼玉県公式,https://www.pref.saitama.lg.jp/documents/8507/01nanbu-tokuyo-0810.pdf,,11,False,True,False,True,2026-10-05T13:20:23+09:00,ok,
sk00208,和楽苑,特養,川口市,川口市大字安行領家506番地の15,048-298-9100,1170201386,取得不可,,,2026-09-28,埼玉県公式,https://www.pref.saitama.lg.jp/documents/8507/01nanbu-tokuyo-0810.pdf,,12,False,True,False,True,2026-10-05T13:20:23+09:00,ok,
sk00209,孝の季苑,特養,川口市,川口市青木5丁目17番2 3号,048-299-9311,1170208365,取得不可,,,2026-09-28,埼玉県公式,https://www.pref.saitama.lg.jp/documents/8507/01nanbu-tokuyo-0810.pdf,,31,False,True,False,True,2026-10-05T13:20:23+09:00,ok,
sk00210,川口かがやきの里,特養,川口市,川口市西新井宿1065-1,048-291-5060,1170203838,取得不可,,,2026-09-28,埼玉県公式,https://www.pref.saitama.lg.jp/documents/8507/01nanbu-tokuyo-0810.pdf,,18,False,True,False,True,2026-10-05T13:20:23+09:00,ok,
sk00211,川口しあわせの里,特養,川口市,川口市安行領根岸字原 山3763,048-283-3003,1170203200,取得不可,,,2026-09-28,埼玉県公式,https://www.pref.saitama.lg.jp/documents/8507/01nanbu-tokuyo-0810.pdf,,10,False,True,False,True,2026-10-05T13:20:23+09:00,ok,
sk00212,川口ほほえみの里,特養,川口市,川口市大字西新井宿980番地,048-299-8824,1170206880,取得不可,,,2026-09-28,埼玉県公式,https://www.pref.saitama.lg.jp/documents/8507/01nanbu-tokuyo-0810.pdf,,9,False,True,False,True,2026-10-05T13:20:23+09:00,ok,
sk00213,川口みやびの郷,特養,川口市,川口市石神58,048-290-7777,1170206351,取得不可,,,2026-09-28,埼玉県公式,https://www.pref.saitama.lg.jp/documents/8507/01nanbu-tokuyo-0810.pdf,,3,False,True,False,True,2026-10-05T13:20:23+09:00,ok,
sk00214,川口キングス・ガーデン,特養,川口市,川口市赤芝新田525-1,048-291-3300,1170203846,空床取得可能,2,12,2026-09-28,埼玉県公式,https://www.pref.saitama.lg.jp/documents/8507/01nanbu-tokuyo-0810.pdf,https://www.pref.saitama.lg.jp/documents/8507/01nanbu-tokuyo-0810.pdf,17,True,True,True,True,2026-10-05T13:20:23+09:00,ok,
sk00215,川口シニアセンター,特養,川口市,川口市西新井宿1216- 6,048-291-2120,1170203010 / 1190200483,取得不可,,,2026-09-28,埼玉県公式,https://www.pref.saitama.lg.jp/documents/8507/01nanbu-tokuyo-0810.pdf,,7,False,True,False,True,2026-10-05T13:20:23+09:00,ok,
sk00216,川口市特別養護老人ホー ム,特養,川口市,川口市大字赤井1055番地川口市高齢者総合福祉センターサンテピア,048-260-5901,1170203853,空床取得可能,4,32,2026-09-28,埼玉県公式,https://www.pref.saitama.lg.jp/documents/8507/01nanbu-tokuyo-0810.pdf,https://www.pref.saitama.lg.jp/documents/8507/01nanbu-tokuyo-0810.pdf,13,True,True,True,True,2026-10-05T13:20:23+09:00,ok,
sk00217,悠久の栖,特養,川口市,川口市道合937番-1,048-287-5151,1170205957 / 1190200533,空床取得可能,1,17,2026-09-28,埼玉県公式,https://www.pref.saitama.lg.jp/documents/8507/01nanbu-tokuyo-0810.pdf,https://www.pref.saitama.lg.jp/documents/8507/01nanbu-tokuyo-0810.pdf,29,True,True,True,True,2026-10-05T13:20:23+09:00,ok,
sk00218,春輝苑,特養,川口市,川口市青木3-20-15,048-240-6066,1170201774,取得不可,,,2026-09-28,埼玉県公式,https://www.pref.saitama.lg.jp/documents/8507/01nanbu-tokuyo-0810.pdf,,1,False,True,False,False,2026-10-05T13:20:23+09:00,ok,
sk00219,春香苑,特養,川口市,川口市末広3-3-30,048-222-2728,1170203556,取得不可,,,2026-09-28,埼玉県公式,https://www.pref.saitama.lg.jp/documents/8507/01nanbu-tokuyo-0810.pdf,,14,False,True,False,True,2026-10-05T13:20:23+09:00,ok,
sk00220,第2春香苑,特養,川口市,川口市末広3-4-13,048-223-8800,1170208019,空床取得可能,0,52,2026-09-28,埼玉県公式,https://www.pref.saitama.lg.jp/documents/8507/01nanbu-tokuyo-0810.pdf,https://www.pref.saitama.lg.jp/documents/8507/01nanbu-tokuyo-0810.pdf,15,True,True,True,True,2026-10-05T13:20:23+09:00,ok,
sk00221,第二川口シニアセンター,特養,川口市,川口市西新井宿1193-1第二川口シニアセンター,048-299-5292,1170207524 / 1170207532,空床取得可能,1,44,2026-09-28,埼玉県公式,https://www.pref.saitama.lg.jp/documents/8507/01nanbu-tokuyo-0810.pdf,https://www.pref.saitama.lg.jp/documents/8507/01nanbu-tokuyo-0810.pdf,8,True,True,True,True,2026-10-05T13:20:23+09:00,ok,
sk00222,紫水苑,特養,川口市,川口市石神 1560-1,048-294-8996,1170200685,空床取得可能,0,84,2026-09-28,埼玉県公式,https://www.pref.saitama.lg.jp/documents/8507/01nanbu-tokuyo-0810.pdf,https://www.pref.saitama.lg.jp/documents/8507/01nanbu-tokuyo-0810.pdf,2,True,True,True,True,2026-10-05T13:20:23+09:00,ok,
sk00223,親光,特養,川口市,川口市西新井宿931,048-285-1530,1170204398,空床取得可能,0,15,2026-09-28,埼玉県公式,https://www.pref.saitama.lg.jp/documents/8507/01nanbu-tokuyo-0810.pdf,https://www.pref.saitama.lg.jp/documents/8507/01nanbu-tokuyo-0810.pdf,6,True,True,True,True,2026-10-05T13:20:23+09:00,ok,
sk00224,香の里,特養,川口市,川口市安行小山456,048-298-6111,1170208043,空床取得可能,0,15,2026-09-28,埼玉県公式,https://www.pref.saitama.lg.jp/documents/8507/01nanbu-tokuyo-0810.pdf,https://www.pref.saitama.lg.jp/documents/8507/01nanbu-tokuyo-0810.pdf,16,True,True,True,True,2026-10-05T13:20:23+09:00,ok,
sk00225,ひまわり,特養,川島町,比企郡川島町山ヶ谷戸5 19-1,049-299-0031,1173201417,空床取得可能,0,30,2026-09-29,埼玉県公式,https://www.pref.saitama.lg.jp/documents/8507/06kawagoehiki-tokuyo-0810.pdf,https://www.pref.saitama.lg.jp/documents/8507/06kawagoehiki-tokuyo-0810.pdf,45,True,True,True,True,2026-10-05T13:20:23+09:00,ok,
sk00226,永楽園,特養,川島町,比企郡川島町大字表147-1,049-297-5207,1173200328,取得不可,,,2026-09-29,埼玉県公式,https://www.pref.saitama.lg.jp/documents/8507/06kawagoehiki-tokuyo-0810.pdf,,44,False,True,False,True,2026-10-05T13:20:23+09:00,ok,
sk00227,ここしあ,特養,川越市,小ヶ谷88番地,049-238-3311,1170404758,空床取得可能,0,42,2026-09-29,埼玉県公式,https://www.pref.saitama.lg.jp/documents/8507/06kawagoehiki-tokuyo-0810.pdf,https://www.pref.saitama.lg.jp/documents/8507/06kawagoehiki-tokuyo-0810.pdf,15,True,True,True,True,2026-10-05T13:20:23+09:00,ok,
sk00228,すみれの里・川越,特養,川越市,川越市古谷本郷1487-1,049-230-1333,1170400236,取得不可,,,2026-09-29,埼玉県公式,https://www.pref.saitama.lg.jp/documents/8507/06kawagoehiki-tokuyo-0810.pdf,,1,False,True,False,False,2026-10-05T13:20:23+09:00,ok,
sk00229,はつかりの里,特養,川越市,川越市石原二丁目68番 地5,049-225-7055,,取得不可,,,2026-09-29,埼玉県公式,https://www.pref.saitama.lg.jp/documents/8507/06kawagoehiki-tokuyo-0810.pdf,,13,False,True,False,True,2026-10-05T13:20:23+09:00,ok,
sk00230,ひろ家,特養,川越市,川越市下広谷1274-1,049-298-3343,,空床取得可能,0,4,2026-09-29,埼玉県公式,https://www.pref.saitama.lg.jp/documents/8507/06kawagoehiki-tokuyo-0810.pdf,https://www.pref.saitama.lg.jp/documents/8507/06kawagoehiki-tokuyo-0810.pdf,17,True,True,True,True,2026-10-05T13:20:23+09:00,ok,
sk00231,ぽぷらの樹,特養,川越市,川越市大字牛子字東町708番地1,049-248-8350,1170400244,取得不可,,,2026-09-29,埼玉県公式,https://www.pref.saitama.lg.jp/documents/8507/06kawagoehiki-tokuyo-0810.pdf,,2,False,True,False,True,2026-10-05T13:20:23+09:00,ok,
sk00232,みどりのまち親愛,特養,川越市,川越市中台南2丁目15 番地10,049-246-5611,1170404212,空床取得可能,2,45,2026-09-29,埼玉県公式,https://www.pref.saitama.lg.jp/documents/8507/06kawagoehiki-tokuyo-0810.pdf,https://www.pref.saitama.lg.jp/documents/8507/06kawagoehiki-tokuyo-0810.pdf,14,True,True,True,True,2026-10-05T13:20:23+09:00,ok,
sk00233,みなみかぜ,特養,川越市,川越市吉田204ー2,049-234-1200,1170400277,空床取得可能,6,89,2026-09-29,埼玉県公式,https://www.pref.saitama.lg.jp/documents/8507/06kawagoehiki-tokuyo-0810.pdf,https://www.pref.saitama.lg.jp/documents/8507/06kawagoehiki-tokuyo-0810.pdf,4,True,True,True,True,2026-10-05T13:20:23+09:00,ok,
sk00234,みなみかぜ・燦,特養,川越市,川越市吉田203-3,049-234-1200,1190400224,空床取得可能,1,27,2026-09-29,埼玉県公式,https://www.pref.saitama.lg.jp/documents/8507/06kawagoehiki-tokuyo-0810.pdf,https://www.pref.saitama.lg.jp/documents/8507/06kawagoehiki-tokuyo-0810.pdf,5,True,True,True,True,2026-10-05T13:20:23+09:00,ok,
sk00235,やすらーじゅ瑞穂,特養,川越市,川越市渋井219,049-230-2100,1170404832,取得不可,,,2026-09-29,埼玉県公式,https://www.pref.saitama.lg.jp/documents/8507/06kawagoehiki-tokuyo-0810.pdf,,16,False,True,False,True,2026-10-05T13:20:23+09:00,ok,
sk00236,アイリス,特養,川越市,川越市府川243-2,049-227-5088,1170403909 / 1170400939,取得不可,,,2026-09-29,埼玉県公式,https://www.pref.saitama.lg.jp/documents/8507/06kawagoehiki-tokuyo-0810.pdf,,7,False,True,False,True,2026-10-05T13:20:23+09:00,ok,
sk00237,八瀬の里,特養,川越市,川越市大字増形164番 地,049-247-7311,1170401788,取得不可,,,2026-09-29,埼玉県公式,https://www.pref.saitama.lg.jp/documents/8507/06kawagoehiki-tokuyo-0810.pdf,,10,False,True,False,True,2026-10-05T13:20:23+09:00,ok,
sk00238,小江戸の庭,特養,川越市,川越市大字小仙波823 番地1,049-227-5661,1170402562,取得不可,,,2026-09-29,埼玉県公式,https://www.pref.saitama.lg.jp/documents/8507/06kawagoehiki-tokuyo-0810.pdf,,12,False,True,False,True,2026-10-05T13:20:23+09:00,ok,
sk00239,川越キングス・ガーデン,特養,川越市,川越市天沼新田247-2,049-232-5155,1170400228,取得不可,,,2026-09-29,埼玉県公式,https://www.pref.saitama.lg.jp/documents/8507/06kawagoehiki-tokuyo-0810.pdf,,6,False,True,False,True,2026-10-05T13:20:23+09:00,ok,
sk00240,清風園川越,特養,川越市,川越市大字今福1469番 地47,049-245-8700,1170405268,空床取得可能,2,,2026-09-29,埼玉県公式,https://www.pref.saitama.lg.jp/documents/8507/06kawagoehiki-tokuyo-0810.pdf,,18,True,True,False,True,2026-10-05T13:20:23+09:00,ok,
sk00241,真寿園,特養,川越市,川越市安比奈新田292 -1,049-234-8838,1170400269,取得不可,,,2026-09-29,埼玉県公式,https://www.pref.saitama.lg.jp/documents/8507/06kawagoehiki-tokuyo-0810.pdf,,11,False,True,False,True,2026-10-05T13:20:23+09:00,ok,
sk00242,蔵の町・川越,特養,川越市,川越市末広町1丁目2番 地1,049-227-0031,1170401713,空床取得可能,0,62,2026-09-29,埼玉県公式,https://www.pref.saitama.lg.jp/documents/8507/06kawagoehiki-tokuyo-0810.pdf,https://www.pref.saitama.lg.jp/documents/8507/06kawagoehiki-tokuyo-0810.pdf,3,True,True,True,True,2026-10-05T13:20:23+09:00,ok,
sk00243,陽光園,特養,川越市,川越市砂新田454,049-244-3678,1170400251,取得不可,,,2026-09-29,埼玉県公式,https://www.pref.saitama.lg.jp/documents/8507/06kawagoehiki-tokuyo-0810.pdf,,9,False,True,False,True,2026-10-05T13:20:23+09:00,ok,
sk00244,さっての里,特養,幸手市,幸手市松石西6番1,0480-43-5111,1176100830 / 1176100806,空床取得可能,7,57,2026-09-29,埼玉県公式,https://www.pref.saitama.lg.jp/documents/8507/08tone-tokuyo-0810.pdf,https://www.pref.saitama.lg.jp/documents/8507/08tone-tokuyo-0810.pdf,44,True,True,True,True,2026-10-05T13:20:23+09:00,ok,
sk00245,しらさぎ苑,特養,幸手市,幸手市下吉羽1250番地 1,0480-48-6699,1176100061 / 1196100042,取得不可,,,2026-09-29,埼玉県公式,https://www.pref.saitama.lg.jp/documents/8507/08tone-tokuyo-0810.pdf,,38,False,True,False,True,2026-10-05T13:20:23+09:00,ok,
sk00246,ひらすかの郷,特養,幸手市,幸手市平須賀2丁目224 番地,0480-47-3500,1176100467,取得不可,,,2026-09-29,埼玉県公式,https://www.pref.saitama.lg.jp/documents/8507/08tone-tokuyo-0810.pdf,,42,False,True,False,True,2026-10-05T13:20:23+09:00,ok,
sk00247,みゆきの里,特養,幸手市,幸手市松石東220番2,0480-43-7671,1196100026,取得不可,,,2026-09-29,埼玉県公式,https://www.pref.saitama.lg.jp/documents/8507/08tone-tokuyo-0810.pdf,,43,False,True,False,True,2026-10-05T13:20:23+09:00,ok,
sk00248,桜楓苑,特養,幸手市,幸手市平須賀 2-225,0480-47-1200,1176100053 / 1196100034,取得不可,,,2026-09-29,埼玉県公式,https://www.pref.saitama.lg.jp/documents/8507/08tone-tokuyo-0810.pdf,,40,False,True,False,True,2026-10-05T13:20:23+09:00,ok,
sk00249,あったかの家,特養,志木市,志木市下宗岡3-5-15,048-485-0030,1172200329,空床取得可能,5,100,2026-09-28,埼玉県公式,https://www.pref.saitama.lg.jp/documents/8507/02nanseibu-tokuyo-0810.pdf,https://www.pref.saitama.lg.jp/documents/8507/02nanseibu-tokuyo-0810.pdf,8,True,True,True,True,2026-10-05T13:20:23+09:00,ok,
sk00250,ブロン,特養,志木市,志木市本町2-10-50,048-473-3000,1172200063,空床取得可能,0,20,2026-09-28,埼玉県公式,https://www.pref.saitama.lg.jp/documents/8507/02nanseibu-tokuyo-0810.pdf,https://www.pref.saitama.lg.jp/documents/8507/02nanseibu-tokuyo-0810.pdf,6,True,True,True,True,2026-10-05T13:20:23+09:00,ok,
sk00251,志木の里,特養,志木市,志木市柏町1丁目6番73 号,048-423-7281,1172200642,取得不可,,,2026-09-28,埼玉県公式,https://www.pref.saitama.lg.jp/documents/8507/02nanseibu-tokuyo-0810.pdf,,9,False,True,False,True,2026-10-05T13:20:23+09:00,ok,
sk00252,志木瑞穂の森,特養,志木市,中宗岡3-16-53特別養護老人ホーム志木瑞穂の森,048-476-8324,1172200600,空床取得可能,0,16,2026-09-28,埼玉県公式,https://www.pref.saitama.lg.jp/documents/8507/02nanseibu-tokuyo-0810.pdf,https://www.pref.saitama.lg.jp/documents/8507/02nanseibu-tokuyo-0810.pdf,7,True,True,True,True,2026-10-05T13:20:23+09:00,ok,
sk00253,いきいきタウンとだ,特養,戸田市,戸田市喜沢南2-5-23,048-432-1500,1171900549,空床取得可能,0,36,2026-09-28,埼玉県公式,https://www.pref.saitama.lg.jp/documents/8507/01nanbu-tokuyo-0810.pdf,https://www.pref.saitama.lg.jp/documents/8507/01nanbu-tokuyo-0810.pdf,38,True,True,True,True,2026-10-05T13:20:23+09:00,ok,
sk00254,とだ優和の杜,特養,戸田市,戸田市新曽南4丁目2番 35号,048-499-3010,1171901281 / 1171901273,空床取得可能,0,57,2026-09-28,埼玉県公式,https://www.pref.saitama.lg.jp/documents/8507/01nanbu-tokuyo-0810.pdf,https://www.pref.saitama.lg.jp/documents/8507/01nanbu-tokuyo-0810.pdf,37,True,True,True,True,2026-10-05T13:20:23+09:00,ok,
sk00255,レーベンホーム戸田,特養,戸田市,戸田市中町1-29-5特別養護老人ホームレーベンホーム戸田,048-430-1020(,1171901190 / 1171901182,空床取得可能,1,32,2026-09-28,埼玉県公式,https://www.pref.saitama.lg.jp/documents/8507/01nanbu-tokuyo-0810.pdf,https://www.pref.saitama.lg.jp/documents/8507/01nanbu-tokuyo-0810.pdf,40,True,True,True,True,2026-10-05T13:20:23+09:00,ok,
sk00256,戸田ほほえみの郷,特養,戸田市,戸田市大字上戸田5番地の4,048-432-9811,1171900861,空床取得可能,0,,2026-09-28,埼玉県公式,https://www.pref.saitama.lg.jp/documents/8507/01nanbu-tokuyo-0810.pdf,,39,True,True,False,True,2026-10-05T13:20:23+09:00,ok,
sk00257,すみれ野,特養,所沢市,所沢市東狭山ヶ丘4丁目2658番地の1すみれ野,04-2935-3511,1172505545,取得不可,,,2026-09-29,埼玉県公式,https://www.pref.saitama.lg.jp/documents/8507/07seibu-tokuyo-0810.pdf,,12,False,True,False,True,2026-10-05T13:20:23+09:00,ok,
sk00258,ところの苑,特養,所沢市,所沢市久米1538-2特別養護老人ホーム ところの苑,04-2929-6955,1172501825,空床取得可能,0,319,2026-09-29,埼玉県公式,https://www.pref.saitama.lg.jp/documents/8507/07seibu-tokuyo-0810.pdf,https://www.pref.saitama.lg.jp/documents/8507/07seibu-tokuyo-0810.pdf,13,True,True,True,True,2026-10-05T13:20:23+09:00,ok,
sk00259,なみきロイヤルの園,特養,所沢市,所沢市北原町1375番地 2,04-2991-5050,1172505370,取得不可,,,2026-09-29,埼玉県公式,https://www.pref.saitama.lg.jp/documents/8507/07seibu-tokuyo-0810.pdf,,15,False,True,False,True,2026-10-05T13:20:23+09:00,ok,
sk00260,アンミッコ,特養,所沢市,所沢市中富1639番3,04-2990-2200,1172503615,空床取得可能,0,120,2026-09-29,埼玉県公式,https://www.pref.saitama.lg.jp/documents/8507/07seibu-tokuyo-0810.pdf,https://www.pref.saitama.lg.jp/documents/8507/07seibu-tokuyo-0810.pdf,16,True,True,True,True,2026-10-05T13:20:23+09:00,ok,
sk00261,ケアカレッジ,特養,所沢市,所沢市三ケ島五丁目14 45番地6,04-2968-8035,1172504605,取得不可,,,2026-09-29,埼玉県公式,https://www.pref.saitama.lg.jp/documents/8507/07seibu-tokuyo-0810.pdf,,18,False,True,False,True,2026-10-05T13:20:23+09:00,ok,
sk00262,ベテラン館ヴィラ,特養,所沢市,下富1011-1,04-2946-9522,1172505198,取得不可,,,2026-09-29,埼玉県公式,https://www.pref.saitama.lg.jp/documents/8507/07seibu-tokuyo-0810.pdf,,20,False,True,False,True,2026-10-05T13:20:23+09:00,ok,
sk00263,ロイヤルの園,特養,所沢市,所沢市北野三丁目1番地18,04-2947-1600,1172500272,取得不可,,,2026-09-29,埼玉県公式,https://www.pref.saitama.lg.jp/documents/8507/07seibu-tokuyo-0810.pdf,,14,False,True,False,True,2026-10-05T13:20:23+09:00,ok,
sk00264,亀令園,特養,所沢市,所沢市東狭山ヶ丘 4- 2695-1,04-2926-8088,1172500256,取得不可,,,2026-09-29,埼玉県公式,https://www.pref.saitama.lg.jp/documents/8507/07seibu-tokuyo-0810.pdf,,10,False,True,False,True,2026-10-05T13:20:23+09:00,ok,
sk00265,健寿園,特養,所沢市,所沢市北中2-301-1,04-2921-7733,1172500223,取得不可,,,2026-09-29,埼玉県公式,https://www.pref.saitama.lg.jp/documents/8507/07seibu-tokuyo-0810.pdf,,5,False,True,False,True,2026-10-05T13:20:23+09:00,ok,
sk00266,健寿園新館,特養,所沢市,所沢市北中二丁目301番地2,04-2968-8272,1172506253,空床取得可能,0,210,2026-09-29,埼玉県公式,https://www.pref.saitama.lg.jp/documents/8507/07seibu-tokuyo-0810.pdf,https://www.pref.saitama.lg.jp/documents/8507/07seibu-tokuyo-0810.pdf,6,True,True,True,True,2026-10-05T13:20:23+09:00,ok,
sk00267,千寿里,特養,所沢市,所沢市坂之下 1153-1,04-2951-5811,1172500785,取得不可,,,2026-09-29,埼玉県公式,https://www.pref.saitama.lg.jp/documents/8507/07seibu-tokuyo-0810.pdf,,3,False,True,False,True,2026-10-05T13:20:23+09:00,ok,
sk00268,平安の森,特養,所沢市,所沢市東狭山ヶ丘4-2678-1,04-2925-5230,1192500054,取得不可,,,2026-09-29,埼玉県公式,https://www.pref.saitama.lg.jp/documents/8507/07seibu-tokuyo-0810.pdf,,11,False,True,False,True,2026-10-05T13:20:23+09:00,ok,
sk00269,康寿園,特養,所沢市,所沢市東狭山ヶ丘6-2835-2,04-2926-7711,1172500264,取得不可,,,2026-09-29,埼玉県公式,https://www.pref.saitama.lg.jp/documents/8507/07seibu-tokuyo-0810.pdf,,9,False,True,False,True,2026-10-05T13:20:23+09:00,ok,
sk00270,所沢かがやきの里,特養,所沢市,所沢市大字下新井下流1249-2,04-2991-7300,1172502609,空床取得可能,0,75,2026-09-29,埼玉県公式,https://www.pref.saitama.lg.jp/documents/8507/07seibu-tokuyo-0810.pdf,https://www.pref.saitama.lg.jp/documents/8507/07seibu-tokuyo-0810.pdf,8,True,True,True,True,2026-10-05T13:20:23+09:00,ok,
sk00271,所沢やすらぎの里,特養,所沢市,所沢市東狭山ヶ丘 5- 928-1,04-2921-5522,1172500249,空床取得可能,0,131,2026-09-29,埼玉県公式,https://www.pref.saitama.lg.jp/documents/8507/07seibu-tokuyo-0810.pdf,https://www.pref.saitama.lg.jp/documents/8507/07seibu-tokuyo-0810.pdf,7,True,True,True,True,2026-10-05T13:20:23+09:00,ok,
sk00272,本郷希望の丘,特養,所沢市,所沢市大字本郷266番地特別養護老人ホーム本郷希望の丘,04-2946-8899,1172504746,取得不可,,,2026-09-29,埼玉県公式,https://www.pref.saitama.lg.jp/documents/8507/07seibu-tokuyo-0810.pdf,,19,False,True,False,True,2026-10-05T13:20:23+09:00,ok,
sk00273,東所沢みどりの郷,特養,所沢市,所沢市坂之下 941-3,04-2951-3000,1172500231,取得不可,,,2026-09-29,埼玉県公式,https://www.pref.saitama.lg.jp/documents/8507/07seibu-tokuyo-0810.pdf,,4,False,True,False,True,2026-10-05T13:20:23+09:00,ok,
sk00274,真和の森,特養,所沢市,所沢市下富1206番1,04-2990-1133,1172503771,取得不可,,,2026-09-29,埼玉県公式,https://www.pref.saitama.lg.jp/documents/8507/07seibu-tokuyo-0810.pdf,,17,False,True,False,True,2026-10-05T13:20:23+09:00,ok,
sk00275,飛鳥野の里,特養,所沢市,所沢市大字神米金505 番1,042-990-2580,1172501015 / 1192500021,取得不可,,,2026-09-29,埼玉県公式,https://www.pref.saitama.lg.jp/documents/8507/07seibu-tokuyo-0810.pdf,,1,False,True,False,False,2026-10-05T13:20:23+09:00,ok,
sk00276,そらーれ新座,特養,新座市,新座市野火止1丁目19 番15号,048-483-7330,1175101326,取得不可,,,2026-09-28,埼玉県公式,https://www.pref.saitama.lg.jp/documents/8507/02nanseibu-tokuyo-0810.pdf,,16,False,True,False,True,2026-10-05T13:20:23+09:00,ok,
sk00277,みかんの里,特養,新座市,新座市中野 1-17-33,048-482-2947,1175100187,取得不可,,,2026-09-28,埼玉県公式,https://www.pref.saitama.lg.jp/documents/8507/02nanseibu-tokuyo-0810.pdf,,12,False,True,False,True,2026-10-05T13:20:23+09:00,ok,
sk00278,よつばあたご苑,特養,新座市,新座市あたご3-4-6,048-424-8393,1195100175,空床取得可能,0,32,2026-09-28,埼玉県公式,https://www.pref.saitama.lg.jp/documents/8507/02nanseibu-tokuyo-0810.pdf,https://www.pref.saitama.lg.jp/documents/8507/02nanseibu-tokuyo-0810.pdf,17,True,True,True,True,2026-10-05T13:20:23+09:00,ok,
sk00279,チェリーヒルズ新座,特養,新座市,新座市あたご3丁目4番地3,048-478-8300,1175102068,取得不可,,,2026-09-28,埼玉県公式,https://www.pref.saitama.lg.jp/documents/8507/02nanseibu-tokuyo-0810.pdf,,18,False,True,False,True,2026-10-05T13:20:23+09:00,ok,
sk00280,地域密着型介護老人福祉 施設入所者生活介護第II 殿山亀寿苑,特養,新座市,新座市堀ノ内二丁目1番40号,048-480-0120,1195100100,取得不可,,,,,https://www.pref.saitama.lg.jp/documents/8507/02nanseibu-tokuyo-0809.pdf,,,False,False,False,False,2026-10-05T13:20:23+09:00,not_listed_or_unmatched,
sk00281,晴和苑,特養,新座市,新座市東3-7-26,048-473-3388,1175100179,空床取得可能,0,90,2026-09-28,埼玉県公式,https://www.pref.saitama.lg.jp/documents/8507/02nanseibu-tokuyo-0810.pdf,https://www.pref.saitama.lg.jp/documents/8507/02nanseibu-tokuyo-0810.pdf,11,True,True,True,True,2026-10-05T13:20:23+09:00,ok,
sk00282,殿山亀寿苑,特養,新座市,新座市堀ノ内3丁目13番1号,048-481-2161,1175100161,空床取得可能,0,53,2026-09-28,埼玉県公式,https://www.pref.saitama.lg.jp/documents/8507/02nanseibu-tokuyo-0810.pdf,https://www.pref.saitama.lg.jp/documents/8507/02nanseibu-tokuyo-0810.pdf,13,True,True,True,True,2026-10-05T13:20:23+09:00,ok,
sk00283,菜々の郷,特養,新座市,新座市馬場1-2-35,048-480-7310,1175101029,空床取得可能,0,71,2026-09-28,埼玉県公式,https://www.pref.saitama.lg.jp/documents/8507/02nanseibu-tokuyo-0810.pdf,https://www.pref.saitama.lg.jp/documents/8507/02nanseibu-tokuyo-0810.pdf,15,True,True,True,True,2026-10-05T13:20:23+09:00,ok,
sk00284,清流苑,特養,日高市,日高市横手401番地5,042-982-5555,1176300323,取得不可,,,2026-09-29,埼玉県公式,https://www.pref.saitama.lg.jp/documents/8507/07seibu-tokuyo-0810.pdf,,47,False,True,False,True,2026-10-05T13:20:23+09:00,ok,
sk00285,清雅園,特養,日高市,日高市森戸新田99-2,042-989-3331,1176300059,空床取得可能,0,125,2026-09-29,埼玉県公式,https://www.pref.saitama.lg.jp/documents/8507/07seibu-tokuyo-0810.pdf,https://www.pref.saitama.lg.jp/documents/8507/07seibu-tokuyo-0810.pdf,46,True,True,True,True,2026-10-05T13:20:23+09:00,ok,
sk00286,第2清流苑,特養,日高市,日高市武蔵台1-26-8高齢者サポートセンター武蔵台,042-982-5000,1196300063,取得不可,,,2026-09-29,埼玉県公式,https://www.pref.saitama.lg.jp/documents/8507/07seibu-tokuyo-0810.pdf,,48,False,True,False,True,2026-10-05T13:20:23+09:00,ok,
sk00287,あすなろの郷,特養,春日部市,春日部市銚子口1133- 1,048ー734ー2828,1170601528,取得不可,,,2026-09-28,埼玉県公式,https://www.pref.saitama.lg.jp/documents/8507/03toubu-tokuyo-0810.pdf,,8,False,True,False,True,2026-10-05T13:20:23+09:00,ok,
sk00288,あんじゅの杜,特養,春日部市,春日部市樋籠475-1,048-884-9688,1170604258,取得不可,,,2026-09-28,埼玉県公式,https://www.pref.saitama.lg.jp/documents/8507/03toubu-tokuyo-0810.pdf,,15,False,True,False,True,2026-10-05T13:20:23+09:00,ok,
sk00289,おおまし,特養,春日部市,春日部市下大増新田78 -1,048-739-3000,,取得不可,,,2026-09-28,埼玉県公式,https://www.pref.saitama.lg.jp/documents/8507/03toubu-tokuyo-0810.pdf,,12,False,True,False,True,2026-10-05T13:20:23+09:00,ok,
sk00290,しょうぶ苑,特養,春日部市,春日部市米崎389,048-746-5122,1171100876,取得不可,,,2026-09-28,埼玉県公式,https://www.pref.saitama.lg.jp/documents/8507/03toubu-tokuyo-0810.pdf,,7,False,True,False,True,2026-10-05T13:20:23+09:00,ok,
sk00291,そら,特養,春日部市,春日部市不動院野647 番地,048-755-5440,1170602393,空床取得可能,3,3,2026-09-28,埼玉県公式,https://www.pref.saitama.lg.jp/documents/8507/03toubu-tokuyo-0810.pdf,https://www.pref.saitama.lg.jp/documents/8507/03toubu-tokuyo-0810.pdf,11,True,True,True,True,2026-10-05T13:20:23+09:00,ok,
sk00292,ひかり,特養,春日部市,春日部市不動院野643 番地,048-755-5391,1170601726,取得不可,,,2026-09-28,埼玉県公式,https://www.pref.saitama.lg.jp/documents/8507/03toubu-tokuyo-0810.pdf,,10,False,True,False,True,2026-10-05T13:20:23+09:00,ok,
sk00293,ウエルガーデン春日部,特養,春日部市,春日部市内牧3701-8ウエルガーデン春日部,048-755-4165,1170603508,取得不可,,,2026-09-28,埼玉県公式,https://www.pref.saitama.lg.jp/documents/8507/03toubu-tokuyo-0810.pdf,,14,False,True,False,True,2026-10-05T13:20:23+09:00,ok,
sk00294,フラワーヒル,特養,春日部市,春日部市一ノ割948-1,048-733-2915,1170600827,空床取得可能,0,31,2026-09-28,埼玉県公式,https://www.pref.saitama.lg.jp/documents/8507/03toubu-tokuyo-0810.pdf,https://www.pref.saitama.lg.jp/documents/8507/03toubu-tokuyo-0810.pdf,2,True,True,True,True,2026-10-05T13:20:23+09:00,ok,
sk00295,庄和和合,特養,春日部市,春日部市金崎字道江52 7-1,048-745-4501,1170601494,空床取得可能,0,51,2026-09-28,埼玉県公式,https://www.pref.saitama.lg.jp/documents/8507/03toubu-tokuyo-0810.pdf,https://www.pref.saitama.lg.jp/documents/8507/03toubu-tokuyo-0810.pdf,9,True,True,True,True,2026-10-05T13:20:23+09:00,ok,
sk00296,彩光苑,特養,春日部市,春日部市内牧3149,048-755-2111,1170601189,空床取得可能,0,19,2026-09-28,埼玉県公式,https://www.pref.saitama.lg.jp/documents/8507/03toubu-tokuyo-0810.pdf,https://www.pref.saitama.lg.jp/documents/8507/03toubu-tokuyo-0810.pdf,5,True,True,True,True,2026-10-05T13:20:23+09:00,ok,
sk00297,春日部勝彩園,特養,春日部市,春日部市上大増新田字東耕地109番地2特別養護老人ホーム春日部勝彩園,048-738-5757,1170600082,取得不可,,,2026-09-28,埼玉県公式,https://www.pref.saitama.lg.jp/documents/8507/03toubu-tokuyo-0810.pdf,,3,False,True,False,True,2026-10-05T13:20:23+09:00,ok,
sk00298,武里まきば園,特養,春日部市,武里中野705,048-739-2202,1170603078,空床取得可能,0,45,2026-09-28,埼玉県公式,https://www.pref.saitama.lg.jp/documents/8507/03toubu-tokuyo-0810.pdf,https://www.pref.saitama.lg.jp/documents/8507/03toubu-tokuyo-0810.pdf,13,True,True,True,True,2026-10-05T13:20:23+09:00,ok,
sk00299,清寿園,特養,春日部市,内牧2072番地,048-763-3331,1170600041,取得不可,,,2026-09-28,埼玉県公式,https://www.pref.saitama.lg.jp/documents/8507/03toubu-tokuyo-0810.pdf,,6,False,True,False,True,2026-10-05T13:20:23+09:00,ok,
sk00300,煌めきの丘,特養,春日部市,春日部市永沼1214番2,048-796-8268,1170604282,取得不可,,,2026-09-28,埼玉県公式,https://www.pref.saitama.lg.jp/documents/8507/03toubu-tokuyo-0810.pdf,,16,False,True,False,True,2026-10-05T13:20:23+09:00,ok,
sk00301,百合の郷,特養,春日部市,春日部市大畑407-2,048-738-2294,1170600215,空床取得可能,0,57,2026-09-28,埼玉県公式,https://www.pref.saitama.lg.jp/documents/8507/03toubu-tokuyo-0810.pdf,https://www.pref.saitama.lg.jp/documents/8507/03toubu-tokuyo-0810.pdf,1,True,True,True,True,2026-10-05T13:20:23+09:00,ok,
sk00302,豊潤館,特養,春日部市,春日部市花積267-7,048-753-1133,1170600850 / 1170603300,取得不可,,,2026-09-28,埼玉県公式,https://www.pref.saitama.lg.jp/documents/8507/03toubu-tokuyo-0810.pdf,,4,False,True,False,True,2026-10-05T13:20:23+09:00,ok,
sk00303,ハレルヤ,特養,朝霞市,朝霞市溝沼1-5-6,048-466-2883,1172100404,空床取得可能,2,61,2026-09-28,埼玉県公式,https://www.pref.saitama.lg.jp/documents/8507/02nanseibu-tokuyo-0810.pdf,https://www.pref.saitama.lg.jp/documents/8507/02nanseibu-tokuyo-0810.pdf,3,True,True,True,True,2026-10-05T13:20:23+09:00,ok,
sk00304,内間木苑,特養,朝霞市,朝霞市大字上内間木字 八釼498番4,048-458-2021,1172100198 / 1172101527,空床取得可能,2,80,2026-09-28,埼玉県公式,https://www.pref.saitama.lg.jp/documents/8507/02nanseibu-tokuyo-0810.pdf,https://www.pref.saitama.lg.jp/documents/8507/02nanseibu-tokuyo-0810.pdf,1,True,True,True,True,2026-10-05T13:20:23+09:00,ok,
sk00305,朝光苑,特養,朝霞市,朝霞市青葉台1丁目10 番32号,048-465-3255,1172100925,取得不可,,,2026-09-28,埼玉県公式,https://www.pref.saitama.lg.jp/documents/8507/02nanseibu-tokuyo-0810.pdf,,2,False,True,False,True,2026-10-05T13:20:23+09:00,ok,
sk00306,朝霞苑,特養,朝霞市,朝霞市大字溝沼字仲田1231-2地域密着型特別養護老人ホーム朝霞苑,048-485-8873,1192100137,取得不可,,,2026-09-28,埼玉県公式,https://www.pref.saitama.lg.jp/documents/8507/02nanseibu-tokuyo-0810.pdf,,5,False,True,False,True,2026-10-05T13:20:23+09:00,ok,
sk00307,花水木の里,特養,朝霞市,朝霞市宮戸24-1,048-485-9641,,取得不可,,,2026-09-28,埼玉県公式,https://www.pref.saitama.lg.jp/documents/8507/02nanseibu-tokuyo-0810.pdf,,4,False,True,False,True,2026-10-05T13:20:23+09:00,ok,
sk00308,オルトビオス児玉ホーム,特養,本庄市,本庄市児玉町児玉734 -1,0495-72-4615,1174200210,空床取得可能,2,8,2026-09-29,埼玉県公式,https://www.pref.saitama.lg.jp/documents/8507/09hokubu-tokuyo-0810.pdf,https://www.pref.saitama.lg.jp/documents/8507/09hokubu-tokuyo-0810.pdf,19,True,True,True,True,2026-10-05T13:20:23+09:00,ok,
sk00309,シャローム,特養,本庄市,本庄市今井1251番地1,0495-23-4800,1174300150,取得不可,,,2026-09-29,埼玉県公式,https://www.pref.saitama.lg.jp/documents/8507/09hokubu-tokuyo-0810.pdf,,18,False,True,False,True,2026-10-05T13:20:23+09:00,ok,
sk00310,トマト村,特養,本庄市,本庄市早稲田の杜5丁目 14番8号,0495-25-3400,1174300028,空床取得可能,11,25,2026-09-29,埼玉県公式,https://www.pref.saitama.lg.jp/documents/8507/09hokubu-tokuyo-0810.pdf,https://www.pref.saitama.lg.jp/documents/8507/09hokubu-tokuyo-0810.pdf,17,True,True,True,True,2026-10-05T13:20:23+09:00,ok,
sk00311,千鳥の丘,特養,本庄市,本庄市児玉町宮内1250-1特別養護老人ホーム千鳥の丘,0495-73-1127,1194300123,空床取得可能,0,3,2026-09-29,埼玉県公式,https://www.pref.saitama.lg.jp/documents/8507/09hokubu-tokuyo-0810.pdf,https://www.pref.saitama.lg.jp/documents/8507/09hokubu-tokuyo-0810.pdf,20,True,True,True,True,2026-10-05T13:20:23+09:00,ok,
sk00312,四季咲きの杜,特養,本庄市,北堀779-3,0495-71-7025,1194300164,取得不可,,,2026-09-29,埼玉県公式,https://www.pref.saitama.lg.jp/documents/8507/09hokubu-tokuyo-0810.pdf,,21,False,True,False,True,2026-10-05T13:20:23+09:00,ok,
sk00313,安誠園,特養,本庄市,本庄市小和瀬1666,0495-27-0012,1174300135,取得不可,,,2026-09-29,埼玉県公式,https://www.pref.saitama.lg.jp/documents/8507/09hokubu-tokuyo-0810.pdf,,16,False,True,False,True,2026-10-05T13:20:23+09:00,ok,
sk00314,はなみずき,特養,杉戸町,北葛飾郡杉戸町茨島731-1,0480-37-4165,1171101221,空床取得可能,0,26,2026-09-29,埼玉県公式,https://www.pref.saitama.lg.jp/documents/8507/08tone-tokuyo-0810.pdf,https://www.pref.saitama.lg.jp/documents/8507/08tone-tokuyo-0810.pdf,55,True,True,True,True,2026-10-05T13:20:23+09:00,ok,
sk00315,杉の里,特養,杉戸町,北葛飾郡杉戸町大字杉 戸雅楽2376-1,0480-96-6511,1171101973,取得不可,,,2026-09-29,埼玉県公式,https://www.pref.saitama.lg.jp/documents/8507/08tone-tokuyo-0810.pdf,,57,False,True,False,True,2026-10-05T13:20:23+09:00,ok,
sk00316,清風園,特養,杉戸町,北葛飾郡杉戸町大字本郷字東上419番特別養護老人ホーム 清風園,0480-37-0500,1171101551,空床取得可能,3,47,2026-09-29,埼玉県公式,https://www.pref.saitama.lg.jp/documents/8507/08tone-tokuyo-0810.pdf,https://www.pref.saitama.lg.jp/documents/8507/08tone-tokuyo-0810.pdf,56,True,True,True,True,2026-10-05T13:20:23+09:00,ok,
sk00317,良宝園,特養,杉戸町,杉戸町才羽2108-1,0480-38-0733,,取得不可,,,2026-09-29,埼玉県公式,https://www.pref.saitama.lg.jp/documents/8507/08tone-tokuyo-0810.pdf,,54,False,True,False,True,2026-10-05T13:20:23+09:00,ok,
sk00318,ひがしまつやま寿苑,特養,東松山市,東松山市柏崎629-1,0493-21-2800,1193300090,取得不可,,,2026-09-29,埼玉県公式,https://www.pref.saitama.lg.jp/documents/8507/06kawagoehiki-tokuyo-0810.pdf,,21,False,True,False,False,2026-10-05T13:20:23+09:00,ok,
sk00319,ふるさとの杜かみのもと,特養,東松山市,東松山市大字上野本1873番1,0493-22-1155,1173301191,空床取得可能,2,76,2026-09-29,埼玉県公式,https://www.pref.saitama.lg.jp/documents/8507/06kawagoehiki-tokuyo-0810.pdf,https://www.pref.saitama.lg.jp/documents/8507/06kawagoehiki-tokuyo-0810.pdf,22,True,True,True,True,2026-10-05T13:20:23+09:00,ok,
sk00320,年輪福祉ホーム,特養,東松山市,東松山市大谷4106,0493-39-2112,,取得不可,,,2026-09-29,埼玉県公式,https://www.pref.saitama.lg.jp/documents/8507/06kawagoehiki-tokuyo-0810.pdf,,19,False,True,False,True,2026-10-05T13:20:23+09:00,ok,
sk00321,東松山ホーム,特養,東松山市,東松山市石橋1716,0493-23-7588,1173301183 / 1173300169,取得不可,,,2026-09-29,埼玉県公式,https://www.pref.saitama.lg.jp/documents/8507/06kawagoehiki-tokuyo-0810.pdf,,20,False,True,False,True,2026-10-05T13:20:23+09:00,ok,
sk00322,梨花,特養,東松山市,東松山市東平656番地1,0493-81-4503,1173301423 / 1173301415,取得不可,,,2026-09-29,埼玉県公式,https://www.pref.saitama.lg.jp/documents/8507/06kawagoehiki-tokuyo-0810.pdf,,23,False,True,False,True,2026-10-05T13:20:23+09:00,ok,
sk00323,つきがわ,特養,東秩父村,秩父郡東秩父村坂本1308-8,0493-81-2424,1174801199 / 1174801207,取得不可,,,2026-09-29,埼玉県公式,https://www.pref.saitama.lg.jp/documents/8507/06kawagoehiki-tokuyo-0810.pdf,,51,False,True,False,True,2026-10-05T13:20:23+09:00,ok,
sk00324,三戸里園,特養,松伏町,松伏町大川戸968,048-992-3939,1171100223 / 1191100112,取得不可,,,2026-09-28,埼玉県公式,https://www.pref.saitama.lg.jp/documents/8507/03toubu-tokuyo-0810.pdf,,60,False,True,False,True,2026-10-05T13:20:23+09:00,ok,
sk00325,はにわの里,特養,桶川市,桶川市川田谷7141番地の1,048-786-2323,1175200086,空床取得可能,0,18,2026-09-29,埼玉県公式,https://www.pref.saitama.lg.jp/documents/8507/05kenou-tokuyo-0810.pdf,https://www.pref.saitama.lg.jp/documents/8507/05kenou-tokuyo-0810.pdf,25,True,True,True,True,2026-10-05T13:20:23+09:00,ok,
sk00326,べに花の郷,特養,桶川市,桶川市坂田字原516番地1,048-729-1177,1175200078,空床取得可能,10,19,2026-09-29,埼玉県公式,https://www.pref.saitama.lg.jp/documents/8507/05kenou-tokuyo-0810.pdf,https://www.pref.saitama.lg.jp/documents/8507/05kenou-tokuyo-0810.pdf,23,True,True,True,True,2026-10-05T13:20:23+09:00,ok,
sk00327,クイーンズビラ桶川,特養,桶川市,桶川市坂田845番地1,048-728-8887,1175200854,空床取得可能,1,8,2026-09-29,埼玉県公式,https://www.pref.saitama.lg.jp/documents/8507/05kenou-tokuyo-0810.pdf,https://www.pref.saitama.lg.jp/documents/8507/05kenou-tokuyo-0810.pdf,24,True,True,True,True,2026-10-05T13:20:23+09:00,ok,
sk00328,ナーシングコート,特養,桶川市,桶川市川田谷6238,048-786-7777,1175201092,取得不可,,,2026-09-29,埼玉県公式,https://www.pref.saitama.lg.jp/documents/8507/05kenou-tokuyo-0810.pdf,,27,False,True,False,True,2026-10-05T13:20:23+09:00,ok,
sk00329,ベテラン館ヴィラ桶川,特養,桶川市,加納818-1,048-871-9723,1175201373,空床取得可能,2,7,2026-09-29,埼玉県公式,https://www.pref.saitama.lg.jp/documents/8507/05kenou-tokuyo-0810.pdf,https://www.pref.saitama.lg.jp/documents/8507/05kenou-tokuyo-0810.pdf,28,True,True,True,True,2026-10-05T13:20:23+09:00,ok,
sk00330,花ノ木の郷,特養,桶川市,桶川市大字加納1824- 1,048-729-2222,1175200557,空床取得可能,0,20,2026-09-29,埼玉県公式,https://www.pref.saitama.lg.jp/documents/8507/05kenou-tokuyo-0810.pdf,https://www.pref.saitama.lg.jp/documents/8507/05kenou-tokuyo-0810.pdf,26,True,True,True,True,2026-10-05T13:20:23+09:00,ok,
sk00331,ウェルハイム・ヨコゼ,特養,横瀬町,秩父郡横瀬町大字横瀬5806-1,0494-25-0120,1174800266,取得不可,,,,,https://www.pref.saitama.lg.jp/documents/8507/10titibu-tokuyo-0809.pdf,,,False,False,False,False,2026-10-05T13:20:23+09:00,not_listed_or_unmatched,
sk00332,絆の丘,特養,横瀬町,秩父郡横瀬町大字横瀬2197-1,0494-21-7070,1194800072,空床取得可能,0,74,2026-09-29,埼玉県公式,https://www.pref.saitama.lg.jp/documents/8507/10titibu-tokuyo-0810.pdf,https://www.pref.saitama.lg.jp/documents/8507/10titibu-tokuyo-0810.pdf,10,True,True,True,True,2026-10-05T13:20:23+09:00,ok,
sk00333,ななふく苑,特養,毛呂山町,入間郡毛呂山町西大久保766-1,049-276-5311,1172400572,空床取得可能,0,87,2026-09-29,埼玉県公式,https://www.pref.saitama.lg.jp/documents/8507/06kawagoehiki-tokuyo-0810.pdf,https://www.pref.saitama.lg.jp/documents/8507/06kawagoehiki-tokuyo-0810.pdf,34,True,True,True,True,2026-10-05T13:20:23+09:00,ok,
sk00334,ナーシングヴィラ本郷,特養,毛呂山町,入間郡毛呂山町大字毛呂本郷字小野岡751番地,049-276-1077,1172400838,取得不可,,,2026-09-29,埼玉県公式,https://www.pref.saitama.lg.jp/documents/8507/06kawagoehiki-tokuyo-0810.pdf,,36,False,True,False,True,2026-10-05T13:20:23+09:00,ok,
sk00335,悠久園,特養,毛呂山町,入間郡毛呂山町南台5丁目38番地5,049-295-2000,1172400127,取得不可,,,2026-09-29,埼玉県公式,https://www.pref.saitama.lg.jp/documents/8507/06kawagoehiki-tokuyo-0810.pdf,,35,False,True,False,True,2026-10-05T13:20:23+09:00,ok,
sk00336,あかつき,特養,深谷市,深谷市東方2737-1,048-574-8080,1174603124 / 1174600112,取得不可,,,2026-09-29,埼玉県公式,https://www.pref.saitama.lg.jp/documents/8507/09hokubu-tokuyo-0810.pdf,,23,False,True,False,False,2026-10-05T13:20:23+09:00,ok,
sk00337,かがやき,特養,深谷市,深谷市成塚213番地,048-501-5040,1174602134,空床取得可能,1,28,2026-09-29,埼玉県公式,https://www.pref.saitama.lg.jp/documents/8507/09hokubu-tokuyo-0810.pdf,https://www.pref.saitama.lg.jp/documents/8507/09hokubu-tokuyo-0810.pdf,33,True,True,True,True,2026-10-05T13:20:23+09:00,ok,
sk00338,ひびき,特養,深谷市,深谷市長在家3976,048-583-6546,1174601136,空床取得可能,0,44,2026-09-29,埼玉県公式,https://www.pref.saitama.lg.jp/documents/8507/09hokubu-tokuyo-0810.pdf,https://www.pref.saitama.lg.jp/documents/8507/09hokubu-tokuyo-0810.pdf,31,True,True,True,True,2026-10-05T13:20:23+09:00,ok,
sk00339,ふじさわ苑,特養,深谷市,深谷市人見2028-3,048-571-1230,1174600120,空床取得可能,0,19,2026-09-29,埼玉県公式,https://www.pref.saitama.lg.jp/documents/8507/09hokubu-tokuyo-0810.pdf,https://www.pref.saitama.lg.jp/documents/8507/09hokubu-tokuyo-0810.pdf,25,True,True,True,True,2026-10-05T13:20:23+09:00,ok,
sk00340,むさし愛光園,特養,深谷市,深谷市大谷241,048-551-5511,1174600104,取得不可,,,2026-09-29,埼玉県公式,https://www.pref.saitama.lg.jp/documents/8507/09hokubu-tokuyo-0810.pdf,,26,False,True,False,True,2026-10-05T13:20:23+09:00,ok,
sk00341,エンゼルの丘,特養,深谷市,深谷市今泉625番地,048-546-1207,1174601326,取得不可,,,2026-09-29,埼玉県公式,https://www.pref.saitama.lg.jp/documents/8507/09hokubu-tokuyo-0810.pdf,,32,False,True,False,True,2026-10-05T13:20:23+09:00,ok,
sk00342,サンライズガーデン,特養,深谷市,深谷市上手計317番地1,048-577-7913,1174602076 / 1174602068,空床取得可能,0,2,2026-09-29,埼玉県公式,https://www.pref.saitama.lg.jp/documents/8507/09hokubu-tokuyo-0810.pdf,https://www.pref.saitama.lg.jp/documents/8507/09hokubu-tokuyo-0810.pdf,34,True,True,True,True,2026-10-05T13:20:23+09:00,ok,
sk00343,フラワーヴィラ,特養,深谷市,深谷市小前田 2677,048-584-5550,1174500338,取得不可,,,2026-09-29,埼玉県公式,https://www.pref.saitama.lg.jp/documents/8507/09hokubu-tokuyo-0810.pdf,,29,False,True,False,True,2026-10-05T13:20:23+09:00,ok,
sk00344,深緑苑,特養,深谷市,深谷市江原570,048-575-0611,1174600062,取得不可,,,2026-09-29,埼玉県公式,https://www.pref.saitama.lg.jp/documents/8507/09hokubu-tokuyo-0810.pdf,,22,False,True,False,True,2026-10-05T13:20:23+09:00,ok,
sk00345,清風苑,特養,深谷市,深谷市本田4915-1,048-583-5555,1174500346,空床取得可能,0,20,2026-09-29,埼玉県公式,https://www.pref.saitama.lg.jp/documents/8507/09hokubu-tokuyo-0810.pdf,https://www.pref.saitama.lg.jp/documents/8507/09hokubu-tokuyo-0810.pdf,28,True,True,True,True,2026-10-05T13:20:23+09:00,ok,
sk00346,福寿園,特養,深谷市,深谷市本郷341-1,048-585-5177,1174500353,空床取得可能,0,17,2026-09-29,埼玉県公式,https://www.pref.saitama.lg.jp/documents/8507/09hokubu-tokuyo-0810.pdf,https://www.pref.saitama.lg.jp/documents/8507/09hokubu-tokuyo-0810.pdf,27,True,True,True,True,2026-10-05T13:20:23+09:00,ok,
sk00347,飛鳥の郷,特養,深谷市,深谷市上原496,048-578-2233,1174501336 / 1174602530,取得不可,,,2026-09-29,埼玉県公式,https://www.pref.saitama.lg.jp/documents/8507/09hokubu-tokuyo-0810.pdf,,30,False,True,False,True,2026-10-05T13:20:23+09:00,ok,
sk00348,森林園,特養,滑川町,比企郡滑川町大字羽尾4738-2,0493-56-5636,1173200138,取得不可,,,2026-09-29,埼玉県公式,https://www.pref.saitama.lg.jp/documents/8507/06kawagoehiki-tokuyo-0810.pdf,,39,False,True,False,True,2026-10-05T13:20:23+09:00,ok,
sk00349,いずみ熊谷,特養,熊谷市,熊谷市平戸212-1,048-598-5470,1173102441,取得不可,,,2026-09-29,埼玉県公式,https://www.pref.saitama.lg.jp/documents/8507/09hokubu-tokuyo-0810.pdf,,12,False,True,False,True,2026-10-05T13:20:23+09:00,ok,
sk00350,のぞみの里,特養,熊谷市,熊谷市拾六間299-1,048-531-2941,1173101468,空床取得可能,0,16,2026-09-29,埼玉県公式,https://www.pref.saitama.lg.jp/documents/8507/09hokubu-tokuyo-0810.pdf,https://www.pref.saitama.lg.jp/documents/8507/09hokubu-tokuyo-0810.pdf,9,True,True,True,True,2026-10-05T13:20:23+09:00,ok,
sk00351,はなぶさ苑,特養,熊谷市,熊谷市玉井346-1,048-533-2700,1173100221 / 1173138700,取得不可,,,2026-09-29,埼玉県公式,https://www.pref.saitama.lg.jp/documents/8507/09hokubu-tokuyo-0810.pdf,,5,False,True,False,True,2026-10-05T13:20:23+09:00,ok,
sk00352,まごころの里,特養,熊谷市,熊谷市村岡50番地,048-536-8125,1173103035,取得不可,,,2026-09-29,埼玉県公式,https://www.pref.saitama.lg.jp/documents/8507/09hokubu-tokuyo-0810.pdf,,14,False,True,False,True,2026-10-05T13:20:23+09:00,ok,
sk00353,サンヴィレッジ,特養,熊谷市,熊谷市津田1560-1,0493-39-3711,1174500312,取得不可,,,2026-09-29,埼玉県公式,https://www.pref.saitama.lg.jp/documents/8507/09hokubu-tokuyo-0810.pdf,,7,False,True,False,True,2026-10-05T13:20:23+09:00,ok,
sk00354,ルーエ,特養,熊谷市,熊谷市川原明戸471-3,048-531-3010,1173102417,取得不可,,,2026-09-29,埼玉県公式,https://www.pref.saitama.lg.jp/documents/8507/09hokubu-tokuyo-0810.pdf,,13,False,True,False,True,2026-10-05T13:20:23+09:00,ok,
sk00355,彩華園,特養,熊谷市,熊谷市上川上266,048-524-1391,1173100981,空床取得可能,0,65,2026-09-29,埼玉県公式,https://www.pref.saitama.lg.jp/documents/8507/09hokubu-tokuyo-0810.pdf,https://www.pref.saitama.lg.jp/documents/8507/09hokubu-tokuyo-0810.pdf,2,True,True,True,True,2026-10-05T13:20:23+09:00,ok,
sk00356,愛心園,特養,熊谷市,熊谷市上根268,048-588-9511,1174500361,待機人数のみ取得可能,,68,2026-09-29,埼玉県公式,https://www.pref.saitama.lg.jp/documents/8507/09hokubu-tokuyo-0810.pdf,https://www.pref.saitama.lg.jp/documents/8507/09hokubu-tokuyo-0810.pdf,4,False,True,True,True,2026-10-05T13:20:23+09:00,ok,
sk00357,永寿苑,特養,熊谷市,熊谷市西別府1599-5,048-533-1313,1173100213,待機人数のみ取得可能,,121,2026-09-29,埼玉県公式,https://www.pref.saitama.lg.jp/documents/8507/09hokubu-tokuyo-0810.pdf,https://www.pref.saitama.lg.jp/documents/8507/09hokubu-tokuyo-0810.pdf,6,False,True,True,True,2026-10-05T13:20:23+09:00,ok,
sk00358,熊谷めぬまの郷,特養,熊谷市,熊谷市飯塚1398-1,048-579-5800,1173103548,取得不可,,,2026-09-29,埼玉県公式,https://www.pref.saitama.lg.jp/documents/8507/09hokubu-tokuyo-0810.pdf,,15,False,True,False,True,2026-10-05T13:20:23+09:00,ok,
sk00359,熊谷ホーム,特養,熊谷市,熊谷市新堀1140,048-532-2800,1173101773 / 1193100144,空床取得可能,12,8,2026-09-29,埼玉県公式,https://www.pref.saitama.lg.jp/documents/8507/09hokubu-tokuyo-0810.pdf,https://www.pref.saitama.lg.jp/documents/8507/09hokubu-tokuyo-0810.pdf,10,True,True,True,True,2026-10-05T13:20:23+09:00,ok,
sk00360,玉の緒,特養,熊谷市,熊谷市大塚179-2,048-527-3555,1173100205,取得不可,,,2026-09-29,埼玉県公式,https://www.pref.saitama.lg.jp/documents/8507/09hokubu-tokuyo-0810.pdf,,1,False,True,False,False,2026-10-05T13:20:23+09:00,ok,
sk00361,立正たちばなホーム,特養,熊谷市,熊谷市万吉 1756-130,048-539-3200,1173100197,取得不可,,,2026-09-29,埼玉県公式,https://www.pref.saitama.lg.jp/documents/8507/09hokubu-tokuyo-0810.pdf,,3,False,True,False,True,2026-10-05T13:20:23+09:00,ok,
sk00362,虹の郷,特養,熊谷市,熊谷市野原 461-3,048-536-3491,1174500379,空床取得可能,2,6,2026-09-29,埼玉県公式,https://www.pref.saitama.lg.jp/documents/8507/09hokubu-tokuyo-0810.pdf,https://www.pref.saitama.lg.jp/documents/8507/09hokubu-tokuyo-0810.pdf,8,True,True,True,True,2026-10-05T13:20:23+09:00,ok,
sk00363,さくら,特養,狭山市,狭山市大字加佐志字普門寺104番,04-2950-0606,1172700609,取得不可,,,2026-09-29,埼玉県公式,https://www.pref.saitama.lg.jp/documents/8507/07seibu-tokuyo-0810.pdf,,27,False,True,False,True,2026-10-05T13:20:23+09:00,ok,
sk00364,さやまロイヤルの園,特養,狭山市,狭山市北入曽993番地,04-2902-6722,1172702357 / 1172702365,取得不可,,,2026-09-29,埼玉県公式,https://www.pref.saitama.lg.jp/documents/8507/07seibu-tokuyo-0810.pdf,,36,False,True,False,True,2026-10-05T13:20:23+09:00,ok,
sk00365,さやま苑,特養,狭山市,狭山市柏原758-4,04-2954-8855,1172700195,取得不可,,,2026-09-29,埼玉県公式,https://www.pref.saitama.lg.jp/documents/8507/07seibu-tokuyo-0810.pdf,,30,False,True,False,True,2026-10-05T13:20:23+09:00,ok,
sk00366,つつじの園,特養,狭山市,狭山市柏原北本宿1185 番地6,04-2955-2300,1172701409 / 1172700203,空床取得可能,0,104,2026-09-29,埼玉県公式,https://www.pref.saitama.lg.jp/documents/8507/07seibu-tokuyo-0810.pdf,https://www.pref.saitama.lg.jp/documents/8507/07seibu-tokuyo-0810.pdf,31,True,True,True,True,2026-10-05T13:20:23+09:00,ok,
sk00367,ひろせの杜,特養,狭山市,狭山市大字上広瀬字霞ヶ丘939番1,04-2936-8244,1172701987,取得不可,,,2026-09-29,埼玉県公式,https://www.pref.saitama.lg.jp/documents/8507/07seibu-tokuyo-0810.pdf,,34,False,True,False,True,2026-10-05T13:20:23+09:00,ok,
sk00368,むさしの園,特養,狭山市,狭山市大字南入曽1044-1特別養護老人ホーム むさしの園,04-2956-7770,1172700187,取得不可,,,2026-09-29,埼玉県公式,https://www.pref.saitama.lg.jp/documents/8507/07seibu-tokuyo-0810.pdf,,28,False,True,False,True,2026-10-05T13:20:23+09:00,ok,
sk00369,むさしの園わかば,特養,狭山市,埼玉狭山市大字南入曽1048-2,04-2956-7760,1172701730,取得不可,,,2026-09-29,埼玉県公式,https://www.pref.saitama.lg.jp/documents/8507/07seibu-tokuyo-0810.pdf,,35,False,True,False,True,2026-10-05T13:20:23+09:00,ok,
sk00370,オリーブ 月見乃館,特養,狭山市,狭山市大字上赤坂290 番地1,04-2950-2400,1172701722 / 1172700401,空床取得可能,0,101,2026-09-29,埼玉県公式,https://www.pref.saitama.lg.jp/documents/8507/07seibu-tokuyo-0810.pdf,https://www.pref.saitama.lg.jp/documents/8507/07seibu-tokuyo-0810.pdf,25,True,True,True,True,2026-10-05T13:20:23+09:00,ok,
sk00371,ジョアン宮地の里,特養,狭山市,狭山市大字笹井1568番 2,04-2900-3600,1172700914,取得不可,,,2026-09-29,埼玉県公式,https://www.pref.saitama.lg.jp/documents/8507/07seibu-tokuyo-0810.pdf,,29,False,True,False,True,2026-10-05T13:20:23+09:00,ok,
sk00372,福寿の里,特養,狭山市,狭山市大字北入曽字南 入間野1502番1,04-2957-1163,1172702001,空床取得可能,0,78,2026-09-29,埼玉県公式,https://www.pref.saitama.lg.jp/documents/8507/07seibu-tokuyo-0810.pdf,https://www.pref.saitama.lg.jp/documents/8507/07seibu-tokuyo-0810.pdf,33,True,True,True,True,2026-10-05T13:20:23+09:00,ok,
sk00373,第二つつじの園(休止中),特養,狭山市,狭山市入間川字沢久保8 65-1,04-2959-0860,,取得不可,,,,,https://www.pref.saitama.lg.jp/documents/8507/07seibu-tokuyo-0809.pdf,,,False,False,False,False,2026-10-05T13:20:23+09:00,not_listed_or_unmatched,
sk00374,いなほの里,特養,白岡市,白岡市千駄野663-1,0480-90-5557,1170500332,空床取得可能,0,34,2026-09-29,埼玉県公式,https://www.pref.saitama.lg.jp/documents/8507/08tone-tokuyo-0810.pdf,https://www.pref.saitama.lg.jp/documents/8507/08tone-tokuyo-0810.pdf,47,True,True,True,True,2026-10-05T13:20:23+09:00,ok,
sk00375,ずいせん長寿村,特養,白岡市,高岩1051-1,0480-90-1155,1176600193,空床取得可能,0,44,2026-09-29,埼玉県公式,https://www.pref.saitama.lg.jp/documents/8507/08tone-tokuyo-0810.pdf,https://www.pref.saitama.lg.jp/documents/8507/08tone-tokuyo-0810.pdf,49,True,True,True,True,2026-10-05T13:20:23+09:00,ok,
sk00376,わかば,特養,白岡市,白岡市大字岡泉902,0480-91-6517,,取得不可,,,2026-09-29,埼玉県公式,https://www.pref.saitama.lg.jp/documents/8507/08tone-tokuyo-0810.pdf,,48,False,True,False,True,2026-10-05T13:20:23+09:00,ok,
sk00377,光乃里,特養,白岡市,白岡市大字荒井新田 359-1,0480-97-0171,1170500118 / 1196600017,空床取得可能,2,22,2026-09-29,埼玉県公式,https://www.pref.saitama.lg.jp/documents/8507/08tone-tokuyo-0810.pdf,https://www.pref.saitama.lg.jp/documents/8507/08tone-tokuyo-0810.pdf,45,True,True,True,True,2026-10-05T13:20:23+09:00,ok,
sk00378,悠う湯ホーム,特養,皆野町,秩父郡皆野町下日野沢3906-3,0494-26-5043,1174800233,空床取得可能,1,76,2026-09-29,埼玉県公式,https://www.pref.saitama.lg.jp/documents/8507/10titibu-tokuyo-0810.pdf,https://www.pref.saitama.lg.jp/documents/8507/10titibu-tokuyo-0810.pdf,11,True,True,True,True,2026-10-05T13:20:23+09:00,ok,
sk00379,いずみ,特養,神川町,児玉郡神川町大字上阿久原567番地,0274-52-6038,1174200269,取得不可,,,2026-09-29,埼玉県公式,https://www.pref.saitama.lg.jp/documents/8507/09hokubu-tokuyo-0810.pdf,,38,False,True,False,True,2026-10-05T13:20:23+09:00,ok,
sk00380,いろりの友,特養,神川町,児玉郡神川町大字八日市739-2,0495-77-1212,1174200236,取得不可,,,2026-09-29,埼玉県公式,https://www.pref.saitama.lg.jp/documents/8507/09hokubu-tokuyo-0810.pdf,,37,False,True,False,True,2026-10-05T13:20:23+09:00,ok,
sk00381,偕楽苑,特養,秩父市,秩父市蒔田1977,0494-23-2313,1174900512,取得不可,,,,,https://www.pref.saitama.lg.jp/documents/8507/10titibu-tokuyo-0809.pdf,,,False,False,False,False,2026-10-05T13:20:23+09:00,not_listed_or_unmatched,
sk00382,和泉の森,特養,秩父市,秩父市和泉町16,0494-26-5455,1174800241,取得不可,,,,,https://www.pref.saitama.lg.jp/documents/8507/10titibu-tokuyo-0809.pdf,,,False,False,False,False,2026-10-05T13:20:23+09:00,not_listed_or_unmatched,
sk00383,愛宕の杜,特養,秩父市,秩父市大野原786,0494-26-7305,1174901148,取得不可,,,,,https://www.pref.saitama.lg.jp/documents/8507/10titibu-tokuyo-0809.pdf,,,False,False,False,False,2026-10-05T13:20:23+09:00,not_listed_or_unmatched,
sk00384,杏子苑,特養,秩父市,秩父市寺尾3900-1,0494-25-1983,1174900314,取得不可,,,,,https://www.pref.saitama.lg.jp/documents/8507/10titibu-tokuyo-0809.pdf,,,False,False,False,False,2026-10-05T13:20:23+09:00,not_listed_or_unmatched,
sk00385,桜の園,特養,秩父市,秩父市和泉町18,0494-26-7650,1174800217,取得不可,,,,,https://www.pref.saitama.lg.jp/documents/8507/10titibu-tokuyo-0809.pdf,,,False,False,False,False,2026-10-05T13:20:23+09:00,not_listed_or_unmatched,
sk00386,楓の森,特養,秩父市,秩父市荒川上田野766 -1,0494543210,1194900146,取得不可,,,,,https://www.pref.saitama.lg.jp/documents/8507/10titibu-tokuyo-0809.pdf,,,False,False,False,False,2026-10-05T13:20:23+09:00,not_listed_or_unmatched,
sk00387,白砂恵慈園,特養,秩父市,秩父市吉田久長186-1,0494-77-0099,1174800258,取得不可,,,,,https://www.pref.saitama.lg.jp/documents/8507/10titibu-tokuyo-0809.pdf,,,False,False,False,False,2026-10-05T13:20:23+09:00,not_listed_or_unmatched,
sk00388,白砂恵慈園 永田屋,特養,秩父市,秩父市永田町9番3号白砂恵慈園 永田屋,0494-26-6311,1194900237,取得不可,,,,,https://www.pref.saitama.lg.jp/documents/8507/10titibu-tokuyo-0809.pdf,,,False,False,False,False,2026-10-05T13:20:23+09:00,not_listed_or_unmatched,
sk00389,ももよの丘,特養,美里町,児玉郡美里町大字白石2323-1,0495-76-0101,1174200244,取得不可,,,2026-09-29,埼玉県公式,https://www.pref.saitama.lg.jp/documents/8507/09hokubu-tokuyo-0810.pdf,,36,False,True,False,True,2026-10-05T13:20:23+09:00,ok,
sk00390,美里敬愛ホーム,特養,美里町,児玉郡美里町大字小茂田749,0495-76-1869,1174200913,取得不可,,,2026-09-29,埼玉県公式,https://www.pref.saitama.lg.jp/documents/8507/09hokubu-tokuyo-0810.pdf,,35,False,True,False,True,2026-10-05T13:20:23+09:00,ok,
sk00391,くわの実,特養,羽生市,羽生市下新郷 660,048-563-5088,1173900083,空床取得可能,0,56,2026-09-29,埼玉県公式,https://www.pref.saitama.lg.jp/documents/8507/08tone-tokuyo-0810.pdf,https://www.pref.saitama.lg.jp/documents/8507/08tone-tokuyo-0810.pdf,22,True,True,True,True,2026-10-05T13:20:23+09:00,ok,
sk00392,木犀館,特養,羽生市,羽生市大字下川崎1406 -4,048-577-5603,1173900703,空床取得可能,0,25,2026-09-29,埼玉県公式,https://www.pref.saitama.lg.jp/documents/8507/08tone-tokuyo-0810.pdf,https://www.pref.saitama.lg.jp/documents/8507/08tone-tokuyo-0810.pdf,23,True,True,True,True,2026-10-05T13:20:23+09:00,ok,
sk00393,清輝苑,特養,羽生市,羽生市下村君1169,048-565-1165,1173900182,取得不可,,,2026-09-29,埼玉県公式,https://www.pref.saitama.lg.jp/documents/8507/08tone-tokuyo-0810.pdf,,20,False,True,False,True,2026-10-05T13:20:23+09:00,ok,
sk00394,薫藤園,特養,羽生市,羽生市秀安351,048-563-0910,1173900562 / 1173900075,空床取得可能,0,41,2026-09-29,埼玉県公式,https://www.pref.saitama.lg.jp/documents/8507/08tone-tokuyo-0810.pdf,https://www.pref.saitama.lg.jp/documents/8507/08tone-tokuyo-0810.pdf,21,True,True,True,True,2026-10-05T13:20:23+09:00,ok,
sk00395,いろは,特養,草加市,草加市両新田西町151 番地2,048-948-8593,1191800356,空床取得可能,2,14,2026-09-28,埼玉県公式,https://www.pref.saitama.lg.jp/documents/8507/03toubu-tokuyo-0810.pdf,https://www.pref.saitama.lg.jp/documents/8507/03toubu-tokuyo-0810.pdf,25,True,True,True,True,2026-10-05T13:20:23+09:00,ok,
sk00396,アートフェリス,特養,草加市,草加市松原1-8-15,048-946-1077,1171802273,取得不可,,,2026-09-28,埼玉県公式,https://www.pref.saitama.lg.jp/documents/8507/03toubu-tokuyo-0810.pdf,,23,False,True,False,True,2026-10-05T13:20:23+09:00,ok,
sk00397,クォーターヴィレッジ,特養,草加市,草加市柿木町1084番,048-930-0707,1171800962,取得不可,,,2026-09-28,埼玉県公式,https://www.pref.saitama.lg.jp/documents/8507/03toubu-tokuyo-0810.pdf,,18,False,True,False,True,2026-10-05T13:20:23+09:00,ok,
sk00398,フェリス,特養,草加市,草加市長栄二丁目1番地 8,048-944-7766,1171801366,取得不可,,,2026-09-28,埼玉県公式,https://www.pref.saitama.lg.jp/documents/8507/03toubu-tokuyo-0810.pdf,,21,False,True,False,False,2026-10-05T13:20:23+09:00,ok,
sk00399,フェリス八幡,特養,草加市,草加市八幡町334-1,048-933-1133,1191800141,取得不可,,,2026-09-28,埼玉県公式,https://www.pref.saitama.lg.jp/documents/8507/03toubu-tokuyo-0810.pdf,,22,False,True,False,True,2026-10-05T13:20:23+09:00,ok,
sk00400,プレミア草加南,特養,草加市,草加市柳島町890番4,048-934-9601(,1191800208,空床取得可能,0,40,2026-09-28,埼玉県公式,https://www.pref.saitama.lg.jp/documents/8507/03toubu-tokuyo-0810.pdf,https://www.pref.saitama.lg.jp/documents/8507/03toubu-tokuyo-0810.pdf,24,True,True,True,True,2026-10-05T13:20:23+09:00,ok,
sk00401,ラスール草加,特養,草加市,草加市原町1丁目11番1,048-950-8322,1171803297,空床取得可能,3,50,2026-09-28,埼玉県公式,https://www.pref.saitama.lg.jp/documents/8507/03toubu-tokuyo-0810.pdf,https://www.pref.saitama.lg.jp/documents/8507/03toubu-tokuyo-0810.pdf,26,True,True,True,True,2026-10-05T13:20:23+09:00,ok,
sk00402,柿木園,特養,草加市,草加市柿木町181,048-936-8866,1171800186,空床取得可能,0,40,2026-09-28,埼玉県公式,https://www.pref.saitama.lg.jp/documents/8507/03toubu-tokuyo-0810.pdf,https://www.pref.saitama.lg.jp/documents/8507/03toubu-tokuyo-0810.pdf,17,True,True,True,True,2026-10-05T13:20:23+09:00,ok,
sk00403,草加キングス・ガーデン,特養,草加市,草加市遊馬町185,048-929-0010,1171800574,空床取得可能,0,96,2026-09-28,埼玉県公式,https://www.pref.saitama.lg.jp/documents/8507/03toubu-tokuyo-0810.pdf,https://www.pref.saitama.lg.jp/documents/8507/03toubu-tokuyo-0810.pdf,20,True,True,True,True,2026-10-05T13:20:23+09:00,ok,
sk00404,草加園,特養,草加市,草加市苗塚町200-2,048-928-3434,1171800194,取得不可,,,2026-09-28,埼玉県公式,https://www.pref.saitama.lg.jp/documents/8507/03toubu-tokuyo-0810.pdf,,19,False,True,False,True,2026-10-05T13:20:23+09:00,ok,
sk00405,はすだの森,特養,蓮田市,蓮田市江ヶ崎1003,048-764-1151,1175700101,取得不可,,,2026-09-29,埼玉県公式,https://www.pref.saitama.lg.jp/documents/8507/08tone-tokuyo-0810.pdf,,34,False,True,False,True,2026-10-05T13:20:23+09:00,ok,
sk00406,ひので,特養,蓮田市,蓮田市大字上平野616 番地1,048-792-0830,1175700788 / 1175700796,空床取得可能,21,17,2026-09-29,埼玉県公式,https://www.pref.saitama.lg.jp/documents/8507/08tone-tokuyo-0810.pdf,https://www.pref.saitama.lg.jp/documents/8507/08tone-tokuyo-0810.pdf,36,True,True,True,True,2026-10-05T13:20:23+09:00,ok,
sk00407,共生の家,特養,蓮田市,蓮田市大字閏戸87-5,048-796-0965,1175700952,空床取得可能,0,36,2026-09-29,埼玉県公式,https://www.pref.saitama.lg.jp/documents/8507/08tone-tokuyo-0810.pdf,https://www.pref.saitama.lg.jp/documents/8507/08tone-tokuyo-0810.pdf,37,True,True,True,True,2026-10-05T13:20:23+09:00,ok,
sk00408,吾亦紅,特養,蓮田市,蓮田市閏戸1885,048-766-4165,1175700119,空床取得可能,0,75,2026-09-29,埼玉県公式,https://www.pref.saitama.lg.jp/documents/8507/08tone-tokuyo-0810.pdf,https://www.pref.saitama.lg.jp/documents/8507/08tone-tokuyo-0810.pdf,35,True,True,True,True,2026-10-05T13:20:23+09:00,ok,
sk00409,いきいきタウン蕨,特養,蕨市,蕨市南町2丁目32番20 号,048-290-8132,,取得不可,,,2026-09-28,埼玉県公式,https://www.pref.saitama.lg.jp/documents/8507/01nanbu-tokuyo-0810.pdf,,35,False,True,False,True,2026-10-05T13:20:23+09:00,ok,
sk00410,レーベンホームわらび,特養,蕨市,蕨市中央7丁目37番16 号,048-229-1070,1171401118 / 1171401092,空床取得可能,1,33,2026-09-28,埼玉県公式,https://www.pref.saitama.lg.jp/documents/8507/01nanbu-tokuyo-0810.pdf,https://www.pref.saitama.lg.jp/documents/8507/01nanbu-tokuyo-0810.pdf,36,True,True,True,True,2026-10-05T13:20:23+09:00,ok,
sk00411,第2蕨サンクチュアリ,特養,蕨市,蕨市北町5-13-20,048-441-3153,1171400060,空床取得可能,0,32,2026-09-28,埼玉県公式,https://www.pref.saitama.lg.jp/documents/8507/01nanbu-tokuyo-0810.pdf,https://www.pref.saitama.lg.jp/documents/8507/01nanbu-tokuyo-0810.pdf,34,True,True,True,True,2026-10-05T13:20:23+09:00,ok,
sk00412,蕨サンクチュアリ,特養,蕨市,蕨市北町5-12-5,048-441-9598,1171400045,空床取得可能,5,32,2026-09-28,埼玉県公式,https://www.pref.saitama.lg.jp/documents/8507/01nanbu-tokuyo-0810.pdf,https://www.pref.saitama.lg.jp/documents/8507/01nanbu-tokuyo-0810.pdf,33,True,True,True,True,2026-10-05T13:20:23+09:00,ok,
sk00413,おきな,特養,行田市,行田市馬見塚 693,048-557-3521,1173600097,取得不可,,,2026-09-29,埼玉県公式,https://www.pref.saitama.lg.jp/documents/8507/08tone-tokuyo-0810.pdf,,5,False,True,False,True,2026-10-05T13:20:23+09:00,ok,
sk00414,ふぁみぃゆ東館,特養,行田市,行田市下須戸65番地1地域密着型施設,048-559-5561,1193700091,取得不可,,,2026-09-29,埼玉県公式,https://www.pref.saitama.lg.jp/documents/8507/08tone-tokuyo-0810.pdf,,4,False,True,False,True,2026-10-05T13:20:23+09:00,ok,
sk00415,ふぁみぃゆ行田,特養,行田市,行田市大字下須戸75番 地,048-559-4165,1173700442,取得不可,,,2026-09-29,埼玉県公式,https://www.pref.saitama.lg.jp/documents/8507/08tone-tokuyo-0810.pdf,,3,False,True,False,True,2026-10-05T13:20:23+09:00,ok,
sk00416,まきば園,特養,行田市,行田市白川戸275,048-555-2202,1173700129,取得不可,,,2026-09-29,埼玉県公式,https://www.pref.saitama.lg.jp/documents/8507/08tone-tokuyo-0810.pdf,,2,False,True,False,True,2026-10-05T13:20:23+09:00,ok,
sk00417,緑風苑,特養,行田市,行田市須加1529,048-557-3115,1173700111,待機人数のみ取得可能,,31,2026-09-29,埼玉県公式,https://www.pref.saitama.lg.jp/documents/8507/08tone-tokuyo-0810.pdf,https://www.pref.saitama.lg.jp/documents/8507/08tone-tokuyo-0810.pdf,1,False,True,True,True,2026-10-05T13:20:23+09:00,ok,
sk00418,行田さくらそう,特養,行田市,行田市大字藤間352番1,048-559-3030,1173701010,取得不可,,,2026-09-29,埼玉県公式,https://www.pref.saitama.lg.jp/documents/8507/08tone-tokuyo-0810.pdf,,7,False,True,False,True,2026-10-05T13:20:23+09:00,ok,
sk00419,雅,特養,行田市,行田市持田2424,048-545-1100,1173700947,空床取得可能,4,32,2026-09-29,埼玉県公式,https://www.pref.saitama.lg.jp/documents/8507/08tone-tokuyo-0810.pdf,https://www.pref.saitama.lg.jp/documents/8507/08tone-tokuyo-0810.pdf,6,True,True,True,True,2026-10-05T13:20:23+09:00,ok,
sk00420,光の丘,特養,越生町,入間郡越生町大字上野3078-5,049-292-5700,1172400119,空床取得可能,3,3,2026-09-29,埼玉県公式,https://www.pref.saitama.lg.jp/documents/8507/06kawagoehiki-tokuyo-0810.pdf,https://www.pref.saitama.lg.jp/documents/8507/06kawagoehiki-tokuyo-0810.pdf,37,True,True,True,True,2026-10-05T13:20:23+09:00,ok,
sk00421,四季の郷越生,特養,越生町,入間郡越生町大字鹿下 623-1,049-298-7828,1172401554,取得不可,,,2026-09-29,埼玉県公式,https://www.pref.saitama.lg.jp/documents/8507/06kawagoehiki-tokuyo-0810.pdf,,38,False,True,False,True,2026-10-05T13:20:23+09:00,ok,
sk00422,えくぼ,特養,越谷市,越谷市七左町六丁目191番地1,048-987-4787,1170803173,空床取得可能,0,16,2026-09-28,埼玉県公式,https://www.pref.saitama.lg.jp/documents/8507/03toubu-tokuyo-0810.pdf,https://www.pref.saitama.lg.jp/documents/8507/03toubu-tokuyo-0810.pdf,38,True,True,True,True,2026-10-05T13:20:23+09:00,ok,
sk00423,さち,特養,越谷市,越谷市神明町3丁目18番地,048-966-2525,1170803892,取得不可,,,2026-09-28,埼玉県公式,https://www.pref.saitama.lg.jp/documents/8507/03toubu-tokuyo-0810.pdf,,35,False,True,False,True,2026-10-05T13:20:23+09:00,ok,
sk00424,みちみち,特養,越谷市,越谷市船渡2046,048-979-5381,1170801748,取得不可,,,2026-09-28,埼玉県公式,https://www.pref.saitama.lg.jp/documents/8507/03toubu-tokuyo-0810.pdf,,36,False,True,False,True,2026-10-05T13:20:23+09:00,ok,
sk00425,キャンベルホーム,特養,越谷市,越谷市大吉552-1,048-970-3330,1170800625,取得不可,,,2026-09-28,埼玉県公式,https://www.pref.saitama.lg.jp/documents/8507/03toubu-tokuyo-0810.pdf,,27,False,True,False,True,2026-10-05T13:20:23+09:00,ok,
sk00426,クローバーホーム,特養,越谷市,越谷市増林5445番地1,048-967-0500,1170803868,空床取得可能,0,18,2026-09-28,埼玉県公式,https://www.pref.saitama.lg.jp/documents/8507/03toubu-tokuyo-0810.pdf,https://www.pref.saitama.lg.jp/documents/8507/03toubu-tokuyo-0810.pdf,28,True,True,True,True,2026-10-05T13:20:23+09:00,ok,
sk00427,グレースガーデン越谷,特養,越谷市,砂原125番地1,048-940-3915,1170803215,取得不可,,,2026-09-28,埼玉県公式,https://www.pref.saitama.lg.jp/documents/8507/03toubu-tokuyo-0810.pdf,,39,False,True,False,True,2026-10-05T13:20:23+09:00,ok,
sk00428,タムスさくらの杜 越谷,特養,越谷市,越谷市新川町2-247,048-940-6110,1170802563,空床取得可能,0,7,2026-09-28,埼玉県公式,https://www.pref.saitama.lg.jp/documents/8507/03toubu-tokuyo-0810.pdf,https://www.pref.saitama.lg.jp/documents/8507/03toubu-tokuyo-0810.pdf,37,True,True,True,True,2026-10-05T13:20:23+09:00,ok,
sk00429,レイクタウンの杜,特養,越谷市,越谷市東町三丁目439番地1,048-972-5064,1170805103,空床取得可能,0,30,2026-09-28,埼玉県公式,https://www.pref.saitama.lg.jp/documents/8507/03toubu-tokuyo-0810.pdf,https://www.pref.saitama.lg.jp/documents/8507/03toubu-tokuyo-0810.pdf,43,True,True,True,True,2026-10-05T13:20:23+09:00,ok,
sk00430,嘉祥園,特養,越谷市,越谷市谷中町4-29,048-966-7337,1170800260,空床取得可能,2,22,2026-09-28,埼玉県公式,https://www.pref.saitama.lg.jp/documents/8507/03toubu-tokuyo-0810.pdf,https://www.pref.saitama.lg.jp/documents/8507/03toubu-tokuyo-0810.pdf,33,True,True,True,True,2026-10-05T13:20:23+09:00,ok,
sk00431,地域密着型介護老人福祉 施設 越谷なごみの郷,特養,越谷市,越谷市川柳3丁目55番1,048-987-8753,1190800217,取得不可,,,,,https://www.pref.saitama.lg.jp/documents/8507/03toubu-tokuyo-0809.pdf,,,False,False,False,False,2026-10-05T13:20:23+09:00,not_listed_or_unmatched,
sk00432,憩いの里,特養,越谷市,越谷市増森1-85,048-963-5151,1170800237 / 1190800308,空床取得可能,0,60,2026-09-28,埼玉県公式,https://www.pref.saitama.lg.jp/documents/8507/03toubu-tokuyo-0810.pdf,https://www.pref.saitama.lg.jp/documents/8507/03toubu-tokuyo-0810.pdf,29,True,True,True,True,2026-10-05T13:20:23+09:00,ok,
sk00433,桃の里,特養,越谷市,越谷市船渡43,048-974-2006,1170801680 / 1190800233,空床取得可能,0,32,2026-09-28,埼玉県公式,https://www.pref.saitama.lg.jp/documents/8507/03toubu-tokuyo-0810.pdf,https://www.pref.saitama.lg.jp/documents/8507/03toubu-tokuyo-0810.pdf,34,True,True,True,True,2026-10-05T13:20:23+09:00,ok,
sk00434,越谷なごみの郷,特養,越谷市,越谷市川柳町3丁目60 番1,048-987-0753,1170800245,空床取得可能,0,103,2026-09-28,埼玉県公式,https://www.pref.saitama.lg.jp/documents/8507/03toubu-tokuyo-0810.pdf,https://www.pref.saitama.lg.jp/documents/8507/03toubu-tokuyo-0810.pdf,31,True,True,True,True,2026-10-05T13:20:23+09:00,ok,
sk00435,越谷よさこいホーム,特養,越谷市,越谷市大字恩間新田53 番地1,048-999-6262,1170804387,取得不可,,,2026-09-28,埼玉県公式,https://www.pref.saitama.lg.jp/documents/8507/03toubu-tokuyo-0810.pdf,,41,False,True,False,True,2026-10-05T13:20:23+09:00,ok,
sk00436,越谷れんげの杜,特養,越谷市,越谷市相模町2丁目277 番地1,048-989-0222,1170804379,空床取得可能,3,27,2026-09-28,埼玉県公式,https://www.pref.saitama.lg.jp/documents/8507/03toubu-tokuyo-0810.pdf,https://www.pref.saitama.lg.jp/documents/8507/03toubu-tokuyo-0810.pdf,42,True,True,True,True,2026-10-05T13:20:23+09:00,ok,
sk00437,越谷ホーム,特養,越谷市,越谷市南荻島1987,048-978-5500,1170800252 / 1190800290,空床取得可能,3,28,2026-09-28,埼玉県公式,https://www.pref.saitama.lg.jp/documents/8507/03toubu-tokuyo-0810.pdf,https://www.pref.saitama.lg.jp/documents/8507/03toubu-tokuyo-0810.pdf,30,True,True,True,True,2026-10-05T13:20:23+09:00,ok,
sk00438,輝の杜こしがや,特養,越谷市,越谷市大字南荻島492-1輝の杜こしがや,048-971-1211,1190800472,空床取得可能,0,19,2026-09-28,埼玉県公式,https://www.pref.saitama.lg.jp/documents/8507/03toubu-tokuyo-0810.pdf,https://www.pref.saitama.lg.jp/documents/8507/03toubu-tokuyo-0810.pdf,40,True,True,True,True,2026-10-05T13:20:23+09:00,ok,
sk00439,ながとろ苑,特養,長瀞町,秩父郡長瀞町大字野上下郷428,0494-69-2055,1174800332,空床取得可能,3,15,2026-09-29,埼玉県公式,https://www.pref.saitama.lg.jp/documents/8507/10titibu-tokuyo-0810.pdf,https://www.pref.saitama.lg.jp/documents/8507/10titibu-tokuyo-0810.pdf,12,True,True,True,True,2026-10-05T13:20:23+09:00,ok,
sk00440,あしかり園,特養,飯能市,飯能市芦苅場805,042-972-7777,1172600130,取得不可,,,2026-09-29,埼玉県公式,https://www.pref.saitama.lg.jp/documents/8507/07seibu-tokuyo-0810.pdf,,22,False,True,False,True,2026-10-05T13:20:23+09:00,ok,
sk00441,吾野園,特養,飯能市,飯能市南川2091,042-978-2610,1172600122,取得不可,,,2026-09-29,埼玉県公式,https://www.pref.saitama.lg.jp/documents/8507/07seibu-tokuyo-0810.pdf,,24,False,True,False,False,2026-10-05T13:20:23+09:00,ok,
sk00442,太行路,特養,飯能市,飯能市下名栗460番地,042-979-0011,1172400135,空床取得可能,0,39,2026-09-29,埼玉県公式,https://www.pref.saitama.lg.jp/documents/8507/07seibu-tokuyo-0810.pdf,https://www.pref.saitama.lg.jp/documents/8507/07seibu-tokuyo-0810.pdf,21,True,True,True,True,2026-10-05T13:20:23+09:00,ok,
sk00443,敦徳園,特養,飯能市,飯能市永田527-2,042-975-1552,1172600148,取得不可,,,2026-09-29,埼玉県公式,https://www.pref.saitama.lg.jp/documents/8507/07seibu-tokuyo-0810.pdf,,23,False,True,False,True,2026-10-05T13:20:23+09:00,ok,
sk00444,鳩山松寿園,特養,鳩山町,比企郡鳩山町大字小用554番地,049-296-2121,1173200302,取得不可,,,2026-09-29,埼玉県公式,https://www.pref.saitama.lg.jp/documents/8507/06kawagoehiki-tokuyo-0810.pdf,,47,False,True,False,True,2026-10-05T13:20:23+09:00,ok,
sk00445,鳩山松寿園東館,特養,鳩山町,比企郡鳩山町松ヶ丘四丁目1番3号,049-296-7677,1173202167,取得不可,,,2026-09-29,埼玉県公式,https://www.pref.saitama.lg.jp/documents/8507/06kawagoehiki-tokuyo-0810.pdf,,48,False,True,False,True,2026-10-05T13:20:23+09:00,ok,
sk00446,こうのすタンポポ翔裕園,特養,鴻巣市,鴻巣市郷地1746-1,048-540-6699,1171700550,取得不可,,,2026-09-29,埼玉県公式,https://www.pref.saitama.lg.jp/documents/8507/05kenou-tokuyo-0810.pdf,,4,False,True,False,True,2026-10-05T13:20:23+09:00,ok,
sk00447,てねる,特養,鴻巣市,鴻巣市前砂字頭殿1003 番1,048-547-2477,1171701269,取得不可,,,2026-09-29,埼玉県公式,https://www.pref.saitama.lg.jp/documents/8507/05kenou-tokuyo-0810.pdf,,9,False,True,False,True,2026-10-05T13:20:23+09:00,ok,
sk00448,北こうのす翔裕園,特養,鴻巣市,鴻巣市箕田3523番地,048-577-3607,1171701921,取得不可,,,2026-09-29,埼玉県公式,https://www.pref.saitama.lg.jp/documents/8507/05kenou-tokuyo-0810.pdf,,5,False,True,False,True,2026-10-05T13:20:23+09:00,ok,
sk00449,吹上苑,特養,鴻巣市,鴻巣市下忍4461,048-548-8801,1171300013 / 1171701152,空床取得可能,0,,2026-09-29,埼玉県公式,https://www.pref.saitama.lg.jp/documents/8507/05kenou-tokuyo-0810.pdf,,6,True,True,False,False,2026-10-05T13:20:23+09:00,ok,
sk00450,小松の里,特養,鴻巣市,鴻巣市小松2-8-12,048-540-5008,1191700051,空床取得可能,0,2,2026-09-29,埼玉県公式,https://www.pref.saitama.lg.jp/documents/8507/05kenou-tokuyo-0810.pdf,https://www.pref.saitama.lg.jp/documents/8507/05kenou-tokuyo-0810.pdf,7,True,True,True,True,2026-10-05T13:20:23+09:00,ok,
sk00451,川里苑デメテル・ヴィラ,特養,鴻巣市,鴻巣市屈巣5158,048-569-1001,1173600048 / 1171701160,空床取得可能,0,31,2026-09-29,埼玉県公式,https://www.pref.saitama.lg.jp/documents/8507/05kenou-tokuyo-0810.pdf,https://www.pref.saitama.lg.jp/documents/8507/05kenou-tokuyo-0810.pdf,1,True,True,True,True,2026-10-05T13:20:23+09:00,ok,
sk00452,福冨の郷,特養,鴻巣市,鴻巣市鴻巣字沼田967番1福冨の郷,048-577-7780,1171701467,空床取得可能,0,,2026-09-29,埼玉県公式,https://www.pref.saitama.lg.jp/documents/8507/05kenou-tokuyo-0810.pdf,,10,True,True,False,True,2026-10-05T13:20:23+09:00,ok,
sk00453,翔裕園,特養,鴻巣市,鴻巣市上谷687-1,048-541-8585,1171700162,取得不可,,,2026-09-29,埼玉県公式,https://www.pref.saitama.lg.jp/documents/8507/05kenou-tokuyo-0810.pdf,,2,False,True,False,True,2026-10-05T13:20:23+09:00,ok,
sk00454,馬室たんぽぽ翔裕園,特養,鴻巣市,鴻巣市原馬室3335,048-541-4148,1171701061 / 1171700378,空床取得可能,0,,2026-09-29,埼玉県公式,https://www.pref.saitama.lg.jp/documents/8507/05kenou-tokuyo-0810.pdf,,3,True,True,False,False,2026-10-05T13:20:23+09:00,ok,
sk00455,鴻巣まきば園,特養,鴻巣市,鴻巣市前砂517-1,048-547-2202,1171700634,取得不可,,,2026-09-29,埼玉県公式,https://www.pref.saitama.lg.jp/documents/8507/05kenou-tokuyo-0810.pdf,,8,False,True,False,True,2026-10-05T13:20:23+09:00,ok,
sk00456,みどりの風鶴ヶ島,特養,鶴ヶ島市,鶴ヶ島市大字上広谷543 番地1,049-299-6056,1176200465,取得不可,,,2026-09-29,埼玉県公式,https://www.pref.saitama.lg.jp/documents/8507/06kawagoehiki-tokuyo-0810.pdf,,32,False,True,False,True,2026-10-05T13:20:23+09:00,ok,
sk00457,清光苑,特養,鶴ヶ島市,鶴ヶ島市三ツ木855-1,049-285-5555,1176200069,空床取得可能,1,41,2026-09-29,埼玉県公式,https://www.pref.saitama.lg.jp/documents/8507/06kawagoehiki-tokuyo-0810.pdf,https://www.pref.saitama.lg.jp/documents/8507/06kawagoehiki-tokuyo-0810.pdf,30,True,True,True,True,2026-10-05T13:20:23+09:00,ok,
sk00458,鶴ヶ丘の里,特養,鶴ヶ島市,鶴ヶ島市鶴ヶ丘27番地7,049-227-3550,1176201018,取得不可,,,2026-09-29,埼玉県公式,https://www.pref.saitama.lg.jp/documents/8507/06kawagoehiki-tokuyo-0810.pdf,,33,False,True,False,True,2026-10-05T13:20:23+09:00,ok,
sk00459,鶴ヶ島ほほえみの郷,特養,鶴ヶ島市,鶴ヶ島市大字高倉1059番 1,049-279-2001,1176200838,取得不可,,,2026-09-29,埼玉県公式,https://www.pref.saitama.lg.jp/documents/8507/06kawagoehiki-tokuyo-0810.pdf,,31,False,True,False,True,2026-10-05T13:20:23+09:00,ok,
sk00460,みやびの里,老健,さいたま市北区,さいたま市北区別所町920,048-668-1020,1156580047,取得不可,,,2026-09-29,埼玉県公式,https://www.pref.saitama.lg.jp/documents/8507/04saitama-roken-0810.pdf,,8,False,True,False,True,2026-10-05T13:20:23+09:00,ok,
sk00461,ハートランド大宮,老健,さいたま市北区,さいたま市北区奈良町120-2,048-662-7777,1156580134,空床取得可能,6,0,2026-09-29,埼玉県公式,https://www.pref.saitama.lg.jp/documents/8507/04saitama-roken-0810.pdf,https://www.pref.saitama.lg.jp/documents/8507/04saitama-roken-0810.pdf,10,True,True,True,True,2026-10-05T13:20:23+09:00,ok,
sk00462,ボヌール,老健,さいたま市北区,さいたま市北区吉野町2-1365,048-661-8223,1156580054,取得不可,,,2026-09-29,埼玉県公式,https://www.pref.saitama.lg.jp/documents/8507/04saitama-roken-0810.pdf,,9,False,True,False,True,2026-10-05T13:20:23+09:00,ok,
sk00463,葵の園・浦和,老健,さいたま市南区,さいたま市南区内谷5-24-1,048-872-2121,1156580159,取得不可,,,2026-09-29,埼玉県公式,https://www.pref.saitama.lg.jp/documents/8507/04saitama-roken-0810.pdf,,11,False,True,False,True,2026-10-05T13:20:23+09:00,ok,
sk00464,エスポワール岩槻,老健,さいたま市岩槻区,さいたま市岩槻区表慈恩寺541-1,048-793-3612,1156580183,取得不可,,,2026-09-29,埼玉県公式,https://www.pref.saitama.lg.jp/documents/8507/04saitama-roken-0810.pdf,,28,False,True,False,True,2026-10-05T13:20:23+09:00,ok,
sk00465,ソワンルミエ槻の森,老健,さいたま市岩槻区,さいたま市岩槻区平林寺108,048-758-2324,1150780015,空床取得可能,3,0,2026-09-29,埼玉県公式,https://www.pref.saitama.lg.jp/documents/8507/04saitama-roken-0810.pdf,https://www.pref.saitama.lg.jp/documents/8507/04saitama-roken-0810.pdf,26,True,True,True,True,2026-10-05T13:20:23+09:00,ok,
sk00466,岩槻ライトケア,老健,さいたま市岩槻区,さいたま市岩槻区馬込1292,048-758-2330,1150780023,取得不可,,,2026-09-29,埼玉県公式,https://www.pref.saitama.lg.jp/documents/8507/04saitama-roken-0810.pdf,,27,False,True,False,True,2026-10-05T13:20:23+09:00,ok,
sk00467,うらわの里,老健,さいたま市桜区,さいたま市桜区西堀8-4-1,048-855-7811,1150180026,空床取得可能,20,2,2026-09-29,埼玉県公式,https://www.pref.saitama.lg.jp/documents/8507/04saitama-roken-0810.pdf,https://www.pref.saitama.lg.jp/documents/8507/04saitama-roken-0810.pdf,20,True,True,True,True,2026-10-05T13:20:23+09:00,ok,
sk00468,ファインハイム,老健,さいたま市桜区,さいたま市桜区宿372-1,048-856-0001,1156580013,空床取得可能,5,0,2026-09-29,埼玉県公式,https://www.pref.saitama.lg.jp/documents/8507/04saitama-roken-0810.pdf,https://www.pref.saitama.lg.jp/documents/8507/04saitama-roken-0810.pdf,21,True,True,True,True,2026-10-05T13:20:23+09:00,ok,
sk00469,埼玉メディカルセンター附属介護老人保健施設,老健,さいたま市浦和区,さいたま市浦和区北浦和5-2-7,048-834-3700,1150180034,取得不可,,,2026-09-29,埼玉県公式,https://www.pref.saitama.lg.jp/documents/8507/04saitama-roken-0810.pdf,,22,False,True,False,True,2026-10-05T13:20:23+09:00,ok,
sk00470,あさがお,老健,さいたま市緑区,さいたま市緑区大崎3385-1,048-878-7188,1156580100,空床取得可能,20,0,2026-09-29,埼玉県公式,https://www.pref.saitama.lg.jp/documents/8507/04saitama-roken-0810.pdf,https://www.pref.saitama.lg.jp/documents/8507/04saitama-roken-0810.pdf,24,True,True,True,True,2026-10-05T13:20:23+09:00,ok,
sk00471,エスポワールさいたま,老健,さいたま市緑区,さいたま市緑区大字大門1548-7,048-812-1277,1156580126,取得不可,,,2026-09-29,埼玉県公式,https://www.pref.saitama.lg.jp/documents/8507/04saitama-roken-0810.pdf,,25,False,True,False,True,2026-10-05T13:20:23+09:00,ok,
sk00472,尚和園 アンシャンテ,老健,さいたま市緑区,さいたま市緑区原山3-15-31,048-887-1340,1156580088,空床取得可能,9,0,2026-09-29,埼玉県公式,https://www.pref.saitama.lg.jp/documents/8507/04saitama-roken-0810.pdf,https://www.pref.saitama.lg.jp/documents/8507/04saitama-roken-0810.pdf,23,True,True,True,True,2026-10-05T13:20:23+09:00,ok,
sk00473,びわの葉,老健,さいたま市西区,さいたま市西区宝来1348-1,048-623-1102(,1156580142,取得不可,,,2026-09-29,埼玉県公式,https://www.pref.saitama.lg.jp/documents/8507/04saitama-roken-0810.pdf,,6,False,True,False,True,2026-10-05T13:20:23+09:00,ok,
sk00474,トワーム指扇,老健,さいたま市西区,さいたま市西区宝来591,048-620-6660,1156580001,取得不可,,,2026-09-29,埼玉県公式,https://www.pref.saitama.lg.jp/documents/8507/04saitama-roken-0810.pdf,,3,False,True,False,True,2026-10-05T13:20:23+09:00,ok,
sk00475,ル・サンク湯澤,老健,さいたま市西区,さいたま市西区三橋6-567,048-622-8170,1156580167,取得不可,,,2026-09-29,埼玉県公式,https://www.pref.saitama.lg.jp/documents/8507/04saitama-roken-0810.pdf,,7,False,True,False,True,2026-10-05T13:20:23+09:00,ok,
sk00476,春陽苑,老健,さいたま市西区,さいたま市西区飯田新田91-1,048-620-5566,1150380055,空床取得可能,2,0,2026-09-29,埼玉県公式,https://www.pref.saitama.lg.jp/documents/8507/04saitama-roken-0810.pdf,https://www.pref.saitama.lg.jp/documents/8507/04saitama-roken-0810.pdf,2,True,True,True,True,2026-10-05T13:20:23+09:00,ok,
sk00477,葵の園・大宮,老健,さいたま市西区,さいたま市西区清河寺685-1,048-621-1155,1156580118,取得不可,,,2026-09-29,埼玉県公式,https://www.pref.saitama.lg.jp/documents/8507/04saitama-roken-0810.pdf,,5,False,True,False,True,2026-10-05T13:20:23+09:00,ok,
sk00478,高齢者ケアセンター ゆらぎ,老健,さいたま市西区,さいたま市西区西遊馬1556-1,048-626-0660,1150380048,空床取得可能,0,2,2026-09-29,埼玉県公式,https://www.pref.saitama.lg.jp/documents/8507/04saitama-roken-0810.pdf,https://www.pref.saitama.lg.jp/documents/8507/04saitama-roken-0810.pdf,1,True,True,True,True,2026-10-05T13:20:23+09:00,ok,
sk00479,あすか,老健,さいたま市見沼区,さいたま市見沼区染谷3-430-1,048-687-7771,1150380030,取得不可,,,2026-09-29,埼玉県公式,https://www.pref.saitama.lg.jp/documents/8507/04saitama-roken-0810.pdf,,14,False,True,False,True,2026-10-05T13:20:23+09:00,ok,
sk00480,アーバンみらいハートランド東大宮,老健,さいたま市見沼区,さいたま市見沼区春野2-9-22,048-682-7055,1156580062,空床取得可能,8,3,2026-09-29,埼玉県公式,https://www.pref.saitama.lg.jp/documents/8507/04saitama-roken-0810.pdf,https://www.pref.saitama.lg.jp/documents/8507/04saitama-roken-0810.pdf,15,True,True,True,True,2026-10-05T13:20:23+09:00,ok,
sk00481,ハートケア東大宮,老健,さいたま市見沼区,さいたま市見沼区風渡野45,048-682-6821,1156580021,空床取得可能,3,,2026-09-29,埼玉県公式,https://www.pref.saitama.lg.jp/documents/8507/04saitama-roken-0810.pdf,,16,True,True,False,True,2026-10-05T13:20:23+09:00,ok,
sk00482,大宮ナーシング・ピア,老健,さいたま市見沼区,さいたま市見沼区片柳1550番地大宮共立病院内 B館2階,048-686-1890,1150380014,取得不可,,,2026-09-29,埼玉県公式,https://www.pref.saitama.lg.jp/documents/8507/04saitama-roken-0810.pdf,,12,False,True,False,True,2026-10-05T13:20:23+09:00,ok,
sk00483,高齢者ケアセンター のぞみ,老健,さいたま市見沼区,さいたま市見沼区片柳1387-1,048-680-1111,1156580092,取得不可,,,2026-09-29,埼玉県公式,https://www.pref.saitama.lg.jp/documents/8507/04saitama-roken-0810.pdf,,17,False,True,False,False,2026-10-05T13:20:23+09:00,ok,
sk00484,さくらの里,老健,ふじみ野市,ふじみ野市福岡新田4-1,049-269-6600,,空床取得可能,0,5,2026-09-29,埼玉県公式,https://www.pref.saitama.lg.jp/documents/8507/02nanseibu-roken-0810.pdf,https://www.pref.saitama.lg.jp/documents/8507/02nanseibu-roken-0810.pdf,11,True,True,True,True,2026-10-05T13:20:23+09:00,ok,
sk00485,ふじみ野介護老人保健施設ベテラン館,老健,ふじみ野市,ふじみ野市亀久保1833ー5,049-278-7110,1153080054,空床取得可能,1,2,2026-09-29,埼玉県公式,https://www.pref.saitama.lg.jp/documents/8507/02nanseibu-roken-0810.pdf,https://www.pref.saitama.lg.jp/documents/8507/02nanseibu-roken-0810.pdf,15,True,True,True,True,2026-10-05T13:20:23+09:00,ok,
sk00486,イムスケアふじみの,老健,ふじみ野市,ふじみ野市鶴ヶ岡5丁目6番58号,049-256-6250,1153080039,空床取得可能,0,0,2026-09-29,埼玉県公式,https://www.pref.saitama.lg.jp/documents/8507/02nanseibu-roken-0810.pdf,https://www.pref.saitama.lg.jp/documents/8507/02nanseibu-roken-0810.pdf,14,True,True,True,True,2026-10-05T13:20:23+09:00,ok,
sk00487,上福岡リハケアセンター,老健,ふじみ野市,ふじみ野市福岡新田108-1,049-266-0112,1153080025,空床取得可能,3,3,2026-09-29,埼玉県公式,https://www.pref.saitama.lg.jp/documents/8507/02nanseibu-roken-0810.pdf,https://www.pref.saitama.lg.jp/documents/8507/02nanseibu-roken-0810.pdf,12,True,True,True,True,2026-10-05T13:20:23+09:00,ok,
sk00488,秋桜の里,老健,ふじみ野市,ふじみ野市福岡142-1,049-268-6531,1153080047,空床取得可能,2,3,2026-09-29,埼玉県公式,https://www.pref.saitama.lg.jp/documents/8507/02nanseibu-roken-0810.pdf,https://www.pref.saitama.lg.jp/documents/8507/02nanseibu-roken-0810.pdf,13,True,True,True,True,2026-10-05T13:20:23+09:00,ok,
sk00489,むさしの苑,老健,三芳町,入間郡三芳町上富1784-7,049-259-6122,1152480028,取得不可,,,2026-09-29,埼玉県公式,https://www.pref.saitama.lg.jp/documents/8507/02nanseibu-roken-0810.pdf,,17,False,True,False,True,2026-10-05T13:20:23+09:00,ok,
sk00490,エムズガーデン,老健,三芳町,入間郡三芳町北永井890-2,049-257-1500,1152480040,取得不可,,,2026-09-29,埼玉県公式,https://www.pref.saitama.lg.jp/documents/8507/02nanseibu-roken-0810.pdf,,18,False,True,False,True,2026-10-05T13:20:23+09:00,ok,
sk00491,埼玉ロイヤルケアセンター,老健,三芳町,入間郡三芳町上富2181-5,049-258-6060,1152480010,取得不可,,,2026-09-29,埼玉県公式,https://www.pref.saitama.lg.jp/documents/8507/02nanseibu-roken-0810.pdf,,16,False,True,False,True,2026-10-05T13:20:23+09:00,ok,
sk00492,三郷ケアセンター,老健,三郷市,三郷市南蓮沼260-2,048-953-6161,1151280015,取得不可,,,2026-09-29,埼玉県公式,https://www.pref.saitama.lg.jp/documents/8507/03toubu-roken-0810.pdf,,20,False,True,False,True,2026-10-05T13:20:23+09:00,ok,
sk00493,あげお愛友の里,老健,上尾市,上尾市西門前字南前636,048-772-7711,1151680016,取得不可,,,2026-09-29,埼玉県公式,https://www.pref.saitama.lg.jp/documents/8507/05kenou-roken-0810.pdf,,5,False,True,False,True,2026-10-05T13:20:23+09:00,ok,
sk00494,ふれあいの郷あげお,老健,上尾市,上尾市大字平方1915,048-780-6600,1151680040,取得不可,,,2026-09-29,埼玉県公式,https://www.pref.saitama.lg.jp/documents/8507/05kenou-roken-0810.pdf,,8,False,True,False,True,2026-10-05T13:20:23+09:00,ok,
sk00495,エルサ上尾,老健,上尾市,上尾市藤波3丁目265番地1号,048-787-8686,1151680032,空床取得可能,5,0,2026-09-29,埼玉県公式,https://www.pref.saitama.lg.jp/documents/8507/05kenou-roken-0810.pdf,https://www.pref.saitama.lg.jp/documents/8507/05kenou-roken-0810.pdf,7,True,True,True,True,2026-10-05T13:20:23+09:00,ok,
sk00496,ハーティハイム,老健,上尾市,上尾市平方3147-3,048-726-8000,1151680024,取得不可,,,2026-09-29,埼玉県公式,https://www.pref.saitama.lg.jp/documents/8507/05kenou-roken-0810.pdf,,6,False,True,False,True,2026-10-05T13:20:23+09:00,ok,
sk00497,かみさとナーシングホーム,老健,上里町,児玉郡上里町金久保1336,0495-33-7070,1154280020,取得不可,,,2026-09-29,埼玉県公式,https://www.pref.saitama.lg.jp/documents/8507/09hokubu-roken-0810.pdf,,14,False,True,False,True,2026-10-05T13:20:23+09:00,ok,
sk00498,みやじま,老健,久喜市,久喜市菖蒲町菖蒲4028,0480-85-1812,1150580019,空床取得可能,10,5,2026-09-29,埼玉県公式,https://www.pref.saitama.lg.jp/documents/8507/08tone-roken-0810.pdf,https://www.pref.saitama.lg.jp/documents/8507/08tone-roken-0810.pdf,10,True,True,True,True,2026-10-05T13:20:23+09:00,ok,
sk00499,栗橋ナーシングホーム翔裕園,老健,久喜市,久喜市小右衛門951-1,0480-55-2024,1151180041,取得不可,,,2026-09-29,埼玉県公式,https://www.pref.saitama.lg.jp/documents/8507/08tone-roken-0810.pdf,,11,False,True,False,True,2026-10-05T13:20:23+09:00,ok,
sk00500,桜田,老健,久喜市,久喜市東大輪2039-4,0480-57-1811,1151100011,取得不可,,,2026-09-29,埼玉県公式,https://www.pref.saitama.lg.jp/documents/8507/08tone-roken-0810.pdf,,12,False,True,False,True,2026-10-05T13:20:23+09:00,ok,
sk00501,鶴寿の里ナーシングホーム,老健,久喜市,久喜市北青柳1385-2,0480-24-0066,1150980011,空床取得可能,3,2,2026-09-29,埼玉県公式,https://www.pref.saitama.lg.jp/documents/8507/08tone-roken-0810.pdf,https://www.pref.saitama.lg.jp/documents/8507/08tone-roken-0810.pdf,9,True,True,True,True,2026-10-05T13:20:23+09:00,ok,
sk00502,一心館,老健,伊奈町,北足立郡伊奈町小室8113,048-720-7217,1153080017,取得不可,,,2026-09-29,埼玉県公式,https://www.pref.saitama.lg.jp/documents/8507/05kenou-roken-0810.pdf,,14,False,True,False,True,2026-10-05T13:20:23+09:00,ok,
sk00503,いるまの里,老健,入間市,入間市野田1630,04-2933-1000,1152880058,取得不可,,,2026-09-29,埼玉県公式,https://www.pref.saitama.lg.jp/documents/8507/07seibu-roken-0810.pdf,,20,False,True,False,True,2026-10-05T13:20:23+09:00,ok,
sk00504,ゆりの木,老健,入間市,入間市宮寺3187番地31,04-2934-5055,1152880037,取得不可,,,2026-09-29,埼玉県公式,https://www.pref.saitama.lg.jp/documents/8507/07seibu-roken-0810.pdf,,19,False,True,False,True,2026-10-05T13:20:23+09:00,ok,
sk00505,アヴニール,老健,入間市,入間市二本木1082-1,04-2934-6910,1152880029,空床取得可能,7,3,2026-09-29,埼玉県公式,https://www.pref.saitama.lg.jp/documents/8507/07seibu-roken-0810.pdf,https://www.pref.saitama.lg.jp/documents/8507/07seibu-roken-0810.pdf,18,True,True,True,True,2026-10-05T13:20:23+09:00,ok,
sk00506,ケアセンターなごみ,老健,入間市,入間市小谷田1258-1,04-2934-5077,1152880011,取得不可,,,2026-09-29,埼玉県公式,https://www.pref.saitama.lg.jp/documents/8507/07seibu-roken-0810.pdf,,17,False,True,False,True,2026-10-05T13:20:23+09:00,ok,
sk00507,ケアセンター八潮,老健,八潮市,八潮市鶴ヶ曽根1184-4,048-998-2220,1151080019,空床取得可能,,0,2026-09-29,埼玉県公式,https://www.pref.saitama.lg.jp/documents/8507/03toubu-roken-0810.pdf,https://www.pref.saitama.lg.jp/documents/8507/03toubu-roken-0810.pdf,19,True,True,True,True,2026-10-05T13:20:23+09:00,ok,
sk00508,ケア・ビレッジ シャローム,老健,加須市,加須市岡古井73,0480-61-3810,1153880010,空床取得可能,10,0,2026-09-29,埼玉県公式,https://www.pref.saitama.lg.jp/documents/8507/08tone-roken-0810.pdf,https://www.pref.saitama.lg.jp/documents/8507/08tone-roken-0810.pdf,3,True,True,True,True,2026-10-05T13:20:23+09:00,ok,
sk00509,北埼玉ヘルスケアビレッジ,老健,加須市,加須市麦倉191,0280-62-3455,,取得不可,,,2026-09-29,埼玉県公式,https://www.pref.saitama.lg.jp/documents/8507/08tone-roken-0810.pdf,,5,False,True,False,True,2026-10-05T13:20:23+09:00,ok,
sk00510,虹の園,老健,加須市,加須市上崎2047-1,0480-70-2388,1153680022,空床取得可能,13,0,2026-09-29,埼玉県公式,https://www.pref.saitama.lg.jp/documents/8507/08tone-roken-0810.pdf,https://www.pref.saitama.lg.jp/documents/8507/08tone-roken-0810.pdf,4,True,True,True,True,2026-10-05T13:20:23+09:00,ok,
sk00511,いこいの家,老健,北本市,北本市本町6-232,048-592-0712,1155380019,取得不可,,,2026-09-29,埼玉県公式,https://www.pref.saitama.lg.jp/documents/8507/05kenou-roken-0810.pdf,,12,False,True,False,True,2026-10-05T13:20:23+09:00,ok,
sk00512,カントリーハーベスト北本,老健,北本市,北本市石戸宿5丁目236番地,048-593-7111,1155380027,取得不可,,,2026-09-29,埼玉県公式,https://www.pref.saitama.lg.jp/documents/8507/05kenou-roken-0810.pdf,,13,False,True,False,True,2026-10-05T13:20:23+09:00,ok,
sk00513,ケアリングよしかわ,老健,吉川市,吉川市八子新田529,048-983-7711,1156480016,空床取得可能,,,2026-09-29,埼玉県公式,https://www.pref.saitama.lg.jp/documents/8507/03toubu-roken-0810.pdf,,21,True,True,False,False,2026-10-05T13:20:23+09:00,ok,
sk00514,もえぎ野,老健,吉見町,比企郡吉見町久米田859ー1,0493-54-0021,1153280035,取得不可,,,2026-09-29,埼玉県公式,https://www.pref.saitama.lg.jp/documents/8507/06kawagoehiki-roken-0810.pdf,,18,False,True,False,True,2026-10-05T13:20:23+09:00,ok,
sk00515,ナーシングホーム和光,老健,和光市,和光市新倉8-23-1,048-468-3355,1152380026,取得不可,,,2026-09-29,埼玉県公式,https://www.pref.saitama.lg.jp/documents/8507/02nanseibu-roken-0810.pdf,,5,False,True,False,True,2026-10-05T13:20:23+09:00,ok,
sk00516,すみよし,老健,坂戸市,坂戸市塚越769,049-288-3800,1156080030,取得不可,,,2026-09-29,埼玉県公式,https://www.pref.saitama.lg.jp/documents/8507/06kawagoehiki-roken-0810.pdf,,13,False,True,False,True,2026-10-05T13:20:23+09:00,ok,
sk00517,はつらつ,老健,坂戸市,坂戸市本町2-13,049-283-0021,1156080014,取得不可,,,2026-09-29,埼玉県公式,https://www.pref.saitama.lg.jp/documents/8507/06kawagoehiki-roken-0810.pdf,,11,False,True,False,True,2026-10-05T13:20:23+09:00,ok,
sk00518,やまぶきの郷,老健,坂戸市,坂戸市多和目330番地,049-287-1155,1156080022,取得不可,,,2026-09-29,埼玉県公式,https://www.pref.saitama.lg.jp/documents/8507/06kawagoehiki-roken-0810.pdf,,12,False,True,False,True,2026-10-05T13:20:23+09:00,ok,
sk00519,はーとぴあ,老健,宮代町,南埼玉郡宮代町字山崎472,0480-36-2122,1150580049,取得不可,,,2026-09-29,埼玉県公式,https://www.pref.saitama.lg.jp/documents/8507/08tone-roken-0810.pdf,,18,False,True,False,True,2026-10-05T13:20:23+09:00,ok,
sk00520,公設宮代福祉医療センター介護老人保健施設六花,老健,宮代町,南埼玉郡宮代町大字須賀177,0480-36-2767,1150580035,取得不可,,,,,https://www.pref.saitama.lg.jp/documents/8507/08tone-roken-0809.pdf,,,False,False,False,False,2026-10-05T13:20:23+09:00,not_listed_or_unmatched,
sk00521,やまざくら,老健,寄居町,大里郡寄居町末野2109番地,048-580-0888,1154580031,取得不可,,,2026-09-29,埼玉県公式,https://www.pref.saitama.lg.jp/documents/8507/09hokubu-roken-0810.pdf,,16,False,True,False,True,2026-10-05T13:20:23+09:00,ok,
sk00522,逍遥の郷,老健,寄居町,大里郡寄居町折原2482,048-581-8855,1154580023,取得不可,,,2026-09-29,埼玉県公式,https://www.pref.saitama.lg.jp/documents/8507/09hokubu-roken-0810.pdf,,15,False,True,False,True,2026-10-05T13:20:23+09:00,ok,
sk00523,富士見の里,老健,富士見市,富士見市みどり野南3-1,049-275-8055,1152980019,空床取得可能,0,5,2026-09-29,埼玉県公式,https://www.pref.saitama.lg.jp/documents/8507/02nanseibu-roken-0810.pdf,https://www.pref.saitama.lg.jp/documents/8507/02nanseibu-roken-0810.pdf,8,True,True,True,True,2026-10-05T13:20:23+09:00,ok,
sk00524,葵の園・富士見,老健,富士見市,富士見市勝瀬937番3,049-256-6500,,取得不可,,,2026-09-29,埼玉県公式,https://www.pref.saitama.lg.jp/documents/8507/02nanseibu-roken-0810.pdf,,9,False,True,False,True,2026-10-05T13:20:23+09:00,ok,
sk00525,鶴瀬台の里,老健,富士見市,富士見市鶴瀬西2-8-32,049-253-6610,1152980049,取得不可,,,2026-09-29,埼玉県公式,https://www.pref.saitama.lg.jp/documents/8507/02nanseibu-roken-0810.pdf,,10,False,True,False,True,2026-10-05T13:20:23+09:00,ok,
sk00526,かわぐちナーシングホーム,老健,川口市,川口市大字西新井宿1022番地の1,048-498-3111,1150280137,取得不可,,,2026-09-29,埼玉県公式,https://www.pref.saitama.lg.jp/documents/8507/01nanbu-roken-0810.pdf,,7,False,True,False,True,2026-10-05T13:20:23+09:00,ok,
sk00527,グリーンビレッジ安行,老健,川口市,川口市安行1145,048-299-0018,1150280057,取得不可,,,2026-09-29,埼玉県公式,https://www.pref.saitama.lg.jp/documents/8507/01nanbu-roken-0810.pdf,,6,False,True,False,True,2026-10-05T13:20:23+09:00,ok,
sk00528,ミレニアムマッシーランド,老健,川口市,川口市新井宿802-5,048-288-5700,1150280024,取得不可,,,2026-09-29,埼玉県公式,https://www.pref.saitama.lg.jp/documents/8507/01nanbu-roken-0810.pdf,,2,False,True,False,True,2026-10-05T13:20:23+09:00,ok,
sk00529,厚生会川口ケアセンター,老健,川口市,川口市西新井宿1271-1,048-291-3370,1150280032,取得不可,,,2026-09-29,埼玉県公式,https://www.pref.saitama.lg.jp/documents/8507/01nanbu-roken-0810.pdf,,3,False,True,False,True,2026-10-05T13:20:23+09:00,ok,
sk00530,老人保健施設みぬま,老健,川口市,川口市木曽呂1347老人保健施設みぬま,048-294-9222,1150280016,取得不可,,,2026-09-29,埼玉県公式,https://www.pref.saitama.lg.jp/documents/8507/01nanbu-roken-0810.pdf,,1,False,True,False,False,2026-10-05T13:20:23+09:00,ok,
sk00531,老健ねぎしケアセンター,老健,川口市,川口市安行領根岸2353番地,048-286-7911,1150280040,取得不可,,,2026-09-29,埼玉県公式,https://www.pref.saitama.lg.jp/documents/8507/01nanbu-roken-0810.pdf,,5,False,True,False,True,2026-10-05T13:20:23+09:00,ok,
sk00532,平成の森,老健,川島町,比企郡川島町畑中478番地1,049-297-8808,1153280021,取得不可,,,2026-09-29,埼玉県公式,https://www.pref.saitama.lg.jp/documents/8507/06kawagoehiki-roken-0810.pdf,,17,False,True,False,True,2026-10-05T13:20:23+09:00,ok,
sk00533,いぶき,老健,川越市,川越市下小坂501-1,049-233-6056,1150480109,取得不可,,,2026-09-29,埼玉県公式,https://www.pref.saitama.lg.jp/documents/8507/06kawagoehiki-roken-0810.pdf,,3,False,True,False,True,2026-10-05T13:20:23+09:00,ok,
sk00534,ケアハイツ・川越,老健,川越市,川越市古谷本郷1475-1,049-236-0775,1150480046,取得不可,,,2026-09-29,埼玉県公式,https://www.pref.saitama.lg.jp/documents/8507/06kawagoehiki-roken-0810.pdf,,4,False,True,False,True,2026-10-05T13:20:23+09:00,ok,
sk00535,プライムケア川越,老健,川越市,川越市天沼新田307-1,049-231-4165,1150480012,取得不可,,,2026-09-29,埼玉県公式,https://www.pref.saitama.lg.jp/documents/8507/06kawagoehiki-roken-0810.pdf,,1,False,True,False,False,2026-10-05T13:20:23+09:00,ok,
sk00536,介護老人保健施設 はつかり,老健,川越市,川越市松郷821-1,049-298-8277,1150480091,取得不可,,,2026-09-29,埼玉県公式,https://www.pref.saitama.lg.jp/documents/8507/06kawagoehiki-roken-0810.pdf,,7,False,True,False,True,2026-10-05T13:20:23+09:00,ok,
sk00537,小江戸の郷,老健,川越市,川越市上老袋86-1,049-229-5300,1150480075,取得不可,,,2026-09-29,埼玉県公式,https://www.pref.saitama.lg.jp/documents/8507/06kawagoehiki-roken-0810.pdf,,6,False,True,False,True,2026-10-05T13:20:23+09:00,ok,
sk00538,川越ケアセンター,老健,川越市,川越市下広谷527-1,049-234-1162,1150480020,取得不可,,,2026-09-29,埼玉県公式,https://www.pref.saitama.lg.jp/documents/8507/06kawagoehiki-roken-0810.pdf,,2,False,True,False,True,2026-10-05T13:20:23+09:00,ok,
sk00539,瑞穂の里,老健,川越市,川越市中台元町1-16-11,049-241-3240,1150480053,取得不可,,,2026-09-29,埼玉県公式,https://www.pref.saitama.lg.jp/documents/8507/06kawagoehiki-roken-0810.pdf,,5,False,True,False,True,2026-10-05T13:20:23+09:00,ok,
sk00540,幸手ナーシングホーム,老健,幸手市,幸手市東3-1-5,0480-43-8282,1156180012,取得不可,,,2026-09-29,埼玉県公式,https://www.pref.saitama.lg.jp/documents/8507/08tone-roken-0810.pdf,,15,False,True,False,True,2026-10-05T13:20:23+09:00,ok,
sk00541,志木瑞穂の里,老健,志木市,志木市上宗岡2丁目20−17,048−474−0324,1152280010,取得不可,,,2026-09-29,埼玉県公式,https://www.pref.saitama.lg.jp/documents/8507/02nanseibu-roken-0810.pdf,,4,False,True,False,True,2026-10-05T13:20:23+09:00,ok,
sk00542,コスモス苑,老健,戸田市,戸田市新曽南3−6−23,048-447-0885,1151980036,空床取得可能,9,0,2026-09-29,埼玉県公式,https://www.pref.saitama.lg.jp/documents/8507/01nanbu-roken-0810.pdf,https://www.pref.saitama.lg.jp/documents/8507/01nanbu-roken-0810.pdf,13,True,True,True,True,2026-10-05T13:20:23+09:00,ok,
sk00543,戸田市立介護老人保健施設,老健,戸田市,戸田市美女木4-20-6,048-422-8800,1151980010,取得不可,,,2026-09-29,埼玉県公式,https://www.pref.saitama.lg.jp/documents/8507/01nanbu-roken-0810.pdf,,12,False,True,False,True,2026-10-05T13:20:23+09:00,ok,
sk00544,さんとめ,老健,所沢市,所沢市中富1617,04-2942-3202,1152580033,取得不可,,,2026-09-29,埼玉県公式,https://www.pref.saitama.lg.jp/documents/8507/07seibu-roken-0810.pdf,,2,False,True,False,True,2026-10-05T13:20:23+09:00,ok,
sk00545,みかじま,老健,所沢市,所沢市三ケ島5丁目1636,04-2938-1818,1152580070,取得不可,,,2026-09-29,埼玉県公式,https://www.pref.saitama.lg.jp/documents/8507/07seibu-roken-0810.pdf,,6,False,True,False,True,2026-10-05T13:20:23+09:00,ok,
sk00546,エスポワール所沢,老健,所沢市,所沢市下富1310-15,04-2990-2077,1152580062,取得不可,,,2026-09-29,埼玉県公式,https://www.pref.saitama.lg.jp/documents/8507/07seibu-roken-0810.pdf,,5,False,True,False,True,2026-10-05T13:20:23+09:00,ok,
sk00547,ケアステーション所沢,老健,所沢市,所沢市東狭山ヶ丘6-2823-13,04-2921-1165,1152580025,取得不可,,,2026-09-29,埼玉県公式,https://www.pref.saitama.lg.jp/documents/8507/07seibu-roken-0810.pdf,,1,False,True,False,False,2026-10-05T13:20:23+09:00,ok,
sk00548,所沢ロイヤルの丘,老健,所沢市,所沢市北野三丁目1番地16,04-2947-1011,1152580059,取得不可,,,2026-09-29,埼玉県公式,https://www.pref.saitama.lg.jp/documents/8507/07seibu-roken-0810.pdf,,4,False,True,False,True,2026-10-05T13:20:23+09:00,ok,
sk00549,遊,老健,所沢市,所沢市東狭山ヶ丘4-2666-1,04-2929-1177,1152580088,取得不可,,,2026-09-29,埼玉県公式,https://www.pref.saitama.lg.jp/documents/8507/07seibu-roken-0810.pdf,,7,False,True,False,True,2026-10-05T13:20:23+09:00,ok,
sk00550,雪見野ケアセンター,老健,所沢市,所沢市下富1150番の1,04-2990-5300,,取得不可,,,2026-09-29,埼玉県公式,https://www.pref.saitama.lg.jp/documents/8507/07seibu-roken-0810.pdf,,3,False,True,False,True,2026-10-05T13:20:23+09:00,ok,
sk00551,四季の里,老健,新座市,新座市北野2-14-8,048-482-8008,1155180021,空床取得可能,5,1,2026-09-29,埼玉県公式,https://www.pref.saitama.lg.jp/documents/8507/02nanseibu-roken-0810.pdf,https://www.pref.saitama.lg.jp/documents/8507/02nanseibu-roken-0810.pdf,7,True,True,True,True,2026-10-05T13:20:23+09:00,ok,
sk00552,新座園,老健,新座市,新座市野火止4-14-20,048-477-1008,1155180013,空床取得可能,7,5,2026-09-29,埼玉県公式,https://www.pref.saitama.lg.jp/documents/8507/02nanseibu-roken-0810.pdf,https://www.pref.saitama.lg.jp/documents/8507/02nanseibu-roken-0810.pdf,6,True,True,True,True,2026-10-05T13:20:23+09:00,ok,
sk00553,日高の里,老健,日高市,日高市久保96-1,042-982-3333,1156380018,取得不可,,,2026-09-29,埼玉県公式,https://www.pref.saitama.lg.jp/documents/8507/07seibu-roken-0810.pdf,,21,False,True,False,False,2026-10-05T13:20:23+09:00,ok,
sk00554,ちとせ,老健,春日部市,春日部市下大増新田81-1,048-733-1000,1150680017,取得不可,,,,,https://www.pref.saitama.lg.jp/documents/8507/03toubu-roken-0809.pdf,,,False,False,False,False,2026-10-05T13:20:23+09:00,not_listed_or_unmatched,
sk00555,介護老人保健施設ウイステリア,老健,春日部市,春日部市樋籠586番地12,048-797-5200,,取得不可,,,,,https://www.pref.saitama.lg.jp/documents/8507/03toubu-roken-0809.pdf,,,False,False,False,False,2026-10-05T13:20:23+09:00,not_listed_or_unmatched,
sk00556,春日部ロイヤルケアセンター,老健,春日部市,春日部市藤塚2622番2,048-733-5771,1150680025,取得不可,,,,,https://www.pref.saitama.lg.jp/documents/8507/03toubu-roken-0809.pdf,,,False,False,False,False,2026-10-05T13:20:23+09:00,not_listed_or_unmatched,
sk00557,春日部認知症保健福祉センター,老健,春日部市,春日部市増富36,048-753-5555,,取得不可,,,,,https://www.pref.saitama.lg.jp/documents/8507/03toubu-roken-0809.pdf,,,False,False,False,False,2026-10-05T13:20:23+09:00,not_listed_or_unmatched,
sk00558,葵の園・春日部,老健,春日部市,春日部市金崎71-1,048-747-1166,1150680070 / 1150680088,取得不可,,,,,https://www.pref.saitama.lg.jp/documents/8507/03toubu-roken-0809.pdf,,,False,False,False,False,2026-10-05T13:20:23+09:00,not_listed_or_unmatched,
sk00559,つつじの郷,老健,朝霞市,朝霞市下内間木1363-1,048-458-1117,1152180024,空床取得可能,1,0,2026-09-29,埼玉県公式,https://www.pref.saitama.lg.jp/documents/8507/02nanseibu-roken-0810.pdf,https://www.pref.saitama.lg.jp/documents/8507/02nanseibu-roken-0810.pdf,2,True,True,True,True,2026-10-05T13:20:23+09:00,ok,
sk00560,グリーンビレッジ朝霞台,老健,朝霞市,朝霞市大字宮戸3番地,048-486-6622,1152180004,空床取得可能,2,2,2026-09-29,埼玉県公式,https://www.pref.saitama.lg.jp/documents/8507/02nanseibu-roken-0810.pdf,https://www.pref.saitama.lg.jp/documents/8507/02nanseibu-roken-0810.pdf,3,True,True,True,True,2026-10-05T13:20:23+09:00,ok,
sk00561,ケアライフ朝霞,老健,朝霞市,朝霞市溝沼2-4-10,048-467-1711,1152180016,取得不可,,,2026-09-29,埼玉県公式,https://www.pref.saitama.lg.jp/documents/8507/02nanseibu-roken-0810.pdf,,1,False,True,False,False,2026-10-05T13:20:23+09:00,ok,
sk00562,彩の苑,老健,本庄市,本庄市千代田1-1-21,0495-23-3988,1154380028,空床取得可能,8,2,2026-09-29,埼玉県公式,https://www.pref.saitama.lg.jp/documents/8507/09hokubu-roken-0810.pdf,https://www.pref.saitama.lg.jp/documents/8507/09hokubu-roken-0810.pdf,7,True,True,True,True,2026-10-05T13:20:23+09:00,ok,
sk00563,本庄ナーシングホーム,老健,本庄市,本庄市小島五丁目6番1号,0495-21-7878,1154380010,取得不可,,,2026-09-29,埼玉県公式,https://www.pref.saitama.lg.jp/documents/8507/09hokubu-roken-0810.pdf,,6,False,True,False,True,2026-10-05T13:20:23+09:00,ok,
sk00564,わかばの丘,老健,東松山市,東松山市毛塚773番地,0493-31-0011,1153380033,空床取得可能,3,1,2026-09-29,埼玉県公式,https://www.pref.saitama.lg.jp/documents/8507/06kawagoehiki-roken-0810.pdf,https://www.pref.saitama.lg.jp/documents/8507/06kawagoehiki-roken-0810.pdf,10,True,True,True,True,2026-10-05T13:20:23+09:00,ok,
sk00565,東松山市総合福祉エリア,老健,東松山市,東松山市松山2183,0493-21-5556,1153380041,空床取得可能,3,3,2026-09-29,埼玉県公式,https://www.pref.saitama.lg.jp/documents/8507/06kawagoehiki-roken-0810.pdf,https://www.pref.saitama.lg.jp/documents/8507/06kawagoehiki-roken-0810.pdf,9,True,True,True,True,2026-10-05T13:20:23+09:00,ok,
sk00566,みどうの杜,老健,東秩父村,秩父郡東秩父村御堂1456-4,0493-82-1780,1154880019,取得不可,,,2026-09-29,埼玉県公式,https://www.pref.saitama.lg.jp/documents/8507/06kawagoehiki-roken-0810.pdf,,19,False,True,False,True,2026-10-05T13:20:23+09:00,ok,
sk00567,あすかHOUSE松伏,老健,松伏町,北葛飾郡松伏町上赤岩752-1,048-992-2101,1151180025,空床取得可能,1,2,2026-09-29,埼玉県公式,https://www.pref.saitama.lg.jp/documents/8507/03toubu-roken-0810.pdf,https://www.pref.saitama.lg.jp/documents/8507/03toubu-roken-0810.pdf,22,True,True,True,True,2026-10-05T13:20:23+09:00,ok,
sk00568,なのはなの里,老健,松伏町,北葛飾郡松伏町金杉1908,048-984-7055,1151180058,取得不可,,,2026-09-29,埼玉県公式,https://www.pref.saitama.lg.jp/documents/8507/03toubu-roken-0810.pdf,,24,False,True,False,True,2026-10-05T13:20:23+09:00,ok,
sk00569,ハートランド桶川,老健,桶川市,桶川市坂田1725,048-777-7011,1155280029,取得不可,,,2026-09-29,埼玉県公式,https://www.pref.saitama.lg.jp/documents/8507/05kenou-roken-0810.pdf,,10,False,True,False,True,2026-10-05T13:20:23+09:00,ok,
sk00570,ルーエハイム,老健,桶川市,桶川市川田谷4948-1,048-786-5550,1155280011,空床取得可能,1,0,2026-09-29,埼玉県公式,https://www.pref.saitama.lg.jp/documents/8507/05kenou-roken-0810.pdf,https://www.pref.saitama.lg.jp/documents/8507/05kenou-roken-0810.pdf,9,True,True,True,True,2026-10-05T13:20:23+09:00,ok,
sk00571,葵の園・桶川,老健,桶川市,倉田2208-1,048-729-1500,1155280041 / 1155280033,取得不可,,,2026-09-29,埼玉県公式,https://www.pref.saitama.lg.jp/documents/8507/05kenou-roken-0810.pdf,,11,False,True,False,False,2026-10-05T13:20:23+09:00,ok,
sk00572,なでしこ,老健,横瀬町,秩父郡横瀬町横瀬5850,0494-25-7200,1154880027,取得不可,,,2026-09-29,埼玉県公式,https://www.pref.saitama.lg.jp/documents/8507/10titibu-roken-0810.pdf,,3,False,True,False,True,2026-10-05T13:20:23+09:00,ok,
sk00573,薫風園,老健,毛呂山町,入間郡毛呂山町大字毛呂本郷字沢又691番地,049-276-1945,1152480036,取得不可,,,2026-09-29,埼玉県公式,https://www.pref.saitama.lg.jp/documents/8507/06kawagoehiki-roken-0810.pdf,,15,False,True,False,True,2026-10-05T13:20:23+09:00,ok,
sk00574,FOMA・なごみ,老健,深谷市,深谷市新戒413-1,048-587-4753,1154680021,取得不可,,,2026-09-29,埼玉県公式,https://www.pref.saitama.lg.jp/documents/8507/09hokubu-roken-0810.pdf,,10,False,True,False,True,2026-10-05T13:20:23+09:00,ok,
sk00575,はなみずき,老健,深谷市,深谷市柏合1041-1,048-551-1115,1154680013,空床取得可能,2,3,2026-09-29,埼玉県公式,https://www.pref.saitama.lg.jp/documents/8507/09hokubu-roken-0810.pdf,https://www.pref.saitama.lg.jp/documents/8507/09hokubu-roken-0810.pdf,9,True,True,True,True,2026-10-05T13:20:23+09:00,ok,
sk00576,アルメリア,老健,深谷市,深谷市人見2031,048-574-8777,1154680035,空床取得可能,1,1,2026-09-29,埼玉県公式,https://www.pref.saitama.lg.jp/documents/8507/09hokubu-roken-0810.pdf,https://www.pref.saitama.lg.jp/documents/8507/09hokubu-roken-0810.pdf,11,True,True,True,True,2026-10-05T13:20:23+09:00,ok,
sk00577,介護老人保健施設あねとす,老健,深谷市,深谷市人見1975番地,048-570-0511,1154680043,取得不可,,,2026-09-29,埼玉県公式,https://www.pref.saitama.lg.jp/documents/8507/09hokubu-roken-0810.pdf,,12,False,True,False,True,2026-10-05T13:20:23+09:00,ok,
sk00578,いづみケアセンター,老健,滑川町,比企郡滑川町和泉873,0493-56-6123,1153280013,空床取得可能,2,2,2026-09-29,埼玉県公式,https://www.pref.saitama.lg.jp/documents/8507/06kawagoehiki-roken-0810.pdf,https://www.pref.saitama.lg.jp/documents/8507/06kawagoehiki-roken-0810.pdf,16,True,True,True,True,2026-10-05T13:20:23+09:00,ok,
sk00579,ぬくもり,老健,熊谷市,熊谷市石原510番地,048-529-2882,1153180023,空床取得可能,1,3,2026-09-29,埼玉県公式,https://www.pref.saitama.lg.jp/documents/8507/09hokubu-roken-0810.pdf,https://www.pref.saitama.lg.jp/documents/8507/09hokubu-roken-0810.pdf,3,True,True,True,True,2026-10-05T13:20:23+09:00,ok,
sk00580,はなぶさ,老健,熊谷市,熊谷市玉井336-1,048-532-6611,1153180015,空床取得可能,1,2,2026-09-29,埼玉県公式,https://www.pref.saitama.lg.jp/documents/8507/09hokubu-roken-0810.pdf,https://www.pref.saitama.lg.jp/documents/8507/09hokubu-roken-0810.pdf,2,True,True,True,True,2026-10-05T13:20:23+09:00,ok,
sk00581,ケアパーク江南,老健,熊谷市,熊谷市江南中央2-7-8,048-536-8880,1154580015,空床取得可能,3,2,2026-09-29,埼玉県公式,https://www.pref.saitama.lg.jp/documents/8507/09hokubu-roken-0810.pdf,https://www.pref.saitama.lg.jp/documents/8507/09hokubu-roken-0810.pdf,4,True,True,True,True,2026-10-05T13:20:23+09:00,ok,
sk00582,トワーム熊谷,老健,熊谷市,熊谷市小曽根337-1,048-599-3377,1153100019,空床取得可能,4,0,2026-09-29,埼玉県公式,https://www.pref.saitama.lg.jp/documents/8507/09hokubu-roken-0810.pdf,https://www.pref.saitama.lg.jp/documents/8507/09hokubu-roken-0810.pdf,1,True,True,True,True,2026-10-05T13:20:23+09:00,ok,
sk00583,葵の園・熊谷,老健,熊谷市,熊谷市善ケ島1324-1,048-589-5511,1153180037,空床取得可能,2,3,2026-09-29,埼玉県公式,https://www.pref.saitama.lg.jp/documents/8507/09hokubu-roken-0810.pdf,https://www.pref.saitama.lg.jp/documents/8507/09hokubu-roken-0810.pdf,5,True,True,True,True,2026-10-05T13:20:23+09:00,ok,
sk00584,かがやき,老健,狭山市,狭山市大字下奥富688,04-2952-1001,1152780013,取得不可,,,2026-09-29,埼玉県公式,https://www.pref.saitama.lg.jp/documents/8507/07seibu-roken-0810.pdf,,14,False,True,False,True,2026-10-05T13:20:23+09:00,ok,
sk00585,愛,老健,狭山市,狭山市水野596,04-2957-0666,1152780035,空床取得可能,5,4,2026-09-29,埼玉県公式,https://www.pref.saitama.lg.jp/documents/8507/07seibu-roken-0810.pdf,https://www.pref.saitama.lg.jp/documents/8507/07seibu-roken-0810.pdf,16,True,True,True,True,2026-10-05T13:20:23+09:00,ok,
sk00586,狭山ケアセンター,老健,狭山市,狭山市北入曽1443-7,04-2956-7311,1152780021,取得不可,,,2026-09-29,埼玉県公式,https://www.pref.saitama.lg.jp/documents/8507/07seibu-roken-0810.pdf,,15,False,True,False,True,2026-10-05T13:20:23+09:00,ok,
sk00587,ぽっかぽか,老健,白岡市,白岡市上野田357番地1,0480-90-5666,1150580027,取得不可,,,2026-09-29,埼玉県公式,https://www.pref.saitama.lg.jp/documents/8507/08tone-roken-0810.pdf,,16,False,True,False,True,2026-10-05T13:20:23+09:00,ok,
sk00588,かみかわ,老健,神川町,児玉郡神川町新里2783-5,0495-77-2060,1154280012,空床取得可能,2,33,2026-09-29,埼玉県公式,https://www.pref.saitama.lg.jp/documents/8507/09hokubu-roken-0810.pdf,https://www.pref.saitama.lg.jp/documents/8507/09hokubu-roken-0810.pdf,13,True,True,True,True,2026-10-05T13:20:23+09:00,ok,
sk00589,うらら,老健,秩父市,秩父市中村町3-6-24,0494-27-0250,1154980025,取得不可,,,2026-09-29,埼玉県公式,https://www.pref.saitama.lg.jp/documents/8507/10titibu-roken-0810.pdf,,2,False,True,False,True,2026-10-05T13:20:23+09:00,ok,
sk00590,介護老人保健施設エスポワール秩父,老健,秩父市,秩父市寺尾2744,0494-22-7026,1154980039,空床取得可能,2,8,2026-09-29,埼玉県公式,https://www.pref.saitama.lg.jp/documents/8507/10titibu-roken-0810.pdf,https://www.pref.saitama.lg.jp/documents/8507/10titibu-roken-0810.pdf,1,True,True,True,True,2026-10-05T13:20:23+09:00,ok,
sk00591,あいの郷,老健,羽生市,羽生市桑崎196-1,048-562-3100,1153980030,取得不可,,,2026-09-29,埼玉県公式,https://www.pref.saitama.lg.jp/documents/8507/08tone-roken-0810.pdf,,8,False,True,False,True,2026-10-05T13:20:23+09:00,ok,
sk00592,カノープス・羽生,老健,羽生市,羽生市本川俣1305,048-563-3322,1153980018,空床取得可能,5,2,2026-09-29,埼玉県公式,https://www.pref.saitama.lg.jp/documents/8507/08tone-roken-0810.pdf,https://www.pref.saitama.lg.jp/documents/8507/08tone-roken-0810.pdf,7,True,True,True,True,2026-10-05T13:20:23+09:00,ok,
sk00593,みどりの館,老健,草加市,草加市谷塚町2000,048-922-1335,1151880020,取得不可,,,2026-09-29,埼玉県公式,https://www.pref.saitama.lg.jp/documents/8507/03toubu-roken-0810.pdf,,10,False,True,False,True,2026-10-05T13:20:23+09:00,ok,
sk00594,翔寿苑,老健,草加市,草加市青柳8-51-13,048-932-0011,1151880012,取得不可,,,2026-09-29,埼玉県公式,https://www.pref.saitama.lg.jp/documents/8507/03toubu-roken-0810.pdf,,11,False,True,False,True,2026-10-05T13:20:23+09:00,ok,
sk00595,草加ロイヤルケアセンター,老健,草加市,草加市柿木町123-2,048-930-5591,1151880038,取得不可,,,,,https://www.pref.saitama.lg.jp/documents/8507/03toubu-roken-0809.pdf,,,False,False,False,False,2026-10-05T13:20:23+09:00,not_listed_or_unmatched,
sk00596,ケアタウンゆうゆう,老健,蓮田市,蓮田市南新宿994-1,048-765-2525,1155780024,空床取得可能,1,0,2026-09-29,埼玉県公式,https://www.pref.saitama.lg.jp/documents/8507/08tone-roken-0810.pdf,https://www.pref.saitama.lg.jp/documents/8507/08tone-roken-0810.pdf,14,True,True,True,True,2026-10-05T13:20:23+09:00,ok,
sk00597,蓮田ナーシングホーム翔裕園,老健,蓮田市,蓮田市大字閏戸字吹上1826-1,048-765-1361,1155780010,空床取得可能,0,3,2026-09-29,埼玉県公式,https://www.pref.saitama.lg.jp/documents/8507/08tone-roken-0810.pdf,https://www.pref.saitama.lg.jp/documents/8507/08tone-roken-0810.pdf,13,True,True,True,True,2026-10-05T13:20:23+09:00,ok,
sk00598,グリーンビレッジ蕨,老健,蕨市,蕨市北町五丁目13番6号,048-443-5001,1151480017,取得不可,,,2026-09-29,埼玉県公式,https://www.pref.saitama.lg.jp/documents/8507/01nanbu-roken-0810.pdf,,11,False,True,False,True,2026-10-05T13:20:23+09:00,ok,
sk00599,グリーンピア,老健,行田市,行田市須加1531,048-557-3633,1153780020,取得不可,,,2026-09-29,埼玉県公式,https://www.pref.saitama.lg.jp/documents/8507/08tone-roken-0810.pdf,,2,False,True,False,True,2026-10-05T13:20:23+09:00,ok,
sk00600,ハートフル行田,老健,行田市,行田市下忍1157-1,048-554-9700,1153780012,取得不可,,,2026-09-29,埼玉県公式,https://www.pref.saitama.lg.jp/documents/8507/08tone-roken-0810.pdf,,1,False,True,False,False,2026-10-05T13:20:23+09:00,ok,
sk00601,とまりや,老健,越谷市,越谷市谷中町四丁目293番地1,048-963-1008,1150880043,取得不可,,,2026-09-29,埼玉県公式,https://www.pref.saitama.lg.jp/documents/8507/03toubu-roken-0810.pdf,,16,False,True,False,True,2026-10-05T13:20:23+09:00,ok,
sk00602,シルバーケア敬愛,老健,越谷市,越谷市平方272-1,048-978-8211,1150880013,空床取得可能,4,7,2026-09-29,埼玉県公式,https://www.pref.saitama.lg.jp/documents/8507/03toubu-roken-0810.pdf,https://www.pref.saitama.lg.jp/documents/8507/03toubu-roken-0810.pdf,12,True,True,True,True,2026-10-05T13:20:23+09:00,ok,
sk00603,介護老人保健施設エスポワール越谷,老健,越谷市,越谷市大字大竹712,048-967-5956,1150880084,取得不可,,,2026-09-29,埼玉県公式,https://www.pref.saitama.lg.jp/documents/8507/03toubu-roken-0810.pdf,,18,False,True,False,True,2026-10-05T13:20:23+09:00,ok,
sk00604,南面,老健,越谷市,越谷市七左町4-161,048-989-7777,1150880021,取得不可,,,2026-09-29,埼玉県公式,https://www.pref.saitama.lg.jp/documents/8507/03toubu-roken-0810.pdf,,13,False,True,False,True,2026-10-05T13:20:23+09:00,ok,
sk00605,憩いの里,老健,越谷市,越谷市増森1-85,048-963-7788,1150880039,空床取得可能,0,6,2026-09-29,埼玉県公式,https://www.pref.saitama.lg.jp/documents/8507/03toubu-roken-0810.pdf,https://www.pref.saitama.lg.jp/documents/8507/03toubu-roken-0810.pdf,14,True,True,True,True,2026-10-05T13:20:23+09:00,ok,
sk00606,葵の園・越谷,老健,越谷市,越谷市七左町六丁目100番地1,048-960-2255,1150880050,取得不可,,,2026-09-29,埼玉県公式,https://www.pref.saitama.lg.jp/documents/8507/03toubu-roken-0810.pdf,,15,False,True,False,True,2026-10-05T13:20:23+09:00,ok,
sk00607,葵の園・越谷レイクタウン,老健,越谷市,越谷市東町5-155-1,048-990-8200,1150880068,取得不可,,,2026-09-29,埼玉県公式,https://www.pref.saitama.lg.jp/documents/8507/03toubu-roken-0810.pdf,,17,False,True,False,True,2026-10-05T13:20:23+09:00,ok,
sk00608,縄文の里 長瀞倶楽部,老健,長瀞町,秩父郡長瀞町岩田587番地,0494-66-0000,1154880007,取得不可,,,2026-09-29,埼玉県公式,https://www.pref.saitama.lg.jp/documents/8507/10titibu-roken-0810.pdf,,4,False,True,False,True,2026-10-05T13:20:23+09:00,ok,
sk00609,飯能ケアセンター楠苑,老健,飯能市,飯能市落合458-1,042-975-1601,1152680015,取得不可,,,2026-09-29,埼玉県公式,https://www.pref.saitama.lg.jp/documents/8507/07seibu-roken-0810.pdf,,9,False,True,False,True,2026-10-05T13:20:23+09:00,ok,
sk00610,飯能リハビリ館,老健,飯能市,飯能市下畑296,042-974-6000,1152680023,取得不可,,,2026-09-29,埼玉県公式,https://www.pref.saitama.lg.jp/documents/8507/07seibu-roken-0810.pdf,,10,False,True,False,True,2026-10-05T13:20:23+09:00,ok,
sk00611,飯能市東吾野医療介護センター,老健,飯能市,飯能市大字虎秀25-1飯能市東吾野医療介護センター,042-978-2000,1152680045,空床取得可能,0,0,2026-09-29,埼玉県公式,https://www.pref.saitama.lg.jp/documents/8507/07seibu-roken-0810.pdf,https://www.pref.saitama.lg.jp/documents/8507/07seibu-roken-0810.pdf,11,True,True,True,True,2026-10-05T13:20:23+09:00,ok,
sk00612,こうのすナーシングホーム共生園,老健,鴻巣市,鴻巣市下谷409-1,048-540-6171,1151780030,取得不可,,,2026-09-29,埼玉県公式,https://www.pref.saitama.lg.jp/documents/8507/05kenou-roken-0810.pdf,,4,False,True,False,True,2026-10-05T13:20:23+09:00,ok,
sk00613,こうのとり,老健,鴻巣市,鴻巣市八幡田868-1,048-596-2222,1151780022,取得不可,,,2026-09-29,埼玉県公式,https://www.pref.saitama.lg.jp/documents/8507/05kenou-roken-0810.pdf,,3,False,True,False,True,2026-10-05T13:20:23+09:00,ok,
sk00614,秋桜,老健,鴻巣市,鴻巣市前砂980-1,048-547-2370,1151380013,空床取得可能,6,0,2026-09-29,埼玉県公式,https://www.pref.saitama.lg.jp/documents/8507/05kenou-roken-0810.pdf,https://www.pref.saitama.lg.jp/documents/8507/05kenou-roken-0810.pdf,1,True,True,True,True,2026-10-05T13:20:23+09:00,ok,
sk00615,鴻巣フラワーパレス,老健,鴻巣市,鴻巣市市ノ縄250-1,048-597-1311,1151780014,取得不可,,,2026-09-29,埼玉県公式,https://www.pref.saitama.lg.jp/documents/8507/05kenou-roken-0810.pdf,,2,False,True,False,True,2026-10-05T13:20:23+09:00,ok,
sk00616,鶴ヶ島ケアホーム,老健,鶴ヶ島市,鶴ヶ島市脚折1877介護老人保健施設鶴ヶ島ケアホーム,049-271-5121,1156280010,取得不可,,,2026-09-29,埼玉県公式,https://www.pref.saitama.lg.jp/documents/8507/06kawagoehiki-roken-0810.pdf,,14,False,True,False,True,2026-10-05T13:20:23+09:00,ok,
sk00617,介護医療院 ケア大宮花の丘,介護医療院,さいたま市西区,さいたま市西区内野本郷975-5,048-620-2400,11B6500048,取得不可,,,2026-09-29,埼玉県公式,https://www.pref.saitama.lg.jp/documents/8507/04saitama-roken-0810.pdf,,4,False,True,False,True,2026-10-05T13:20:23+09:00,ok,
sk00618,しらかば苑,介護医療院,さいたま市見沼区,さいたま市見沼区大和田町二丁目1393番地1,048-688-3631,11B6500022,空床取得可能,22,12,2026-09-29,埼玉県公式,https://www.pref.saitama.lg.jp/documents/8507/04saitama-roken-0810.pdf,https://www.pref.saitama.lg.jp/documents/8507/04saitama-roken-0810.pdf,13,True,True,True,True,2026-10-05T13:20:23+09:00,ok,
sk00619,介護医療院七里,介護医療院,さいたま市見沼区,さいたま市見沼区東宮下1-152-1,048-884-8201,,取得不可,,,2026-09-29,埼玉県公式,https://www.pref.saitama.lg.jp/documents/8507/04saitama-roken-0810.pdf,,18,False,True,False,True,2026-10-05T13:20:23+09:00,ok,
sk00620,大宮共立病院 介護医療院,介護医療院,さいたま市見沼区,さいたま市見沼区片柳1550,048-686-7151,11B6500014,取得不可,,,2026-09-29,埼玉県公式,https://www.pref.saitama.lg.jp/documents/8507/04saitama-roken-0810.pdf,,19,False,True,False,True,2026-10-05T13:20:23+09:00,ok,
sk00621,十善病院介護医療院,介護医療院,加須市,加須市愛宕一丁目9番16号,0480-61-2595,11B3800011,取得不可,,,2026-09-29,埼玉県公式,https://www.pref.saitama.lg.jp/documents/8507/08tone-roken-0810.pdf,,6,False,True,False,True,2026-10-05T13:20:23+09:00,ok,
sk00622,はとがや介護医療院,介護医療院,川口市,坂下町4-16-26,048-282-1890,11B0200017,取得不可,,,2026-09-29,埼玉県公式,https://www.pref.saitama.lg.jp/documents/8507/01nanbu-roken-0810.pdf,,9,False,True,False,True,2026-10-05T13:20:23+09:00,ok,
sk00623,タムス介護医療院 川口,介護医療院,川口市,川口市西新井宿923-1,048-286-3300,11B0200041,取得不可,,,2026-09-29,埼玉県公式,https://www.pref.saitama.lg.jp/documents/8507/01nanbu-roken-0810.pdf,,4,False,True,False,True,2026-10-05T13:20:23+09:00,ok,
sk00624,介護医療院 ひだまりの郷,介護医療院,川口市,川口市上青木4-2-6上靑木中央醫院,048-267-2218,11B0200025,取得不可,,,2026-09-29,埼玉県公式,https://www.pref.saitama.lg.jp/documents/8507/01nanbu-roken-0810.pdf,,8,False,True,False,True,2026-10-05T13:20:23+09:00,ok,
sk00625,武南病院附属介護医療院,介護医療院,川口市,東本郷2026,048-284-2811,11B0200033,取得不可,,,2026-09-29,埼玉県公式,https://www.pref.saitama.lg.jp/documents/8507/01nanbu-roken-0810.pdf,,10,False,True,False,True,2026-10-05T13:20:23+09:00,ok,
sk00626,介護医療院 埼玉病院,介護医療院,川越市,川越市西小仙波町1-8-3,049-224-5911,11B0400013,取得不可,,,2026-09-29,埼玉県公式,https://www.pref.saitama.lg.jp/documents/8507/06kawagoehiki-roken-0810.pdf,,8,False,True,False,True,2026-10-05T13:20:23+09:00,ok,
sk00627,緑ヶ丘介護医療院,介護医療院,所沢市,所沢市狭山ヶ丘1-3009,04-2948-8181,11B2500018,取得不可,,,2026-09-29,埼玉県公式,https://www.pref.saitama.lg.jp/documents/8507/07seibu-roken-0810.pdf,,8,False,True,False,True,2026-10-05T13:20:23+09:00,ok,
sk00628,介護医療院あさひヶ丘,介護医療院,日高市,大字森戸新田99番地1,0429896587,11B6300019,取得不可,,,2026-09-29,埼玉県公式,https://www.pref.saitama.lg.jp/documents/8507/07seibu-roken-0810.pdf,,22,False,True,False,True,2026-10-05T13:20:23+09:00,ok,
sk00629,介護医療院 みどり,介護医療院,春日部市,春日部市上大増新田168番地-1医療法人社団みどり会介護医療院みどり,048-739-7800,11B0600026,取得不可,,,,,https://www.pref.saitama.lg.jp/documents/8507/03toubu-roken-0809.pdf,,,False,False,False,False,2026-10-05T13:20:23+09:00,not_listed_or_unmatched,
sk00630,武里病院 介護医療院,介護医療院,春日部市,春日部市下大増新田9-3,048-733-5111,11B0600018,取得不可,,,,,https://www.pref.saitama.lg.jp/documents/8507/03toubu-roken-0809.pdf,,,False,False,False,False,2026-10-05T13:20:23+09:00,not_listed_or_unmatched,
sk00631,介護医療院 本庄けやき苑,介護医療院,本庄市,本庄市小島五丁目6番1号,0495(71)7720,11B4300011,取得不可,,,2026-09-29,埼玉県公式,https://www.pref.saitama.lg.jp/documents/8507/09hokubu-roken-0810.pdf,,8,False,True,False,True,2026-10-05T13:20:23+09:00,ok,
sk00632,埼玉あすか松伏病院介護医療院,介護医療院,松伏町,北葛飾郡松伏町松伏1263-5,048-992-0411,11B1100018,取得不可,,,2026-09-29,埼玉県公式,https://www.pref.saitama.lg.jp/documents/8507/03toubu-roken-0810.pdf,,23,False,True,False,True,2026-10-05T13:20:23+09:00,ok,
sk00633,埼玉筑波病院介護医療院,介護医療院,松伏町,北葛飾郡松伏町築比地420,048-992-3151,11B1100026,取得不可,,,2026-09-29,埼玉県公式,https://www.pref.saitama.lg.jp/documents/8507/03toubu-roken-0810.pdf,,25,False,True,False,True,2026-10-05T13:20:23+09:00,ok,
sk00634,埼玉はんのう介護医療院,介護医療院,飯能市,飯能市飯能1185,042-973-3311,11B2600016,取得不可,,,2026-09-29,埼玉県公式,https://www.pref.saitama.lg.jp/documents/8507/07seibu-roken-0810.pdf,,12,False,True,False,True,2026-10-05T13:20:23+09:00,ok,
sk00635,飯能靖和介護医療院,介護医療院,飯能市,飯能市下加治137-2,042-974-2311,11B2600024,空床取得可能,0,,2026-09-29,埼玉県公式,https://www.pref.saitama.lg.jp/documents/8507/07seibu-roken-0810.pdf,,13,True,True,False,True,2026-10-05T13:20:23+09:00,ok,
