no,facility,type,jigyosyo_cd,service_cd,vacancy,capacity,waiting_count,vacancy_date,public_value,checked_at_jst,feature_http_status,detail_http_status,status,error,feature_url,detail_url
1,千代田区いきいきプラザ一番町特別養護老人ホーム,特別養護老人ホーム,1370100610-00,510,0,0,8,2025-08-07,0/0人,2026-09-21T04:06:49+09:00,200,200,ok,,https://www.kaigokensaku.mhlw.go.jp/13/index.php?JigyosyoCd=1370100610-00&ServiceCd=510&action_kouhyou_detail_feature_index=true,https://www.kaigokensaku.mhlw.go.jp/13/index.php?JigyosyoCd=1370100610-00&ServiceCd=510&action_kouhyou_detail_024_kihon=true
2,かんだ連雀,特別養護老人ホーム,1370100651-00,510,0,0,54,2025-08-01,0/0人,2026-09-21T04:06:54+09:00,200,200,ok,,https://www.kaigokensaku.mhlw.go.jp/13/index.php?JigyosyoCd=1370100651-00&ServiceCd=510&action_kouhyou_detail_feature_index=true,https://www.kaigokensaku.mhlw.go.jp/13/index.php?JigyosyoCd=1370100651-00&ServiceCd=510&action_kouhyou_detail_024_kihon=true
3,小規模特別養護老人ホーム ジロール麹町,特別養護老人ホーム,1390100053-00,540,0,24,,2024-12-17,0/24人,2026-09-21T04:06:56+09:00,200,200,ok_partial_public_value,,https://www.kaigokensaku.mhlw.go.jp/13/index.php?JigyosyoCd=1390100053-00&ServiceCd=540&action_kouhyou_detail_feature_index=true,https://www.kaigokensaku.mhlw.go.jp/13/index.php?JigyosyoCd=1390100053-00&ServiceCd=540&action_kouhyou_detail_024_kihon=true
4,ザ番町ハウス,特別養護老人ホーム,1370101626-00,510,14,108,10,2023-08-11,14/108人,2026-09-21T04:06:58+09:00,200,200,ok,,https://www.kaigokensaku.mhlw.go.jp/13/index.php?JigyosyoCd=1370101626-00&ServiceCd=510&action_kouhyou_detail_feature_index=true,https://www.kaigokensaku.mhlw.go.jp/13/index.php?JigyosyoCd=1370101626-00&ServiceCd=510&action_kouhyou_detail_024_kihon=true
5,中央区立特別養護老人ホームマイホーム新川,特別養護老人ホーム,1370201186-00,510,0,80,143,2020-11-10,0/80人,2026-09-21T04:07:01+09:00,200,200,ok,,https://www.kaigokensaku.mhlw.go.jp/13/index.php?JigyosyoCd=1370201186-00&ServiceCd=510&action_kouhyou_detail_feature_index=true,https://www.kaigokensaku.mhlw.go.jp/13/index.php?JigyosyoCd=1370201186-00&ServiceCd=510&action_kouhyou_detail_024_kihon=true
6,中央区立特別養護老人ホームマイホームはるみ,特別養護老人ホーム,1370202218-00,510,0,0,126,2025-07-22,0/0人,2026-09-21T04:07:03+09:00,200,200,ok,,https://www.kaigokensaku.mhlw.go.jp/13/index.php?JigyosyoCd=1370202218-00&ServiceCd=510&action_kouhyou_detail_feature_index=true,https://www.kaigokensaku.mhlw.go.jp/13/index.php?JigyosyoCd=1370202218-00&ServiceCd=510&action_kouhyou_detail_024_kihon=true
7,新とみ,特別養護老人ホーム,1370200667-00,510,0,40,150,2026-09-15,0/40人,2026-09-21T04:07:05+09:00,200,200,ok,,https://www.kaigokensaku.mhlw.go.jp/13/index.php?JigyosyoCd=1370200667-00&ServiceCd=510&action_kouhyou_detail_feature_index=true,https://www.kaigokensaku.mhlw.go.jp/13/index.php?JigyosyoCd=1370200667-00&ServiceCd=510&action_kouhyou_detail_024_kihon=true
8,晴海苑,特別養護老人ホーム,1370201368-00,510,0,0,82,2017-07-15,0/0人,2026-09-21T04:07:07+09:00,200,200,ok,,https://www.kaigokensaku.mhlw.go.jp/13/index.php?JigyosyoCd=1370201368-00&ServiceCd=510&action_kouhyou_detail_feature_index=true,https://www.kaigokensaku.mhlw.go.jp/13/index.php?JigyosyoCd=1370201368-00&ServiceCd=510&action_kouhyou_detail_024_kihon=true
9,地域密着型特別養護老人ホームつきしま,特別養護老人ホーム,1390200119-00,540,0,0,,2025-07-29,0/0人,2026-09-21T04:07:09+09:00,200,200,ok_partial_public_value,,https://www.kaigokensaku.mhlw.go.jp/13/index.php?JigyosyoCd=1390200119-00&ServiceCd=540&action_kouhyou_detail_feature_index=true,https://www.kaigokensaku.mhlw.go.jp/13/index.php?JigyosyoCd=1390200119-00&ServiceCd=540&action_kouhyou_detail_024_kihon=true
10,地域密着型特別養護老人ホーム 十思,特別養護老人ホーム,1390200135-00,540,0,0,,2025-08-12,0/0人,2026-09-21T04:07:12+09:00,200,200,ok_partial_public_value,,https://www.kaigokensaku.mhlw.go.jp/13/index.php?JigyosyoCd=1390200135-00&ServiceCd=540&action_kouhyou_detail_feature_index=true,https://www.kaigokensaku.mhlw.go.jp/13/index.php?JigyosyoCd=1390200135-00&ServiceCd=540&action_kouhyou_detail_024_kihon=true
11,地域密着型特別養護老人ホーム わとなーる桜川,特別養護老人ホーム,1390200226-00,540,0,0,,,0/0人,2026-09-21T04:07:14+09:00,200,200,ok_partial_public_value,,https://www.kaigokensaku.mhlw.go.jp/13/index.php?JigyosyoCd=1390200226-00&ServiceCd=540&action_kouhyou_detail_feature_index=true,https://www.kaigokensaku.mhlw.go.jp/13/index.php?JigyosyoCd=1390200226-00&ServiceCd=540&action_kouhyou_detail_024_kihon=true
12,港区立特別養護老人ホーム白金の森,特別養護老人ホーム,1370300277-00,510,0,0,100,2020-10-05,0/0人,2026-09-21T04:07:16+09:00,200,200,ok,,https://www.kaigokensaku.mhlw.go.jp/13/index.php?JigyosyoCd=1370300277-00&ServiceCd=510&action_kouhyou_detail_feature_index=true,https://www.kaigokensaku.mhlw.go.jp/13/index.php?JigyosyoCd=1370300277-00&ServiceCd=510&action_kouhyou_detail_024_kihon=true
13,港区立特別養護老人ホーム港南の郷,特別養護老人ホーム,1370300327-00,510,0,0,365,2015-07-24,0/0人,2026-09-21T04:07:18+09:00,200,200,ok,,https://www.kaigokensaku.mhlw.go.jp/13/index.php?JigyosyoCd=1370300327-00&ServiceCd=510&action_kouhyou_detail_feature_index=true,https://www.kaigokensaku.mhlw.go.jp/13/index.php?JigyosyoCd=1370300327-00&ServiceCd=510&action_kouhyou_detail_024_kihon=true
14,慶福育児会麻布慶福苑,特別養護老人ホーム,1370300293-00,510,0,100,300,2025-09-02,0/100人,2026-09-21T04:07:20+09:00,200,200,ok,,https://www.kaigokensaku.mhlw.go.jp/13/index.php?JigyosyoCd=1370300293-00&ServiceCd=510&action_kouhyou_detail_feature_index=true,https://www.kaigokensaku.mhlw.go.jp/13/index.php?JigyosyoCd=1370300293-00&ServiceCd=510&action_kouhyou_detail_024_kihon=true
15,港区立特別養護老人ホームサン・サン赤坂,特別養護老人ホーム,1370301473-00,510,0,0,382,2025-04-04,0/0人,2026-09-21T04:07:23+09:00,200,200,ok,,https://www.kaigokensaku.mhlw.go.jp/13/index.php?JigyosyoCd=1370301473-00&ServiceCd=510&action_kouhyou_detail_feature_index=true,https://www.kaigokensaku.mhlw.go.jp/13/index.php?JigyosyoCd=1370301473-00&ServiceCd=510&action_kouhyou_detail_024_kihon=true
16,新橋さくらの園,特別養護老人ホーム,1370302372-00,510,0,0,220,2025-07-23,0/0人,2026-09-21T04:07:25+09:00,200,200,ok,,https://www.kaigokensaku.mhlw.go.jp/13/index.php?JigyosyoCd=1370302372-00&ServiceCd=510&action_kouhyou_detail_feature_index=true,https://www.kaigokensaku.mhlw.go.jp/13/index.php?JigyosyoCd=1370302372-00&ServiceCd=510&action_kouhyou_detail_024_kihon=true
17,ありすの杜きのこ南麻布,特別養護老人ホーム,1370303198-00,510,0,118,101,2026-09-09,0/118人,2026-09-21T04:07:27+09:00,200,200,ok,,https://www.kaigokensaku.mhlw.go.jp/13/index.php?JigyosyoCd=1370303198-00&ServiceCd=510&action_kouhyou_detail_feature_index=true,https://www.kaigokensaku.mhlw.go.jp/13/index.php?JigyosyoCd=1370303198-00&ServiceCd=510&action_kouhyou_detail_024_kihon=true
18,洛和ヴィラ南麻布,特別養護老人ホーム,1370303206-00,510,0,100,170,2025-08-04,0/100人,2026-09-21T04:07:29+09:00,200,200,ok,,https://www.kaigokensaku.mhlw.go.jp/13/index.php?JigyosyoCd=1370303206-00&ServiceCd=510&action_kouhyou_detail_feature_index=true,https://www.kaigokensaku.mhlw.go.jp/13/index.php?JigyosyoCd=1370303206-00&ServiceCd=510&action_kouhyou_detail_024_kihon=true
19,南麻布シニアガーデンアリス,特別養護老人ホーム,1370305151-00,510,3,80,0,2025-08-14,3/80人,2026-09-21T04:07:31+09:00,200,200,ok,,https://www.kaigokensaku.mhlw.go.jp/13/index.php?JigyosyoCd=1370305151-00&ServiceCd=510&action_kouhyou_detail_feature_index=true,https://www.kaigokensaku.mhlw.go.jp/13/index.php?JigyosyoCd=1370305151-00&ServiceCd=510&action_kouhyou_detail_024_kihon=true
20,青山スクウェアー,特別養護老人ホーム,1390300513-00,540,,29,,,,2026-09-21T04:07:34+09:00,200,200,ok_no_public_value,,https://www.kaigokensaku.mhlw.go.jp/13/index.php?JigyosyoCd=1390300513-00&ServiceCd=540&action_kouhyou_detail_feature_index=true,https://www.kaigokensaku.mhlw.go.jp/13/index.php?JigyosyoCd=1390300513-00&ServiceCd=540&action_kouhyou_detail_024_kihon=true
21,聖母ホーム,特別養護老人ホーム,1370401430-00,510,6,85,169,2026-09-01,6/85人,2026-09-21T04:07:36+09:00,200,200,ok,,https://www.kaigokensaku.mhlw.go.jp/13/index.php?JigyosyoCd=1370401430-00&ServiceCd=510&action_kouhyou_detail_feature_index=true,https://www.kaigokensaku.mhlw.go.jp/13/index.php?JigyosyoCd=1370401430-00&ServiceCd=510&action_kouhyou_detail_024_kihon=true
22,原町ホーム,特別養護老人ホーム,1370400341-00,510,3,50,0,2026-09-01,3/50人,2026-09-21T04:07:38+09:00,200,200,ok,,https://www.kaigokensaku.mhlw.go.jp/13/index.php?JigyosyoCd=1370400341-00&ServiceCd=510&action_kouhyou_detail_feature_index=true,https://www.kaigokensaku.mhlw.go.jp/13/index.php?JigyosyoCd=1370400341-00&ServiceCd=510&action_kouhyou_detail_024_kihon=true
23,あかね苑,特別養護老人ホーム,1370402974-00,510,0,64,132,2026-06-19,0/64人,2026-09-21T04:07:40+09:00,200,200,ok,,https://www.kaigokensaku.mhlw.go.jp/13/index.php?JigyosyoCd=1370402974-00&ServiceCd=510&action_kouhyou_detail_feature_index=true,https://www.kaigokensaku.mhlw.go.jp/13/index.php?JigyosyoCd=1370402974-00&ServiceCd=510&action_kouhyou_detail_024_kihon=true
24,北新宿特別養護老人ホーム,特別養護老人ホーム,1370402966-00,510,9,86,97,2026-06-04,9/86人,2026-09-21T04:07:43+09:00,200,200,ok,,https://www.kaigokensaku.mhlw.go.jp/13/index.php?JigyosyoCd=1370402966-00&ServiceCd=510&action_kouhyou_detail_feature_index=true,https://www.kaigokensaku.mhlw.go.jp/13/index.php?JigyosyoCd=1370402966-00&ServiceCd=510&action_kouhyou_detail_024_kihon=true
25,新宿けやき園,特別養護老人ホーム,1370403774-00,510,0,0,122,2017-09-05,0/0人,2026-09-21T04:07:45+09:00,200,200,ok,,https://www.kaigokensaku.mhlw.go.jp/13/index.php?JigyosyoCd=1370403774-00&ServiceCd=510&action_kouhyou_detail_feature_index=true,https://www.kaigokensaku.mhlw.go.jp/13/index.php?JigyosyoCd=1370403774-00&ServiceCd=510&action_kouhyou_detail_024_kihon=true
26,小規模特別養護老人ホーム マザアス新宿,特別養護老人ホーム,1390400107-00,540,2,27,,2024-11-08,2/27人,2026-09-21T04:07:47+09:00,200,200,ok_partial_public_value,,https://www.kaigokensaku.mhlw.go.jp/13/index.php?JigyosyoCd=1390400107-00&ServiceCd=540&action_kouhyou_detail_feature_index=true,https://www.kaigokensaku.mhlw.go.jp/13/index.php?JigyosyoCd=1390400107-00&ServiceCd=540&action_kouhyou_detail_024_kihon=true
27,神楽坂,特別養護老人ホーム,1370404368-00,510,0,0,93,2022-07-22,0/0人,2026-09-21T04:07:49+09:00,200,200,ok,,https://www.kaigokensaku.mhlw.go.jp/13/index.php?JigyosyoCd=1370404368-00&ServiceCd=510&action_kouhyou_detail_feature_index=true,https://www.kaigokensaku.mhlw.go.jp/13/index.php?JigyosyoCd=1370404368-00&ServiceCd=510&action_kouhyou_detail_024_kihon=true
28,もみの樹園,特別養護老人ホーム,1370405738-00,510,0,130,34,2026-09-03,0/130人,2026-09-21T04:07:51+09:00,200,200,ok,,https://www.kaigokensaku.mhlw.go.jp/13/index.php?JigyosyoCd=1370405738-00&ServiceCd=510&action_kouhyou_detail_feature_index=true,https://www.kaigokensaku.mhlw.go.jp/13/index.php?JigyosyoCd=1370405738-00&ServiceCd=510&action_kouhyou_detail_024_kihon=true
29,みさよはうす富久,特別養護老人ホーム,1370406512-00,510,2,48,210,2026-09-14,2/48人,2026-09-21T04:07:54+09:00,200,200,ok,,https://www.kaigokensaku.mhlw.go.jp/13/index.php?JigyosyoCd=1370406512-00&ServiceCd=510&action_kouhyou_detail_feature_index=true,https://www.kaigokensaku.mhlw.go.jp/13/index.php?JigyosyoCd=1370406512-00&ServiceCd=510&action_kouhyou_detail_024_kihon=true
30,新宿和光園,特別養護老人ホーム,1370407056-00,510,2,84,30,2026-08-03,2/84人,2026-09-21T04:07:56+09:00,200,200,ok,,https://www.kaigokensaku.mhlw.go.jp/13/index.php?JigyosyoCd=1370407056-00&ServiceCd=510&action_kouhyou_detail_feature_index=true,https://www.kaigokensaku.mhlw.go.jp/13/index.php?JigyosyoCd=1370407056-00&ServiceCd=510&action_kouhyou_detail_024_kihon=true
31,文京くすのきの郷,特別養護老人ホーム,1370501940-00,510,22,100,130,2023-08-17,22/100人,2026-09-21T04:07:58+09:00,200,200,ok,,https://www.kaigokensaku.mhlw.go.jp/13/index.php?JigyosyoCd=1370501940-00&ServiceCd=510&action_kouhyou_detail_feature_index=true,https://www.kaigokensaku.mhlw.go.jp/13/index.php?JigyosyoCd=1370501940-00&ServiceCd=510&action_kouhyou_detail_024_kihon=true
32,文京千駄木の郷,特別養護老人ホーム,,,,,,,,2026-09-21T04:08:00+09:00,,,skipped_no_official_url,,,
33,ゆしまの郷,特別養護老人ホーム,1370501445-00,510,1,100,133,2026-09-01,1/100人,2026-09-21T04:08:00+09:00,200,200,ok,,https://www.kaigokensaku.mhlw.go.jp/13/index.php?JigyosyoCd=1370501445-00&ServiceCd=510&action_kouhyou_detail_feature_index=true,https://www.kaigokensaku.mhlw.go.jp/13/index.php?JigyosyoCd=1370501445-00&ServiceCd=510&action_kouhyou_detail_024_kihon=true
34,洛和ヴィラ文京春日,特別養護老人ホーム,1370503227-00,510,0,99,177,2024-10-26,0/99人,2026-09-21T04:08:03+09:00,200,200,ok,,https://www.kaigokensaku.mhlw.go.jp/13/index.php?JigyosyoCd=1370503227-00&ServiceCd=510&action_kouhyou_detail_feature_index=true,https://www.kaigokensaku.mhlw.go.jp/13/index.php?JigyosyoCd=1370503227-00&ServiceCd=510&action_kouhyou_detail_024_kihon=true
35,小石川ヒルサイドテラス,特別養護老人ホーム,1370503508-00,510,0,0,100,2024-12-19,0/0人,2026-09-21T04:08:05+09:00,200,200,ok,,https://www.kaigokensaku.mhlw.go.jp/13/index.php?JigyosyoCd=1370503508-00&ServiceCd=510&action_kouhyou_detail_feature_index=true,https://www.kaigokensaku.mhlw.go.jp/13/index.php?JigyosyoCd=1370503508-00&ServiceCd=510&action_kouhyou_detail_024_kihon=true
36,文京小日向の家,特別養護老人ホーム,1390500294-00,540,0,0,,2025-07-20,0/0人,2026-09-21T04:08:07+09:00,200,200,ok_partial_public_value,,https://www.kaigokensaku.mhlw.go.jp/13/index.php?JigyosyoCd=1390500294-00&ServiceCd=540&action_kouhyou_detail_feature_index=true,https://www.kaigokensaku.mhlw.go.jp/13/index.php?JigyosyoCd=1390500294-00&ServiceCd=540&action_kouhyou_detail_024_kihon=true
37,文京大塚みどりの郷,特別養護老人ホーム,1390500328-00,540,0,29,,2021-10-24,0/29人,2026-09-21T04:08:09+09:00,200,200,ok_partial_public_value,,https://www.kaigokensaku.mhlw.go.jp/13/index.php?JigyosyoCd=1390500328-00&ServiceCd=540&action_kouhyou_detail_feature_index=true,https://www.kaigokensaku.mhlw.go.jp/13/index.php?JigyosyoCd=1390500328-00&ServiceCd=540&action_kouhyou_detail_024_kihon=true
38,台東区立特別養護老人ホーム谷中,特別養護老人ホーム,1370600163-00,510,0,0,0,2017-07-19,0/0人,2026-09-21T04:08:12+09:00,200,200,ok,,https://www.kaigokensaku.mhlw.go.jp/13/index.php?JigyosyoCd=1370600163-00&ServiceCd=510&action_kouhyou_detail_feature_index=true,https://www.kaigokensaku.mhlw.go.jp/13/index.php?JigyosyoCd=1370600163-00&ServiceCd=510&action_kouhyou_detail_024_kihon=true
39,台東区立特別養護老人ホーム台東,特別養護老人ホーム,1370600999-00,510,0,0,0,2021-10-29,0/0人,2026-09-21T04:08:14+09:00,200,200,ok,,https://www.kaigokensaku.mhlw.go.jp/13/index.php?JigyosyoCd=1370600999-00&ServiceCd=510&action_kouhyou_detail_feature_index=true,https://www.kaigokensaku.mhlw.go.jp/13/index.php?JigyosyoCd=1370600999-00&ServiceCd=510&action_kouhyou_detail_024_kihon=true
40,台東区立特別養護老人ホーム浅草,特別養護老人ホーム,1370600155-00,510,0,0,10,2024-11-18,0/0人,2026-09-21T04:08:16+09:00,200,200,ok,,https://www.kaigokensaku.mhlw.go.jp/13/index.php?JigyosyoCd=1370600155-00&ServiceCd=510&action_kouhyou_detail_feature_index=true,https://www.kaigokensaku.mhlw.go.jp/13/index.php?JigyosyoCd=1370600155-00&ServiceCd=510&action_kouhyou_detail_024_kihon=true
41,浅草ほうらい,特別養護老人ホーム,1370602656-00,510,3,140,5,2025-07-24,3/140人,2026-09-21T04:08:18+09:00,200,200,ok,,https://www.kaigokensaku.mhlw.go.jp/13/index.php?JigyosyoCd=1370602656-00&ServiceCd=510&action_kouhyou_detail_feature_index=true,https://www.kaigokensaku.mhlw.go.jp/13/index.php?JigyosyoCd=1370602656-00&ServiceCd=510&action_kouhyou_detail_024_kihon=true
42,フレスコ浅草,特別養護老人ホーム,1370603753-00,510,5,84,50,2026-09-02,5/84人,2026-09-21T04:08:20+09:00,200,200,ok,,https://www.kaigokensaku.mhlw.go.jp/13/index.php?JigyosyoCd=1370603753-00&ServiceCd=510&action_kouhyou_detail_feature_index=true,https://www.kaigokensaku.mhlw.go.jp/13/index.php?JigyosyoCd=1370603753-00&ServiceCd=510&action_kouhyou_detail_024_kihon=true
43,橋場すみれ園,特別養護老人ホーム,1370603837-00,510,3,138,0,2025-07-25,3/138人,2026-09-21T04:08:23+09:00,200,200,ok,,https://www.kaigokensaku.mhlw.go.jp/13/index.php?JigyosyoCd=1370603837-00&ServiceCd=510&action_kouhyou_detail_feature_index=true,https://www.kaigokensaku.mhlw.go.jp/13/index.php?JigyosyoCd=1370603837-00&ServiceCd=510&action_kouhyou_detail_024_kihon=true
44,東京都台東区立特別養護老人ホーム竜泉,特別養護老人ホーム,1370604694-00,510,,132,0,,,2026-09-21T04:08:25+09:00,200,200,ok_partial_public_value,,https://www.kaigokensaku.mhlw.go.jp/13/index.php?JigyosyoCd=1370604694-00&ServiceCd=510&action_kouhyou_detail_feature_index=true,https://www.kaigokensaku.mhlw.go.jp/13/index.php?JigyosyoCd=1370604694-00&ServiceCd=510&action_kouhyou_detail_024_kihon=true
45,墨田区立特別養護老人ホームなりひらホーム,特別養護老人ホーム,1370702985-00,510,0,0,80,2021-11-16,0/0人,2026-09-21T04:08:27+09:00,200,200,ok,,https://www.kaigokensaku.mhlw.go.jp/13/index.php?JigyosyoCd=1370702985-00&ServiceCd=510&action_kouhyou_detail_feature_index=true,https://www.kaigokensaku.mhlw.go.jp/13/index.php?JigyosyoCd=1370702985-00&ServiceCd=510&action_kouhyou_detail_024_kihon=true
46,墨田区立特別養護老人ホームはなみずきホーム,特別養護老人ホーム,1370703314-00,510,0,0,177,2017-07-25,0/0人,2026-09-21T04:08:29+09:00,200,200,ok,,https://www.kaigokensaku.mhlw.go.jp/13/index.php?JigyosyoCd=1370703314-00&ServiceCd=510&action_kouhyou_detail_feature_index=true,https://www.kaigokensaku.mhlw.go.jp/13/index.php?JigyosyoCd=1370703314-00&ServiceCd=510&action_kouhyou_detail_024_kihon=true
47,墨田区立特別養護老人ホームたちばなホーム,特別養護老人ホーム,1370703322-00,510,0,56,56,2024-12-03,0/56人,2026-09-21T04:08:31+09:00,200,200,ok,,https://www.kaigokensaku.mhlw.go.jp/13/index.php?JigyosyoCd=1370703322-00&ServiceCd=510&action_kouhyou_detail_feature_index=true,https://www.kaigokensaku.mhlw.go.jp/13/index.php?JigyosyoCd=1370703322-00&ServiceCd=510&action_kouhyou_detail_024_kihon=true
48,東京清風園,特別養護老人ホーム,1370700245-00,510,1,158,223,2026-09-09,1/158人,2026-09-21T04:08:34+09:00,200,200,ok,,https://www.kaigokensaku.mhlw.go.jp/13/index.php?JigyosyoCd=1370700245-00&ServiceCd=510&action_kouhyou_detail_feature_index=true,https://www.kaigokensaku.mhlw.go.jp/13/index.php?JigyosyoCd=1370700245-00&ServiceCd=510&action_kouhyou_detail_024_kihon=true
49,同愛記念ホーム,特別養護老人ホーム,1370700252-00,510,100,100,0,2025-09-26,100/100人,2026-09-21T04:08:36+09:00,200,200,ok,,https://www.kaigokensaku.mhlw.go.jp/13/index.php?JigyosyoCd=1370700252-00&ServiceCd=510&action_kouhyou_detail_feature_index=true,https://www.kaigokensaku.mhlw.go.jp/13/index.php?JigyosyoCd=1370700252-00&ServiceCd=510&action_kouhyou_detail_024_kihon=true
50,和翔苑,特別養護老人ホーム,1370700286-00,510,1,90,10,2026-09-01,1/90人,2026-09-21T04:08:38+09:00,200,200,ok,,https://www.kaigokensaku.mhlw.go.jp/13/index.php?JigyosyoCd=1370700286-00&ServiceCd=510&action_kouhyou_detail_feature_index=true,https://www.kaigokensaku.mhlw.go.jp/13/index.php?JigyosyoCd=1370700286-00&ServiceCd=510&action_kouhyou_detail_024_kihon=true
51,木下川吾亦紅,特別養護老人ホーム,1370704833-00,510,3,120,6,2026-09-02,3/120人,2026-09-21T04:08:42+09:00,200,200,ok,,https://www.kaigokensaku.mhlw.go.jp/13/index.php?JigyosyoCd=1370704833-00&ServiceCd=510&action_kouhyou_detail_feature_index=true,https://www.kaigokensaku.mhlw.go.jp/13/index.php?JigyosyoCd=1370704833-00&ServiceCd=510&action_kouhyou_detail_024_kihon=true
52,しらひげ,特別養護老人ホーム,1370705509-00,510,0,0,4,2025-08-03,0/0人,2026-09-21T04:08:47+09:00,200,200,ok,,https://www.kaigokensaku.mhlw.go.jp/13/index.php?JigyosyoCd=1370705509-00&ServiceCd=510&action_kouhyou_detail_feature_index=true,https://www.kaigokensaku.mhlw.go.jp/13/index.php?JigyosyoCd=1370705509-00&ServiceCd=510&action_kouhyou_detail_024_kihon=true
53,ケアホームズ両国,特別養護老人ホーム,1370702589-00,510,5,50,3,2025-11-24,5/50人,2026-09-21T04:08:49+09:00,200,200,ok,,https://www.kaigokensaku.mhlw.go.jp/13/index.php?JigyosyoCd=1370702589-00&ServiceCd=510&action_kouhyou_detail_feature_index=true,https://www.kaigokensaku.mhlw.go.jp/13/index.php?JigyosyoCd=1370702589-00&ServiceCd=510&action_kouhyou_detail_024_kihon=true
54,北砂ホーム,特別養護老人ホーム,,,,,,,,2026-09-21T04:08:51+09:00,,,skipped_no_official_url,,,
55,あそか園,特別養護老人ホーム,1370800235-00,510,0,60,0,2026-09-08,0/60人,2026-09-21T04:08:51+09:00,200,200,ok,,https://www.kaigokensaku.mhlw.go.jp/13/index.php?JigyosyoCd=1370800235-00&ServiceCd=510&action_kouhyou_detail_feature_index=true,https://www.kaigokensaku.mhlw.go.jp/13/index.php?JigyosyoCd=1370800235-00&ServiceCd=510&action_kouhyou_detail_024_kihon=true
56,江東ホーム,特別養護老人ホーム,1370807040-00,510,,112,0,,,2026-09-21T04:08:53+09:00,200,200,ok_partial_public_value,,https://www.kaigokensaku.mhlw.go.jp/13/index.php?JigyosyoCd=1370807040-00&ServiceCd=510&action_kouhyou_detail_feature_index=true,https://www.kaigokensaku.mhlw.go.jp/13/index.php?JigyosyoCd=1370807040-00&ServiceCd=510&action_kouhyou_detail_024_kihon=true
57,むつみ園,特別養護老人ホーム,1370806729-00,510,,40,0,,,2026-09-21T04:08:56+09:00,200,200,ok_partial_public_value,,https://www.kaigokensaku.mhlw.go.jp/13/index.php?JigyosyoCd=1370806729-00&ServiceCd=510&action_kouhyou_detail_feature_index=true,https://www.kaigokensaku.mhlw.go.jp/13/index.php?JigyosyoCd=1370806729-00&ServiceCd=510&action_kouhyou_detail_024_kihon=true
58,深川愛の園,特別養護老人ホーム,1370800292-00,510,7,80,0,2026-09-17,7/80人,2026-09-21T04:08:58+09:00,200,200,ok,,https://www.kaigokensaku.mhlw.go.jp/13/index.php?JigyosyoCd=1370800292-00&ServiceCd=510&action_kouhyou_detail_feature_index=true,https://www.kaigokensaku.mhlw.go.jp/13/index.php?JigyosyoCd=1370800292-00&ServiceCd=510&action_kouhyou_detail_024_kihon=true
59,らん花園,特別養護老人ホーム,1370800789-00,510,0,100,0,2026-09-14,0/100人,2026-09-21T04:09:00+09:00,200,200,ok,,https://www.kaigokensaku.mhlw.go.jp/13/index.php?JigyosyoCd=1370800789-00&ServiceCd=510&action_kouhyou_detail_feature_index=true,https://www.kaigokensaku.mhlw.go.jp/13/index.php?JigyosyoCd=1370800789-00&ServiceCd=510&action_kouhyou_detail_024_kihon=true
60,塩浜ホーム,特別養護老人ホーム,1370802694-00,510,0,0,3,,0/0人,2026-09-21T04:09:02+09:00,200,200,ok,,https://www.kaigokensaku.mhlw.go.jp/13/index.php?JigyosyoCd=1370802694-00&ServiceCd=510&action_kouhyou_detail_feature_index=true,https://www.kaigokensaku.mhlw.go.jp/13/index.php?JigyosyoCd=1370802694-00&ServiceCd=510&action_kouhyou_detail_024_kihon=true
61,コスモス,特別養護老人ホーム,1370801308-00,510,1,100,0,2026-09-03,1/100人,2026-09-21T04:09:04+09:00,200,200,ok,,https://www.kaigokensaku.mhlw.go.jp/13/index.php?JigyosyoCd=1370801308-00&ServiceCd=510&action_kouhyou_detail_feature_index=true,https://www.kaigokensaku.mhlw.go.jp/13/index.php?JigyosyoCd=1370801308-00&ServiceCd=510&action_kouhyou_detail_024_kihon=true
62,寿園,特別養護老人ホーム,1370800284-00,510,0,0,0,2026-09-19,0/0人,2026-09-21T04:09:07+09:00,200,200,ok,,https://www.kaigokensaku.mhlw.go.jp/13/index.php?JigyosyoCd=1370800284-00&ServiceCd=510&action_kouhyou_detail_feature_index=true,https://www.kaigokensaku.mhlw.go.jp/13/index.php?JigyosyoCd=1370800284-00&ServiceCd=510&action_kouhyou_detail_024_kihon=true
63,三井陽光苑,特別養護老人ホーム,1370801399-00,510,3,150,63,2026-09-19,3/150人,2026-09-21T04:09:09+09:00,200,200,ok,,https://www.kaigokensaku.mhlw.go.jp/13/index.php?JigyosyoCd=1370801399-00&ServiceCd=510&action_kouhyou_detail_feature_index=true,https://www.kaigokensaku.mhlw.go.jp/13/index.php?JigyosyoCd=1370801399-00&ServiceCd=510&action_kouhyou_detail_024_kihon=true
64,あじさい,特別養護老人ホーム,1370803080-00,510,0,90,5,2026-09-03,0/90人,2026-09-21T04:09:11+09:00,200,200,ok,,https://www.kaigokensaku.mhlw.go.jp/13/index.php?JigyosyoCd=1370803080-00&ServiceCd=510&action_kouhyou_detail_feature_index=true,https://www.kaigokensaku.mhlw.go.jp/13/index.php?JigyosyoCd=1370803080-00&ServiceCd=510&action_kouhyou_detail_024_kihon=true
65,芳香苑,特別養護老人ホーム,1370803429-00,510,0,0,0,2025-08-13,0/0人,2026-09-21T04:09:13+09:00,200,200,ok,,https://www.kaigokensaku.mhlw.go.jp/13/index.php?JigyosyoCd=1370803429-00&ServiceCd=510&action_kouhyou_detail_feature_index=true,https://www.kaigokensaku.mhlw.go.jp/13/index.php?JigyosyoCd=1370803429-00&ServiceCd=510&action_kouhyou_detail_024_kihon=true
66,カメリア,特別養護老人ホーム,1370804096-00,510,2,110,26,2026-09-07,2/110人,2026-09-21T04:09:16+09:00,200,200,ok,,https://www.kaigokensaku.mhlw.go.jp/13/index.php?JigyosyoCd=1370804096-00&ServiceCd=510&action_kouhyou_detail_feature_index=true,https://www.kaigokensaku.mhlw.go.jp/13/index.php?JigyosyoCd=1370804096-00&ServiceCd=510&action_kouhyou_detail_024_kihon=true
67,あかつき苑,特別養護老人ホーム,1370805200-00,510,0,100,5,2025-08-14,0/100人,2026-09-21T04:09:18+09:00,200,200,ok,,https://www.kaigokensaku.mhlw.go.jp/13/index.php?JigyosyoCd=1370805200-00&ServiceCd=510&action_kouhyou_detail_feature_index=true,https://www.kaigokensaku.mhlw.go.jp/13/index.php?JigyosyoCd=1370805200-00&ServiceCd=510&action_kouhyou_detail_024_kihon=true
68,故郷の家・東京,特別養護老人ホーム,1370805820-00,510,0,98,0,2025-08-15,0/98人,2026-09-21T04:09:20+09:00,200,200,ok,,https://www.kaigokensaku.mhlw.go.jp/13/index.php?JigyosyoCd=1370805820-00&ServiceCd=510&action_kouhyou_detail_feature_index=true,https://www.kaigokensaku.mhlw.go.jp/13/index.php?JigyosyoCd=1370805820-00&ServiceCd=510&action_kouhyou_detail_024_kihon=true
69,タムスさくらの杜 亀戸,特別養護老人ホーム,1370807347-00,510,1,30,0,2026-09-01,1/30人,2026-09-21T04:09:22+09:00,200,200,ok,,https://www.kaigokensaku.mhlw.go.jp/13/index.php?JigyosyoCd=1370807347-00&ServiceCd=510&action_kouhyou_detail_feature_index=true,https://www.kaigokensaku.mhlw.go.jp/13/index.php?JigyosyoCd=1370807347-00&ServiceCd=510&action_kouhyou_detail_024_kihon=true
70,品川区立戸越台特別養護老人ホーム,特別養護老人ホーム,1370902924-00,510,0,72,0,2026-07-20,0/72人,2026-09-21T04:09:24+09:00,200,200,ok,,https://www.kaigokensaku.mhlw.go.jp/13/index.php?JigyosyoCd=1370902924-00&ServiceCd=510&action_kouhyou_detail_feature_index=true,https://www.kaigokensaku.mhlw.go.jp/13/index.php?JigyosyoCd=1370902924-00&ServiceCd=510&action_kouhyou_detail_024_kihon=true
71,品川区立中延特別養護老人ホーム,特別養護老人ホーム,1370902940-00,510,0,0,31,2025-07-30,0/0人,2026-09-21T04:09:26+09:00,200,200,ok,,https://www.kaigokensaku.mhlw.go.jp/13/index.php?JigyosyoCd=1370902940-00&ServiceCd=510&action_kouhyou_detail_feature_index=true,https://www.kaigokensaku.mhlw.go.jp/13/index.php?JigyosyoCd=1370902940-00&ServiceCd=510&action_kouhyou_detail_024_kihon=true
72,品川区立荏原特別養護老人ホーム,特別養護老人ホーム,1370902932-00,510,2,120,53,2025-09-29,2/120人,2026-09-21T04:09:29+09:00,200,200,ok,,https://www.kaigokensaku.mhlw.go.jp/13/index.php?JigyosyoCd=1370902932-00&ServiceCd=510&action_kouhyou_detail_feature_index=true,https://www.kaigokensaku.mhlw.go.jp/13/index.php?JigyosyoCd=1370902932-00&ServiceCd=510&action_kouhyou_detail_024_kihon=true
73,晴楓ホーム,特別養護老人ホーム,1370900316-00,510,1,80,50,2026-09-15,1/80人,2026-09-21T04:09:31+09:00,200,200,ok,,https://www.kaigokensaku.mhlw.go.jp/13/index.php?JigyosyoCd=1370900316-00&ServiceCd=510&action_kouhyou_detail_feature_index=true,https://www.kaigokensaku.mhlw.go.jp/13/index.php?JigyosyoCd=1370900316-00&ServiceCd=510&action_kouhyou_detail_024_kihon=true
74,かえで荘,特別養護老人ホーム,1370900308-00,510,2,80,0,2026-06-03,2/80人,2026-09-21T04:09:33+09:00,200,200,ok,,https://www.kaigokensaku.mhlw.go.jp/13/index.php?JigyosyoCd=1370900308-00&ServiceCd=510&action_kouhyou_detail_feature_index=true,https://www.kaigokensaku.mhlw.go.jp/13/index.php?JigyosyoCd=1370900308-00&ServiceCd=510&action_kouhyou_detail_024_kihon=true
75,品川区立八潮南特別養護老人ホーム,特別養護老人ホーム,1370903625-00,510,0,81,30,2025-07-25,0/81人,2026-09-21T04:09:35+09:00,200,200,ok,,https://www.kaigokensaku.mhlw.go.jp/13/index.php?JigyosyoCd=1370903625-00&ServiceCd=510&action_kouhyou_detail_feature_index=true,https://www.kaigokensaku.mhlw.go.jp/13/index.php?JigyosyoCd=1370903625-00&ServiceCd=510&action_kouhyou_detail_024_kihon=true
76,ロイヤルサニー,特別養護老人ホーム,1370900985-00,510,0,60,64,2026-09-01,0/60人,2026-09-21T04:09:37+09:00,200,200,ok,,https://www.kaigokensaku.mhlw.go.jp/13/index.php?JigyosyoCd=1370900985-00&ServiceCd=510&action_kouhyou_detail_feature_index=true,https://www.kaigokensaku.mhlw.go.jp/13/index.php?JigyosyoCd=1370900985-00&ServiceCd=510&action_kouhyou_detail_024_kihon=true
77,成幸ホーム,特別養護老人ホーム,1370900290-00,510,3,88,0,2026-09-19,3/88人,2026-09-21T04:09:40+09:00,200,200,ok,,https://www.kaigokensaku.mhlw.go.jp/13/index.php?JigyosyoCd=1370900290-00&ServiceCd=510&action_kouhyou_detail_feature_index=true,https://www.kaigokensaku.mhlw.go.jp/13/index.php?JigyosyoCd=1370900290-00&ServiceCd=510&action_kouhyou_detail_024_kihon=true
78,品川区立杜松特別養護老人ホーム,特別養護老人ホーム,1390900619-00,540,2,29,,2025-08-04,2/29人,2026-09-21T04:09:42+09:00,200,200,ok_partial_public_value,,https://www.kaigokensaku.mhlw.go.jp/13/index.php?JigyosyoCd=1390900619-00&ServiceCd=540&action_kouhyou_detail_feature_index=true,https://www.kaigokensaku.mhlw.go.jp/13/index.php?JigyosyoCd=1390900619-00&ServiceCd=540&action_kouhyou_detail_024_kihon=true
79,品川区立平塚橋特別養護老人ホーム,特別養護老人ホーム,1370904631-00,510,0,0,130,2025-06-20,0/0人,2026-09-21T04:09:44+09:00,200,200,ok,,https://www.kaigokensaku.mhlw.go.jp/13/index.php?JigyosyoCd=1370904631-00&ServiceCd=510&action_kouhyou_detail_feature_index=true,https://www.kaigokensaku.mhlw.go.jp/13/index.php?JigyosyoCd=1370904631-00&ServiceCd=510&action_kouhyou_detail_024_kihon=true
80,品川区立上大崎特別養護老人ホーム,特別養護老人ホーム,1370904771-00,510,0,102,31,2025-08-03,0/102人,2026-09-21T04:09:46+09:00,200,200,ok,,https://www.kaigokensaku.mhlw.go.jp/13/index.php?JigyosyoCd=1370904771-00&ServiceCd=510&action_kouhyou_detail_feature_index=true,https://www.kaigokensaku.mhlw.go.jp/13/index.php?JigyosyoCd=1370904771-00&ServiceCd=510&action_kouhyou_detail_024_kihon=true
81,グランアークみづほ,特別養護老人ホーム,1370905067-00,510,2,81,59,2026-09-16,2/81人,2026-09-21T04:09:48+09:00,200,200,ok,,https://www.kaigokensaku.mhlw.go.jp/13/index.php?JigyosyoCd=1370905067-00&ServiceCd=510&action_kouhyou_detail_feature_index=true,https://www.kaigokensaku.mhlw.go.jp/13/index.php?JigyosyoCd=1370905067-00&ServiceCd=510&action_kouhyou_detail_024_kihon=true
82,目黒区立特別養護老人ホーム東が丘,特別養護老人ホーム,1371000280-00,510,2,100,0,2025-08-02,2/100人,2026-09-21T04:09:51+09:00,200,200,ok,,https://www.kaigokensaku.mhlw.go.jp/13/index.php?JigyosyoCd=1371000280-00&ServiceCd=510&action_kouhyou_detail_feature_index=true,https://www.kaigokensaku.mhlw.go.jp/13/index.php?JigyosyoCd=1371000280-00&ServiceCd=510&action_kouhyou_detail_024_kihon=true
83,目黒区立特別養護老人ホーム東山,特別養護老人ホーム,1371000777-00,510,0,0,700,2023-03-10,0/0人,2026-09-21T04:09:53+09:00,200,200,ok,,https://www.kaigokensaku.mhlw.go.jp/13/index.php?JigyosyoCd=1371000777-00&ServiceCd=510&action_kouhyou_detail_feature_index=true,https://www.kaigokensaku.mhlw.go.jp/13/index.php?JigyosyoCd=1371000777-00&ServiceCd=510&action_kouhyou_detail_024_kihon=true
84,目黒区立特別養護老人ホーム中目黒,特別養護老人ホーム,1371000272-00,510,0,55,0,2024-10-29,0/55人,2026-09-21T04:09:55+09:00,200,200,ok,,https://www.kaigokensaku.mhlw.go.jp/13/index.php?JigyosyoCd=1371000272-00&ServiceCd=510&action_kouhyou_detail_feature_index=true,https://www.kaigokensaku.mhlw.go.jp/13/index.php?JigyosyoCd=1371000272-00&ServiceCd=510&action_kouhyou_detail_024_kihon=true
85,清徳苑,特別養護老人ホーム,1371000256-00,510,4,90,4,2026-08-15,4/90人,2026-09-21T04:09:57+09:00,200,200,ok,,https://www.kaigokensaku.mhlw.go.jp/13/index.php?JigyosyoCd=1371000256-00&ServiceCd=510&action_kouhyou_detail_feature_index=true,https://www.kaigokensaku.mhlw.go.jp/13/index.php?JigyosyoCd=1371000256-00&ServiceCd=510&action_kouhyou_detail_024_kihon=true
86,青葉台さくら苑,特別養護老人ホーム,1371000298-00,510,0,101,0,2026-09-10,0/101人,2026-09-21T04:09:59+09:00,200,200,ok,,https://www.kaigokensaku.mhlw.go.jp/13/index.php?JigyosyoCd=1371000298-00&ServiceCd=510&action_kouhyou_detail_feature_index=true,https://www.kaigokensaku.mhlw.go.jp/13/index.php?JigyosyoCd=1371000298-00&ServiceCd=510&action_kouhyou_detail_024_kihon=true
87,駒場苑,特別養護老人ホーム,1371000264-00,510,3,57,0,2026-09-01,3/57人,2026-09-21T04:10:01+09:00,200,200,ok,,https://www.kaigokensaku.mhlw.go.jp/13/index.php?JigyosyoCd=1371000264-00&ServiceCd=510&action_kouhyou_detail_feature_index=true,https://www.kaigokensaku.mhlw.go.jp/13/index.php?JigyosyoCd=1371000264-00&ServiceCd=510&action_kouhyou_detail_024_kihon=true
88,目黒中央の家,特別養護老人ホーム,1371004936-00,510,1,84,212,2025-08-06,1/84人,2026-09-21T04:10:04+09:00,200,200,ok,,https://www.kaigokensaku.mhlw.go.jp/13/index.php?JigyosyoCd=1371004936-00&ServiceCd=510&action_kouhyou_detail_feature_index=true,https://www.kaigokensaku.mhlw.go.jp/13/index.php?JigyosyoCd=1371004936-00&ServiceCd=510&action_kouhyou_detail_024_kihon=true
89,こぶしえん,特別養護老人ホーム,1371005222-00,510,1,120,50,2026-09-02,1/120人,2026-09-21T04:10:06+09:00,200,200,ok,,https://www.kaigokensaku.mhlw.go.jp/13/index.php?JigyosyoCd=1371005222-00&ServiceCd=510&action_kouhyou_detail_feature_index=true,https://www.kaigokensaku.mhlw.go.jp/13/index.php?JigyosyoCd=1371005222-00&ServiceCd=510&action_kouhyou_detail_024_kihon=true
90,さんホーム目黒,特別養護老人ホーム,1371005255-00,510,2,96,0,2026-08-24,2/96人,2026-09-21T04:10:08+09:00,200,200,ok,,https://www.kaigokensaku.mhlw.go.jp/13/index.php?JigyosyoCd=1371005255-00&ServiceCd=510&action_kouhyou_detail_feature_index=true,https://www.kaigokensaku.mhlw.go.jp/13/index.php?JigyosyoCd=1371005255-00&ServiceCd=510&action_kouhyou_detail_024_kihon=true
91,特別養護老人ホーム大森,特別養護老人ホーム,1371110535-00,510,3,87,521,2026-09-04,3/87人,2026-09-21T04:10:10+09:00,200,200,ok,,https://www.kaigokensaku.mhlw.go.jp/13/index.php?JigyosyoCd=1371110535-00&ServiceCd=510&action_kouhyou_detail_feature_index=true,https://www.kaigokensaku.mhlw.go.jp/13/index.php?JigyosyoCd=1371110535-00&ServiceCd=510&action_kouhyou_detail_024_kihon=true
92,特別養護老人ホーム羽田,特別養護老人ホーム,1371113091-00,510,2,100,0,2026-07-10,2/100人,2026-09-21T04:10:12+09:00,200,200,ok,,https://www.kaigokensaku.mhlw.go.jp/13/index.php?JigyosyoCd=1371113091-00&ServiceCd=510&action_kouhyou_detail_feature_index=true,https://www.kaigokensaku.mhlw.go.jp/13/index.php?JigyosyoCd=1371113091-00&ServiceCd=510&action_kouhyou_detail_024_kihon=true
93,大田区立特別養護老人ホーム蒲田,特別養護老人ホーム,1371100320-00,510,0,104,0,2025-04-09,0/104人,2026-09-21T04:10:14+09:00,200,200,ok,,https://www.kaigokensaku.mhlw.go.jp/13/index.php?JigyosyoCd=1371100320-00&ServiceCd=510&action_kouhyou_detail_feature_index=true,https://www.kaigokensaku.mhlw.go.jp/13/index.php?JigyosyoCd=1371100320-00&ServiceCd=510&action_kouhyou_detail_024_kihon=true
94,特別養護老人ホーム池上,特別養護老人ホーム,1371110543-00,510,0,102,437,2025-04-11,0/102人,2026-09-21T04:10:17+09:00,200,200,ok,,https://www.kaigokensaku.mhlw.go.jp/13/index.php?JigyosyoCd=1371110543-00&ServiceCd=510&action_kouhyou_detail_feature_index=true,https://www.kaigokensaku.mhlw.go.jp/13/index.php?JigyosyoCd=1371110543-00&ServiceCd=510&action_kouhyou_detail_024_kihon=true
95,大田区立特別養護老人ホームたまがわ,特別養護老人ホーム,1371101518-00,510,0,0,541,2025-09-19,0/0人,2026-09-21T04:10:19+09:00,200,200,ok,,https://www.kaigokensaku.mhlw.go.jp/13/index.php?JigyosyoCd=1371101518-00&ServiceCd=510&action_kouhyou_detail_feature_index=true,https://www.kaigokensaku.mhlw.go.jp/13/index.php?JigyosyoCd=1371101518-00&ServiceCd=510&action_kouhyou_detail_024_kihon=true
96,大田翔裕園,特別養護老人ホーム,1371103811-00,510,0,120,11,2026-09-13,0/120人,2026-09-21T04:10:21+09:00,200,200,ok,,https://www.kaigokensaku.mhlw.go.jp/13/index.php?JigyosyoCd=1371103811-00&ServiceCd=510&action_kouhyou_detail_feature_index=true,https://www.kaigokensaku.mhlw.go.jp/13/index.php?JigyosyoCd=1371103811-00&ServiceCd=510&action_kouhyou_detail_024_kihon=true
97,好日苑,特別養護老人ホーム,1371100346-00,510,4,138,0,2026-09-10,4/138人,2026-09-21T04:10:23+09:00,200,200,ok,,https://www.kaigokensaku.mhlw.go.jp/13/index.php?JigyosyoCd=1371100346-00&ServiceCd=510&action_kouhyou_detail_feature_index=true,https://www.kaigokensaku.mhlw.go.jp/13/index.php?JigyosyoCd=1371100346-00&ServiceCd=510&action_kouhyou_detail_024_kihon=true
98,いずみえん,特別養護老人ホーム,1371104181-00,510,3,150,450,2026-08-20,3/150人,2026-09-21T04:10:26+09:00,200,200,ok,,https://www.kaigokensaku.mhlw.go.jp/13/index.php?JigyosyoCd=1371104181-00&ServiceCd=510&action_kouhyou_detail_feature_index=true,https://www.kaigokensaku.mhlw.go.jp/13/index.php?JigyosyoCd=1371104181-00&ServiceCd=510&action_kouhyou_detail_024_kihon=true
99,ゴールデン鶴亀ホーム,特別養護老人ホーム,1371101344-00,510,0,80,475,2026-08-26,0/80人,2026-09-21T04:10:28+09:00,200,200,ok,,https://www.kaigokensaku.mhlw.go.jp/13/index.php?JigyosyoCd=1371101344-00&ServiceCd=510&action_kouhyou_detail_feature_index=true,https://www.kaigokensaku.mhlw.go.jp/13/index.php?JigyosyoCd=1371101344-00&ServiceCd=510&action_kouhyou_detail_024_kihon=true
100,フロース東糀谷,特別養護老人ホーム,1371105568-00,510,0,160,7,2026-09-15,0/160人,2026-09-21T04:10:30+09:00,200,200,ok,,https://www.kaigokensaku.mhlw.go.jp/13/index.php?JigyosyoCd=1371105568-00&ServiceCd=510&action_kouhyou_detail_feature_index=true,https://www.kaigokensaku.mhlw.go.jp/13/index.php?JigyosyoCd=1371105568-00&ServiceCd=510&action_kouhyou_detail_024_kihon=true
101,千里,特別養護老人ホーム,1371108273-00,510,0,64,93,2026-09-18,0/64人,2026-09-21T04:10:34+09:00,200,200,ok,,https://www.kaigokensaku.mhlw.go.jp/13/index.php?JigyosyoCd=1371108273-00&ServiceCd=510&action_kouhyou_detail_feature_index=true,https://www.kaigokensaku.mhlw.go.jp/13/index.php?JigyosyoCd=1371108273-00&ServiceCd=510&action_kouhyou_detail_024_kihon=true
102,バタフライヒル大森南,特別養護老人ホーム,1371108513-00,510,0,80,37,2026-07-28,0/80人,2026-09-21T04:10:38+09:00,200,200,ok,,https://www.kaigokensaku.mhlw.go.jp/13/index.php?JigyosyoCd=1371108513-00&ServiceCd=510&action_kouhyou_detail_feature_index=true,https://www.kaigokensaku.mhlw.go.jp/13/index.php?JigyosyoCd=1371108513-00&ServiceCd=510&action_kouhyou_detail_024_kihon=true
103,特別養護老人ホーム馬込,特別養護老人ホーム,1371111236-00,510,0,30,0,2025-08-15,0/30人,2026-09-21T04:10:41+09:00,200,200,ok,,https://www.kaigokensaku.mhlw.go.jp/13/index.php?JigyosyoCd=1371111236-00&ServiceCd=510&action_kouhyou_detail_feature_index=true,https://www.kaigokensaku.mhlw.go.jp/13/index.php?JigyosyoCd=1371111236-00&ServiceCd=510&action_kouhyou_detail_024_kihon=true
104,生寿園,特別養護老人ホーム,1371111210-00,510,2,81,381,2026-09-01,2/81人,2026-09-21T04:10:43+09:00,200,200,ok,,https://www.kaigokensaku.mhlw.go.jp/13/index.php?JigyosyoCd=1371111210-00&ServiceCd=510&action_kouhyou_detail_feature_index=true,https://www.kaigokensaku.mhlw.go.jp/13/index.php?JigyosyoCd=1371111210-00&ServiceCd=510&action_kouhyou_detail_024_kihon=true
105,花みずき,特別養護老人ホーム,1371111319-00,510,6,84,0,2026-09-02,6/84人,2026-09-21T04:10:45+09:00,200,200,ok,,https://www.kaigokensaku.mhlw.go.jp/13/index.php?JigyosyoCd=1371111319-00&ServiceCd=510&action_kouhyou_detail_feature_index=true,https://www.kaigokensaku.mhlw.go.jp/13/index.php?JigyosyoCd=1371111319-00&ServiceCd=510&action_kouhyou_detail_024_kihon=true
106,さくらのみち紫苑,特別養護老人ホーム,1371111657-00,510,4,34,0,2026-08-04,4/34人,2026-09-21T04:10:47+09:00,200,200,ok,,https://www.kaigokensaku.mhlw.go.jp/13/index.php?JigyosyoCd=1371111657-00&ServiceCd=510&action_kouhyou_detail_feature_index=true,https://www.kaigokensaku.mhlw.go.jp/13/index.php?JigyosyoCd=1371111657-00&ServiceCd=510&action_kouhyou_detail_024_kihon=true
107,介護老人福祉施設 ケアホーム千鳥,特別養護老人ホーム,1371111913-00,510,3,84,224,2026-08-31,3/84人,2026-09-21T04:10:49+09:00,200,200,ok,,https://www.kaigokensaku.mhlw.go.jp/13/index.php?JigyosyoCd=1371111913-00&ServiceCd=510&action_kouhyou_detail_feature_index=true,https://www.kaigokensaku.mhlw.go.jp/13/index.php?JigyosyoCd=1371111913-00&ServiceCd=510&action_kouhyou_detail_024_kihon=true
108,誠心園,特別養護老人ホーム,1371112721-00,510,0,75,100,2026-09-01,0/75人,2026-09-21T04:10:52+09:00,200,200,ok,,https://www.kaigokensaku.mhlw.go.jp/13/index.php?JigyosyoCd=1371112721-00&ServiceCd=510&action_kouhyou_detail_feature_index=true,https://www.kaigokensaku.mhlw.go.jp/13/index.php?JigyosyoCd=1371112721-00&ServiceCd=510&action_kouhyou_detail_024_kihon=true
109,大田区立特別養護老人ホーム糀谷,特別養護老人ホーム,,,,,,,,2026-09-21T04:10:54+09:00,,,skipped_no_official_url,,,
110,寿満ホームかみきたざわ,特別養護老人ホーム,1391201082-00,540,0,0,,2022-07-21,0/0人,2026-09-21T04:10:54+09:00,200,200,ok_partial_public_value,,https://www.kaigokensaku.mhlw.go.jp/13/index.php?JigyosyoCd=1391201082-00&ServiceCd=540&action_kouhyou_detail_feature_index=true,https://www.kaigokensaku.mhlw.go.jp/13/index.php?JigyosyoCd=1391201082-00&ServiceCd=540&action_kouhyou_detail_024_kihon=true
111,フレンズホーム,特別養護老人ホーム,1371200633-00,510,1,65,30,2026-01-27,1/65人,2026-09-21T04:10:56+09:00,200,200,ok,,https://www.kaigokensaku.mhlw.go.jp/13/index.php?JigyosyoCd=1371200633-00&ServiceCd=510&action_kouhyou_detail_feature_index=true,https://www.kaigokensaku.mhlw.go.jp/13/index.php?JigyosyoCd=1371200633-00&ServiceCd=510&action_kouhyou_detail_024_kihon=true
112,第2有隣ホーム,特別養護老人ホーム,1371200625-00,510,1,36,154,2026-09-01,1/36人,2026-09-21T04:10:58+09:00,200,200,ok,,https://www.kaigokensaku.mhlw.go.jp/13/index.php?JigyosyoCd=1371200625-00&ServiceCd=510&action_kouhyou_detail_feature_index=true,https://www.kaigokensaku.mhlw.go.jp/13/index.php?JigyosyoCd=1371200625-00&ServiceCd=510&action_kouhyou_detail_024_kihon=true
113,有隣ホーム,特別養護老人ホーム,1371200583-00,510,4,99,120,2025-08-01,4/99人,2026-09-21T04:11:01+09:00,200,200,ok,,https://www.kaigokensaku.mhlw.go.jp/13/index.php?JigyosyoCd=1371200583-00&ServiceCd=510&action_kouhyou_detail_feature_index=true,https://www.kaigokensaku.mhlw.go.jp/13/index.php?JigyosyoCd=1371200583-00&ServiceCd=510&action_kouhyou_detail_024_kihon=true
114,世田谷希望丘ホーム,特別養護老人ホーム,1371215086-00,510,0,110,26,2026-08-26,0/110人,2026-09-21T04:11:03+09:00,200,200,ok,,https://www.kaigokensaku.mhlw.go.jp/13/index.php?JigyosyoCd=1371215086-00&ServiceCd=510&action_kouhyou_detail_feature_index=true,https://www.kaigokensaku.mhlw.go.jp/13/index.php?JigyosyoCd=1371215086-00&ServiceCd=510&action_kouhyou_detail_024_kihon=true
115,久我山園,特別養護老人ホーム,1371200609-00,510,2,72,61,2026-09-18,2/72人,2026-09-21T04:11:05+09:00,200,200,ok,,https://www.kaigokensaku.mhlw.go.jp/13/index.php?JigyosyoCd=1371200609-00&ServiceCd=510&action_kouhyou_detail_feature_index=true,https://www.kaigokensaku.mhlw.go.jp/13/index.php?JigyosyoCd=1371200609-00&ServiceCd=510&action_kouhyou_detail_024_kihon=true
116,千歳敬心苑,特別養護老人ホーム,1371200666-00,510,0,80,70,2025-08-01,0/80人,2026-09-21T04:11:07+09:00,200,200,ok,,https://www.kaigokensaku.mhlw.go.jp/13/index.php?JigyosyoCd=1371200666-00&ServiceCd=510&action_kouhyou_detail_feature_index=true,https://www.kaigokensaku.mhlw.go.jp/13/index.php?JigyosyoCd=1371200666-00&ServiceCd=510&action_kouhyou_detail_024_kihon=true
117,東京敬寿園,特別養護老人ホーム,1371203587-00,510,0,76,70,2025-05-13,0/76人,2026-09-21T04:11:09+09:00,200,200,ok,,https://www.kaigokensaku.mhlw.go.jp/13/index.php?JigyosyoCd=1371203587-00&ServiceCd=510&action_kouhyou_detail_feature_index=true,https://www.kaigokensaku.mhlw.go.jp/13/index.php?JigyosyoCd=1371203587-00&ServiceCd=510&action_kouhyou_detail_024_kihon=true
118,成城アルテンハイム,特別養護老人ホーム,1371200617-00,510,0,0,60,,0/0人,2026-09-21T04:11:11+09:00,200,200,ok,,https://www.kaigokensaku.mhlw.go.jp/13/index.php?JigyosyoCd=1371200617-00&ServiceCd=510&action_kouhyou_detail_feature_index=true,https://www.kaigokensaku.mhlw.go.jp/13/index.php?JigyosyoCd=1371200617-00&ServiceCd=510&action_kouhyou_detail_024_kihon=true
119,喜多見ホーム,特別養護老人ホーム,1371202969-00,510,1,60,67,2026-09-02,1/60人,2026-09-21T04:11:14+09:00,200,200,ok,,https://www.kaigokensaku.mhlw.go.jp/13/index.php?JigyosyoCd=1371202969-00&ServiceCd=510&action_kouhyou_detail_feature_index=true,https://www.kaigokensaku.mhlw.go.jp/13/index.php?JigyosyoCd=1371202969-00&ServiceCd=510&action_kouhyou_detail_024_kihon=true
120,博水の郷,特別養護老人ホーム,1371202878-00,510,0,90,103,2026-09-17,0/90人,2026-09-21T04:11:16+09:00,200,200,ok,,https://www.kaigokensaku.mhlw.go.jp/13/index.php?JigyosyoCd=1371202878-00&ServiceCd=510&action_kouhyou_detail_feature_index=true,https://www.kaigokensaku.mhlw.go.jp/13/index.php?JigyosyoCd=1371202878-00&ServiceCd=510&action_kouhyou_detail_024_kihon=true
121,砧ホーム,特別養護老人ホーム,1371200641-00,510,0,60,53,2026-09-01,0/60人,2026-09-21T04:11:18+09:00,200,200,ok,,https://www.kaigokensaku.mhlw.go.jp/13/index.php?JigyosyoCd=1371200641-00&ServiceCd=510&action_kouhyou_detail_feature_index=true,https://www.kaigokensaku.mhlw.go.jp/13/index.php?JigyosyoCd=1371200641-00&ServiceCd=510&action_kouhyou_detail_024_kihon=true
122,等々力の家,特別養護老人ホーム,1371202217-00,510,0,60,118,2026-08-07,0/60人,2026-09-21T04:11:20+09:00,200,200,ok,,https://www.kaigokensaku.mhlw.go.jp/13/index.php?JigyosyoCd=1371202217-00&ServiceCd=510&action_kouhyou_detail_feature_index=true,https://www.kaigokensaku.mhlw.go.jp/13/index.php?JigyosyoCd=1371202217-00&ServiceCd=510&action_kouhyou_detail_024_kihon=true
123,等々力共愛ホームズ,特別養護老人ホーム,1371204882-00,510,0,52,117,2026-06-15,0/52人,2026-09-21T04:11:22+09:00,200,200,ok,,https://www.kaigokensaku.mhlw.go.jp/13/index.php?JigyosyoCd=1371204882-00&ServiceCd=510&action_kouhyou_detail_feature_index=true,https://www.kaigokensaku.mhlw.go.jp/13/index.php?JigyosyoCd=1371204882-00&ServiceCd=510&action_kouhyou_detail_024_kihon=true
124,フォーライフ桃郷,特別養護老人ホーム,1371205749-00,510,0,60,0,2026-08-25,0/60人,2026-09-21T04:11:25+09:00,200,200,ok,,https://www.kaigokensaku.mhlw.go.jp/13/index.php?JigyosyoCd=1371205749-00&ServiceCd=510&action_kouhyou_detail_feature_index=true,https://www.kaigokensaku.mhlw.go.jp/13/index.php?JigyosyoCd=1371205749-00&ServiceCd=510&action_kouhyou_detail_024_kihon=true
125,せたがや給田乃杜,特別養護老人ホーム,1371208610-00,510,0,0,80,2025-07-19,0/0人,2026-09-21T04:11:27+09:00,200,200,ok,,https://www.kaigokensaku.mhlw.go.jp/13/index.php?JigyosyoCd=1371208610-00&ServiceCd=510&action_kouhyou_detail_feature_index=true,https://www.kaigokensaku.mhlw.go.jp/13/index.php?JigyosyoCd=1371208610-00&ServiceCd=510&action_kouhyou_detail_024_kihon=true
126,エリザベート成城,特別養護老人ホーム,1371212612-00,510,0,100,58,2026-09-03,0/100人,2026-09-21T04:11:29+09:00,200,200,ok,,https://www.kaigokensaku.mhlw.go.jp/13/index.php?JigyosyoCd=1371212612-00&ServiceCd=510&action_kouhyou_detail_feature_index=true,https://www.kaigokensaku.mhlw.go.jp/13/index.php?JigyosyoCd=1371212612-00&ServiceCd=510&action_kouhyou_detail_024_kihon=true
127,深沢共愛ホームズ,特別養護老人ホーム,1371214642-00,510,0,96,150,2026-09-14,0/96人,2026-09-21T04:11:31+09:00,200,200,ok,,https://www.kaigokensaku.mhlw.go.jp/13/index.php?JigyosyoCd=1371214642-00&ServiceCd=510&action_kouhyou_detail_feature_index=true,https://www.kaigokensaku.mhlw.go.jp/13/index.php?JigyosyoCd=1371214642-00&ServiceCd=510&action_kouhyou_detail_024_kihon=true
128,ハートハウス成城,特別養護老人ホーム,1391201017-00,540,,,,,,2026-09-21T04:11:34+09:00,200,200,ok_no_public_value,,https://www.kaigokensaku.mhlw.go.jp/13/index.php?JigyosyoCd=1391201017-00&ServiceCd=540&action_kouhyou_detail_feature_index=true,https://www.kaigokensaku.mhlw.go.jp/13/index.php?JigyosyoCd=1391201017-00&ServiceCd=540&action_kouhyou_detail_024_kihon=true
129,下馬の家,特別養護老人ホーム,1391201132-00,540,0,29,,2022-09-23,0/29人,2026-09-21T04:11:36+09:00,200,200,ok_partial_public_value,,https://www.kaigokensaku.mhlw.go.jp/13/index.php?JigyosyoCd=1391201132-00&ServiceCd=540&action_kouhyou_detail_feature_index=true,https://www.kaigokensaku.mhlw.go.jp/13/index.php?JigyosyoCd=1391201132-00&ServiceCd=540&action_kouhyou_detail_024_kihon=true
130,ラ・ストーリア馬事公苑,特別養護老人ホーム,1371215565-00,510,0,58,72,2026-07-12,0/58人,2026-09-21T04:11:38+09:00,200,200,ok,,https://www.kaigokensaku.mhlw.go.jp/13/index.php?JigyosyoCd=1371215565-00&ServiceCd=510&action_kouhyou_detail_feature_index=true,https://www.kaigokensaku.mhlw.go.jp/13/index.php?JigyosyoCd=1371215565-00&ServiceCd=510&action_kouhyou_detail_024_kihon=true
131,ときわぎ世田谷,特別養護老人ホーム,1371215730-00,510,3,90,116,2026-09-14,3/90人,2026-09-21T04:11:40+09:00,200,200,ok,,https://www.kaigokensaku.mhlw.go.jp/13/index.php?JigyosyoCd=1371215730-00&ServiceCd=510&action_kouhyou_detail_feature_index=true,https://www.kaigokensaku.mhlw.go.jp/13/index.php?JigyosyoCd=1371215730-00&ServiceCd=510&action_kouhyou_detail_024_kihon=true
132,介護老人福祉施設 ラぺ二子玉川,特別養護老人ホーム,1371215755-00,510,0,0,90,2025-07-26,0/0人,2026-09-21T04:11:43+09:00,200,200,ok,,https://www.kaigokensaku.mhlw.go.jp/13/index.php?JigyosyoCd=1371215755-00&ServiceCd=510&action_kouhyou_detail_feature_index=true,https://www.kaigokensaku.mhlw.go.jp/13/index.php?JigyosyoCd=1371215755-00&ServiceCd=510&action_kouhyou_detail_024_kihon=true
133,さくらほうむ,特別養護老人ホーム,1371215870-00,510,3,58,22,2026-09-20,3/58人,2026-09-21T04:11:45+09:00,200,200,ok,,https://www.kaigokensaku.mhlw.go.jp/13/index.php?JigyosyoCd=1371215870-00&ServiceCd=510&action_kouhyou_detail_feature_index=true,https://www.kaigokensaku.mhlw.go.jp/13/index.php?JigyosyoCd=1371215870-00&ServiceCd=510&action_kouhyou_detail_024_kihon=true
134,上北沢ホーム,特別養護老人ホーム,1371216340-00,510,10,104,174,2026-06-12,10/104人,2026-09-21T04:11:47+09:00,200,200,ok,,https://www.kaigokensaku.mhlw.go.jp/13/index.php?JigyosyoCd=1371216340-00&ServiceCd=510&action_kouhyou_detail_feature_index=true,https://www.kaigokensaku.mhlw.go.jp/13/index.php?JigyosyoCd=1371216340-00&ServiceCd=510&action_kouhyou_detail_024_kihon=true
135,芦花ホーム,特別養護老人ホーム,1371216332-00,510,3,107,217,2026-08-12,3/107人,2026-09-21T04:11:49+09:00,200,200,ok,,https://www.kaigokensaku.mhlw.go.jp/13/index.php?JigyosyoCd=1371216332-00&ServiceCd=510&action_kouhyou_detail_feature_index=true,https://www.kaigokensaku.mhlw.go.jp/13/index.php?JigyosyoCd=1371216332-00&ServiceCd=510&action_kouhyou_detail_024_kihon=true
136,介護老人福祉施設きたざわ苑,特別養護老人ホーム,1371216365-00,510,0,0,130,,0/0人,2026-09-21T04:11:51+09:00,200,200,ok,,https://www.kaigokensaku.mhlw.go.jp/13/index.php?JigyosyoCd=1371216365-00&ServiceCd=510&action_kouhyou_detail_feature_index=true,https://www.kaigokensaku.mhlw.go.jp/13/index.php?JigyosyoCd=1371216365-00&ServiceCd=510&action_kouhyou_detail_024_kihon=true
137,ハートフル若林,特別養護老人ホーム,1391201611-00,540,,29,,,,2026-09-21T04:11:54+09:00,200,200,ok_no_public_value,,https://www.kaigokensaku.mhlw.go.jp/13/index.php?JigyosyoCd=1391201611-00&ServiceCd=540&action_kouhyou_detail_feature_index=true,https://www.kaigokensaku.mhlw.go.jp/13/index.php?JigyosyoCd=1391201611-00&ServiceCd=540&action_kouhyou_detail_024_kihon=true
138,弦巻の家,特別養護老人ホーム,1371217041-00,510,0,108,262,2024-11-07,0/108人,2026-09-21T04:11:56+09:00,200,200,ok,,https://www.kaigokensaku.mhlw.go.jp/13/index.php?JigyosyoCd=1371217041-00&ServiceCd=510&action_kouhyou_detail_feature_index=true,https://www.kaigokensaku.mhlw.go.jp/13/index.php?JigyosyoCd=1371217041-00&ServiceCd=510&action_kouhyou_detail_024_kihon=true
139,特別養護老人ホーム代田の家,特別養護老人ホーム,1391201785-00,540,,29,,,,2026-09-21T04:11:58+09:00,200,200,ok_no_public_value,,https://www.kaigokensaku.mhlw.go.jp/13/index.php?JigyosyoCd=1391201785-00&ServiceCd=540&action_kouhyou_detail_feature_index=true,https://www.kaigokensaku.mhlw.go.jp/13/index.php?JigyosyoCd=1391201785-00&ServiceCd=540&action_kouhyou_detail_024_kihon=true
140,特別養護老人ホーム上用賀の家,特別養護老人ホーム,,,,,,,,2026-09-21T04:12:00+09:00,,,skipped_no_official_url,,,
141,渋谷区あやめの苑・代々木,特別養護老人ホーム,1371300235-00,510,0,0,180,2022-07-20,0/0人,2026-09-21T04:12:00+09:00,200,200,ok,,https://www.kaigokensaku.mhlw.go.jp/13/index.php?JigyosyoCd=1371300235-00&ServiceCd=510&action_kouhyou_detail_feature_index=true,https://www.kaigokensaku.mhlw.go.jp/13/index.php?JigyosyoCd=1371300235-00&ServiceCd=510&action_kouhyou_detail_024_kihon=true
142,渋谷区立けやきの苑・西原,特別養護老人ホーム,1371300227-00,510,0,120,0,2016-08-17,0/120人,2026-09-21T04:12:03+09:00,200,200,ok,,https://www.kaigokensaku.mhlw.go.jp/13/index.php?JigyosyoCd=1371300227-00&ServiceCd=510&action_kouhyou_detail_feature_index=true,https://www.kaigokensaku.mhlw.go.jp/13/index.php?JigyosyoCd=1371300227-00&ServiceCd=510&action_kouhyou_detail_024_kihon=true
143,パール代官山,特別養護老人ホーム,1371300250-00,510,0,50,80,2026-09-19,0/50人,2026-09-21T04:12:05+09:00,200,200,ok,,https://www.kaigokensaku.mhlw.go.jp/13/index.php?JigyosyoCd=1371300250-00&ServiceCd=510&action_kouhyou_detail_feature_index=true,https://www.kaigokensaku.mhlw.go.jp/13/index.php?JigyosyoCd=1371300250-00&ServiceCd=510&action_kouhyou_detail_024_kihon=true
144,渋谷区美竹の丘・しぶや,特別養護老人ホーム,1371301688-00,510,0,0,0,,0/0人,2026-09-21T04:12:07+09:00,200,200,ok,,https://www.kaigokensaku.mhlw.go.jp/13/index.php?JigyosyoCd=1371301688-00&ServiceCd=510&action_kouhyou_detail_feature_index=true,https://www.kaigokensaku.mhlw.go.jp/13/index.php?JigyosyoCd=1371301688-00&ServiceCd=510&action_kouhyou_detail_024_kihon=true
145,つるとかめ,特別養護老人ホーム,1371300243-00,510,1,50,50,2026-07-06,1/50人,2026-09-21T04:12:09+09:00,200,200,ok,,https://www.kaigokensaku.mhlw.go.jp/13/index.php?JigyosyoCd=1371300243-00&ServiceCd=510&action_kouhyou_detail_feature_index=true,https://www.kaigokensaku.mhlw.go.jp/13/index.php?JigyosyoCd=1371300243-00&ServiceCd=510&action_kouhyou_detail_024_kihon=true
146,日本赤十字社総合福祉センター 特別養護老人ホームレクロス広尾,特別養護老人ホーム,1371302736-00,510,2,110,100,2026-09-01,2/110人,2026-09-21T04:12:11+09:00,200,200,ok,,https://www.kaigokensaku.mhlw.go.jp/13/index.php?JigyosyoCd=1371302736-00&ServiceCd=510&action_kouhyou_detail_feature_index=true,https://www.kaigokensaku.mhlw.go.jp/13/index.php?JigyosyoCd=1371302736-00&ServiceCd=510&action_kouhyou_detail_024_kihon=true
147,杜の風・上原 特別養護老人ホーム正吉苑,特別養護老人ホーム,1371302892-00,510,0,0,157,2024-12-19,0/0人,2026-09-21T04:12:14+09:00,200,200,ok,,https://www.kaigokensaku.mhlw.go.jp/13/index.php?JigyosyoCd=1371302892-00&ServiceCd=510&action_kouhyou_detail_feature_index=true,https://www.kaigokensaku.mhlw.go.jp/13/index.php?JigyosyoCd=1371302892-00&ServiceCd=510&action_kouhyou_detail_024_kihon=true
148,渋谷区総合ケアコミュニティ・せせらぎ,特別養護老人ホーム,1391300181-00,540,1,24,,2026-09-19,1/24人,2026-09-21T04:12:16+09:00,200,200,ok_partial_public_value,,https://www.kaigokensaku.mhlw.go.jp/13/index.php?JigyosyoCd=1391300181-00&ServiceCd=540&action_kouhyou_detail_feature_index=true,https://www.kaigokensaku.mhlw.go.jp/13/index.php?JigyosyoCd=1391300181-00&ServiceCd=540&action_kouhyou_detail_024_kihon=true
149,渋谷区つばめの里・本町東,特別養護老人ホーム,1371303569-00,510,0,0,30,2024-03-05,0/0人,2026-09-21T04:12:18+09:00,200,200,ok,,https://www.kaigokensaku.mhlw.go.jp/13/index.php?JigyosyoCd=1371303569-00&ServiceCd=510&action_kouhyou_detail_feature_index=true,https://www.kaigokensaku.mhlw.go.jp/13/index.php?JigyosyoCd=1371303569-00&ServiceCd=510&action_kouhyou_detail_024_kihon=true
150,渋谷区かんなみの杜・渋谷,特別養護老人ホーム,1371303817-00,510,,84,0,,,2026-09-21T04:12:20+09:00,200,200,ok_partial_public_value,,https://www.kaigokensaku.mhlw.go.jp/13/index.php?JigyosyoCd=1371303817-00&ServiceCd=510&action_kouhyou_detail_feature_index=true,https://www.kaigokensaku.mhlw.go.jp/13/index.php?JigyosyoCd=1371303817-00&ServiceCd=510&action_kouhyou_detail_024_kihon=true
151,小淀ホーム,特別養護老人ホーム,1371401561-00,510,0,73,540,2025-08-04,0/73人,2026-09-21T04:12:24+09:00,200,200,ok,,https://www.kaigokensaku.mhlw.go.jp/13/index.php?JigyosyoCd=1371401561-00&ServiceCd=510&action_kouhyou_detail_feature_index=true,https://www.kaigokensaku.mhlw.go.jp/13/index.php?JigyosyoCd=1371401561-00&ServiceCd=510&action_kouhyou_detail_024_kihon=true
152,しらさぎホーム,特別養護老人ホーム,1371401546-00,510,3,82,581,2024-09-15,3/82人,2026-09-21T04:12:29+09:00,200,200,ok,,https://www.kaigokensaku.mhlw.go.jp/13/index.php?JigyosyoCd=1371401546-00&ServiceCd=510&action_kouhyou_detail_feature_index=true,https://www.kaigokensaku.mhlw.go.jp/13/index.php?JigyosyoCd=1371401546-00&ServiceCd=510&action_kouhyou_detail_024_kihon=true
153,弥生ホーム,特別養護老人ホーム,1371401066-00,510,0,30,,2026-08-21,0/30人,2026-09-21T04:12:31+09:00,200,200,ok_partial_public_value,,https://www.kaigokensaku.mhlw.go.jp/13/index.php?JigyosyoCd=1371401066-00&ServiceCd=510&action_kouhyou_detail_feature_index=true,https://www.kaigokensaku.mhlw.go.jp/13/index.php?JigyosyoCd=1371401066-00&ServiceCd=510&action_kouhyou_detail_024_kihon=true
154,ベタニアホーム,特別養護老人ホーム,1371400308-00,510,19,84,250,2026-08-19,19/84人,2026-09-21T04:12:33+09:00,200,200,ok,,https://www.kaigokensaku.mhlw.go.jp/13/index.php?JigyosyoCd=1371400308-00&ServiceCd=510&action_kouhyou_detail_feature_index=true,https://www.kaigokensaku.mhlw.go.jp/13/index.php?JigyosyoCd=1371400308-00&ServiceCd=510&action_kouhyou_detail_024_kihon=true
155,浄風園,特別養護老人ホーム,1371400316-00,510,0,0,250,2022-08-18,0/0人,2026-09-21T04:12:35+09:00,200,200,ok,,https://www.kaigokensaku.mhlw.go.jp/13/index.php?JigyosyoCd=1371400316-00&ServiceCd=510&action_kouhyou_detail_feature_index=true,https://www.kaigokensaku.mhlw.go.jp/13/index.php?JigyosyoCd=1371400316-00&ServiceCd=510&action_kouhyou_detail_024_kihon=true
156,中野友愛ホーム,特別養護老人ホーム,1371400282-00,510,0,127,157,2026-02-09,0/127人,2026-09-21T04:12:38+09:00,200,200,ok,,https://www.kaigokensaku.mhlw.go.jp/13/index.php?JigyosyoCd=1371400282-00&ServiceCd=510&action_kouhyou_detail_feature_index=true,https://www.kaigokensaku.mhlw.go.jp/13/index.php?JigyosyoCd=1371400282-00&ServiceCd=510&action_kouhyou_detail_024_kihon=true
157,かみさぎ特別養護老人ホーム,特別養護老人ホーム,1371400290-00,510,0,0,714,2022-07-22,0/0人,2026-09-21T04:12:40+09:00,200,200,ok,,https://www.kaigokensaku.mhlw.go.jp/13/index.php?JigyosyoCd=1371400290-00&ServiceCd=510&action_kouhyou_detail_feature_index=true,https://www.kaigokensaku.mhlw.go.jp/13/index.php?JigyosyoCd=1371400290-00&ServiceCd=510&action_kouhyou_detail_024_kihon=true
158,江古田の森,特別養護老人ホーム,1371402874-00,510,0,100,482,2025-08-04,0/100人,2026-09-21T04:12:42+09:00,200,200,ok,,https://www.kaigokensaku.mhlw.go.jp/13/index.php?JigyosyoCd=1371402874-00&ServiceCd=510&action_kouhyou_detail_feature_index=true,https://www.kaigokensaku.mhlw.go.jp/13/index.php?JigyosyoCd=1371402874-00&ServiceCd=510&action_kouhyou_detail_024_kihon=true
159,おたきほうむ,特別養護老人ホーム,1371404243-00,510,2,50,225,2026-09-01,2/50人,2026-09-21T04:12:44+09:00,200,200,ok,,https://www.kaigokensaku.mhlw.go.jp/13/index.php?JigyosyoCd=1371404243-00&ServiceCd=510&action_kouhyou_detail_feature_index=true,https://www.kaigokensaku.mhlw.go.jp/13/index.php?JigyosyoCd=1371404243-00&ServiceCd=510&action_kouhyou_detail_024_kihon=true
160,ハピネスホーム・ひなぎくの丘,特別養護老人ホーム,1371405307-00,510,1,68,346,2026-09-01,1/68人,2026-09-21T04:12:46+09:00,200,200,ok,,https://www.kaigokensaku.mhlw.go.jp/13/index.php?JigyosyoCd=1371405307-00&ServiceCd=510&action_kouhyou_detail_feature_index=true,https://www.kaigokensaku.mhlw.go.jp/13/index.php?JigyosyoCd=1371405307-00&ServiceCd=510&action_kouhyou_detail_024_kihon=true
161,中野すみれ園,特別養護老人ホーム,1371405836-00,510,25,84,0,2024-10-30,25/84人,2026-09-21T04:12:48+09:00,200,200,ok,,https://www.kaigokensaku.mhlw.go.jp/13/index.php?JigyosyoCd=1371405836-00&ServiceCd=510&action_kouhyou_detail_feature_index=true,https://www.kaigokensaku.mhlw.go.jp/13/index.php?JigyosyoCd=1371405836-00&ServiceCd=510&action_kouhyou_detail_024_kihon=true
162,東京令和館 中野,特別養護老人ホーム,1371405976-00,510,0,0,343,2024-11-21,0/0人,2026-09-21T04:12:51+09:00,200,200,ok,,https://www.kaigokensaku.mhlw.go.jp/13/index.php?JigyosyoCd=1371405976-00&ServiceCd=510&action_kouhyou_detail_feature_index=true,https://www.kaigokensaku.mhlw.go.jp/13/index.php?JigyosyoCd=1371405976-00&ServiceCd=510&action_kouhyou_detail_024_kihon=true
163,上井草園,特別養護老人ホーム,1371503036-00,510,0,75,125,2025-08-01,0/75人,2026-09-21T04:12:53+09:00,200,200,ok,,https://www.kaigokensaku.mhlw.go.jp/13/index.php?JigyosyoCd=1371503036-00&ServiceCd=510&action_kouhyou_detail_feature_index=true,https://www.kaigokensaku.mhlw.go.jp/13/index.php?JigyosyoCd=1371503036-00&ServiceCd=510&action_kouhyou_detail_024_kihon=true
164,さんじゅ阿佐谷,特別養護老人ホーム,1371500248-00,510,0,45,108,2026-09-17,0/45人,2026-09-21T04:12:55+09:00,200,200,ok,,https://www.kaigokensaku.mhlw.go.jp/13/index.php?JigyosyoCd=1371500248-00&ServiceCd=510&action_kouhyou_detail_feature_index=true,https://www.kaigokensaku.mhlw.go.jp/13/index.php?JigyosyoCd=1371500248-00&ServiceCd=510&action_kouhyou_detail_024_kihon=true
165,和田堀ホーム,特別養護老人ホーム,1371500958-00,510,0,0,0,2024-11-12,0/0人,2026-09-21T04:12:57+09:00,200,200,ok,,https://www.kaigokensaku.mhlw.go.jp/13/index.php?JigyosyoCd=1371500958-00&ServiceCd=510&action_kouhyou_detail_feature_index=true,https://www.kaigokensaku.mhlw.go.jp/13/index.php?JigyosyoCd=1371500958-00&ServiceCd=510&action_kouhyou_detail_024_kihon=true
166,沓掛ホーム,特別養護老人ホーム,1371508514-00,510,0,60,97,2025-07-31,0/60人,2026-09-21T04:12:59+09:00,200,200,ok,,https://www.kaigokensaku.mhlw.go.jp/13/index.php?JigyosyoCd=1371508514-00&ServiceCd=510&action_kouhyou_detail_feature_index=true,https://www.kaigokensaku.mhlw.go.jp/13/index.php?JigyosyoCd=1371508514-00&ServiceCd=510&action_kouhyou_detail_024_kihon=true
167,すぎなみ正吉苑,特別養護老人ホーム,1371503028-00,510,0,60,93,2025-08-04,0/60人,2026-09-21T04:13:02+09:00,200,200,ok,,https://www.kaigokensaku.mhlw.go.jp/13/index.php?JigyosyoCd=1371503028-00&ServiceCd=510&action_kouhyou_detail_feature_index=true,https://www.kaigokensaku.mhlw.go.jp/13/index.php?JigyosyoCd=1371503028-00&ServiceCd=510&action_kouhyou_detail_024_kihon=true
168,第三南陽園,特別養護老人ホーム,1371501766-00,510,2,207,249,2026-09-09,2/207人,2026-09-21T04:13:04+09:00,200,200,ok,,https://www.kaigokensaku.mhlw.go.jp/13/index.php?JigyosyoCd=1371501766-00&ServiceCd=510&action_kouhyou_detail_feature_index=true,https://www.kaigokensaku.mhlw.go.jp/13/index.php?JigyosyoCd=1371501766-00&ServiceCd=510&action_kouhyou_detail_024_kihon=true
169,さんじゅ久我山,特別養護老人ホーム,1371502335-00,510,1,50,92,2026-08-05,1/50人,2026-09-21T04:13:06+09:00,200,200,ok,,https://www.kaigokensaku.mhlw.go.jp/13/index.php?JigyosyoCd=1371502335-00&ServiceCd=510&action_kouhyou_detail_feature_index=true,https://www.kaigokensaku.mhlw.go.jp/13/index.php?JigyosyoCd=1371502335-00&ServiceCd=510&action_kouhyou_detail_024_kihon=true
170,南陽園,特別養護老人ホーム,1371500222-00,510,12,242,258,2026-09-18,12/242人,2026-09-21T04:13:08+09:00,200,200,ok,,https://www.kaigokensaku.mhlw.go.jp/13/index.php?JigyosyoCd=1371500222-00&ServiceCd=510&action_kouhyou_detail_feature_index=true,https://www.kaigokensaku.mhlw.go.jp/13/index.php?JigyosyoCd=1371500222-00&ServiceCd=510&action_kouhyou_detail_024_kihon=true
171,第二南陽園,特別養護老人ホーム,1371500230-00,510,4,150,254,2026-09-01,4/150人,2026-09-21T04:13:10+09:00,200,200,ok,,https://www.kaigokensaku.mhlw.go.jp/13/index.php?JigyosyoCd=1371500230-00&ServiceCd=510&action_kouhyou_detail_feature_index=true,https://www.kaigokensaku.mhlw.go.jp/13/index.php?JigyosyoCd=1371500230-00&ServiceCd=510&action_kouhyou_detail_024_kihon=true
172,サンフレンズ善福寺,特別養護老人ホーム,1371504976-00,510,2,36,1,2026-08-19,2/36人,2026-09-21T04:13:13+09:00,200,200,ok,,https://www.kaigokensaku.mhlw.go.jp/13/index.php?JigyosyoCd=1371504976-00&ServiceCd=510&action_kouhyou_detail_feature_index=true,https://www.kaigokensaku.mhlw.go.jp/13/index.php?JigyosyoCd=1371504976-00&ServiceCd=510&action_kouhyou_detail_024_kihon=true
173,マイルドハート高円寺,特別養護老人ホーム,1371505650-00,510,0,181,50,2023-08-29,0/181人,2026-09-21T04:13:15+09:00,200,200,ok,,https://www.kaigokensaku.mhlw.go.jp/13/index.php?JigyosyoCd=1371505650-00&ServiceCd=510&action_kouhyou_detail_feature_index=true,https://www.kaigokensaku.mhlw.go.jp/13/index.php?JigyosyoCd=1371505650-00&ServiceCd=510&action_kouhyou_detail_024_kihon=true
174,救世軍恵みの家,特別養護老人ホーム,1371507813-00,510,1,70,85,2025-08-04,1/70人,2026-09-21T04:13:17+09:00,200,200,ok,,https://www.kaigokensaku.mhlw.go.jp/13/index.php?JigyosyoCd=1371507813-00&ServiceCd=510&action_kouhyou_detail_feature_index=true,https://www.kaigokensaku.mhlw.go.jp/13/index.php?JigyosyoCd=1371507813-00&ServiceCd=510&action_kouhyou_detail_024_kihon=true
175,和泉サナホーム,特別養護老人ホーム,1371508266-00,510,0,60,49,2026-08-29,0/60人,2026-09-21T04:13:19+09:00,200,200,ok,,https://www.kaigokensaku.mhlw.go.jp/13/index.php?JigyosyoCd=1371508266-00&ServiceCd=510&action_kouhyou_detail_feature_index=true,https://www.kaigokensaku.mhlw.go.jp/13/index.php?JigyosyoCd=1371508266-00&ServiceCd=510&action_kouhyou_detail_024_kihon=true
176,愛敬苑,特別養護老人ホーム,1371508340-00,510,5,50,6,2025-08-11,5/50人,2026-09-21T04:13:22+09:00,200,200,ok,,https://www.kaigokensaku.mhlw.go.jp/13/index.php?JigyosyoCd=1371508340-00&ServiceCd=510&action_kouhyou_detail_feature_index=true,https://www.kaigokensaku.mhlw.go.jp/13/index.php?JigyosyoCd=1371508340-00&ServiceCd=510&action_kouhyou_detail_024_kihon=true
177,おぎくぼ紫苑,特別養護老人ホーム,1371509397-00,510,2,90,57,2026-09-01,2/90人,2026-09-21T04:13:24+09:00,200,200,ok,,https://www.kaigokensaku.mhlw.go.jp/13/index.php?JigyosyoCd=1371509397-00&ServiceCd=510&action_kouhyou_detail_feature_index=true,https://www.kaigokensaku.mhlw.go.jp/13/index.php?JigyosyoCd=1371509397-00&ServiceCd=510&action_kouhyou_detail_024_kihon=true
178,永福南社会福祉ガーデン,特別養護老人ホーム,1371509835-00,510,1,70,22,2025-07-22,1/70人,2026-09-21T04:13:26+09:00,200,200,ok,,https://www.kaigokensaku.mhlw.go.jp/13/index.php?JigyosyoCd=1371509835-00&ServiceCd=510&action_kouhyou_detail_feature_index=true,https://www.kaigokensaku.mhlw.go.jp/13/index.php?JigyosyoCd=1371509835-00&ServiceCd=510&action_kouhyou_detail_024_kihon=true
179,新泉サナホーム,特別養護老人ホーム,1371510098-00,510,1,72,30,2026-09-05,1/72人,2026-09-21T04:13:28+09:00,200,200,ok,,https://www.kaigokensaku.mhlw.go.jp/13/index.php?JigyosyoCd=1371510098-00&ServiceCd=510&action_kouhyou_detail_feature_index=true,https://www.kaigokensaku.mhlw.go.jp/13/index.php?JigyosyoCd=1371510098-00&ServiceCd=510&action_kouhyou_detail_024_kihon=true
180,かえで園,特別養護老人ホーム,1371510171-00,510,5,78,25,2026-09-01,5/78人,2026-09-21T04:13:30+09:00,200,200,ok,,https://www.kaigokensaku.mhlw.go.jp/13/index.php?JigyosyoCd=1371510171-00&ServiceCd=510&action_kouhyou_detail_feature_index=true,https://www.kaigokensaku.mhlw.go.jp/13/index.php?JigyosyoCd=1371510171-00&ServiceCd=510&action_kouhyou_detail_024_kihon=true
181,リバービレッジ杉並,特別養護老人ホーム,1371510262-00,510,1,60,42,2026-09-01,1/60人,2026-09-21T04:13:33+09:00,200,200,ok,,https://www.kaigokensaku.mhlw.go.jp/13/index.php?JigyosyoCd=1371510262-00&ServiceCd=510&action_kouhyou_detail_feature_index=true,https://www.kaigokensaku.mhlw.go.jp/13/index.php?JigyosyoCd=1371510262-00&ServiceCd=510&action_kouhyou_detail_024_kihon=true
182,山河,特別養護老人ホーム,1371510411-00,510,4,144,80,2026-09-14,4/144人,2026-09-21T04:13:35+09:00,200,200,ok,,https://www.kaigokensaku.mhlw.go.jp/13/index.php?JigyosyoCd=1371510411-00&ServiceCd=510&action_kouhyou_detail_feature_index=true,https://www.kaigokensaku.mhlw.go.jp/13/index.php?JigyosyoCd=1371510411-00&ServiceCd=510&action_kouhyou_detail_024_kihon=true
183,地域密着型特別養護老人ホームハートフル成田東,特別養護老人ホーム,1391501143-00,540,,29,,,,2026-09-21T04:13:37+09:00,200,200,ok_no_public_value,,https://www.kaigokensaku.mhlw.go.jp/13/index.php?JigyosyoCd=1391501143-00&ServiceCd=540&action_kouhyou_detail_feature_index=true,https://www.kaigokensaku.mhlw.go.jp/13/index.php?JigyosyoCd=1391501143-00&ServiceCd=540&action_kouhyou_detail_024_kihon=true
184,プライムガーデンズ高円寺,特別養護老人ホーム,1371510668-00,510,,84,43,,,2026-09-21T04:13:39+09:00,200,200,ok_partial_public_value,,https://www.kaigokensaku.mhlw.go.jp/13/index.php?JigyosyoCd=1371510668-00&ServiceCd=510&action_kouhyou_detail_feature_index=true,https://www.kaigokensaku.mhlw.go.jp/13/index.php?JigyosyoCd=1371510668-00&ServiceCd=510&action_kouhyou_detail_024_kihon=true
185,フェニックス杉並,特別養護老人ホーム,1371510825-00,510,0,0,40,2025-09-04,0/0人,2026-09-21T04:13:41+09:00,200,200,ok,,https://www.kaigokensaku.mhlw.go.jp/13/index.php?JigyosyoCd=1371510825-00&ServiceCd=510&action_kouhyou_detail_feature_index=true,https://www.kaigokensaku.mhlw.go.jp/13/index.php?JigyosyoCd=1371510825-00&ServiceCd=510&action_kouhyou_detail_024_kihon=true
186,菊かおる園,特別養護老人ホーム,1371602457-00,510,0,90,299,2021-10-27,0/90人,2026-09-21T04:13:43+09:00,200,200,ok,,https://www.kaigokensaku.mhlw.go.jp/13/index.php?JigyosyoCd=1371602457-00&ServiceCd=510&action_kouhyou_detail_feature_index=true,https://www.kaigokensaku.mhlw.go.jp/13/index.php?JigyosyoCd=1371602457-00&ServiceCd=510&action_kouhyou_detail_024_kihon=true
187,シオンとしま,特別養護老人ホーム,1371602077-00,510,6,64,0,2025-11-29,6/64人,2026-09-21T04:13:46+09:00,200,200,ok,,https://www.kaigokensaku.mhlw.go.jp/13/index.php?JigyosyoCd=1371602077-00&ServiceCd=510&action_kouhyou_detail_feature_index=true,https://www.kaigokensaku.mhlw.go.jp/13/index.php?JigyosyoCd=1371602077-00&ServiceCd=510&action_kouhyou_detail_024_kihon=true
188,池袋ほんちょうの郷,特別養護老人ホーム,1371600279-00,510,2,60,139,2026-09-02,2/60人,2026-09-21T04:13:48+09:00,200,200,ok,,https://www.kaigokensaku.mhlw.go.jp/13/index.php?JigyosyoCd=1371600279-00&ServiceCd=510&action_kouhyou_detail_feature_index=true,https://www.kaigokensaku.mhlw.go.jp/13/index.php?JigyosyoCd=1371600279-00&ServiceCd=510&action_kouhyou_detail_024_kihon=true
189,池袋敬心苑,特別養護老人ホーム,1371602556-00,510,80,82,202,2026-08-20,80/82人,2026-09-21T04:13:50+09:00,200,200,ok,,https://www.kaigokensaku.mhlw.go.jp/13/index.php?JigyosyoCd=1371602556-00&ServiceCd=510&action_kouhyou_detail_feature_index=true,https://www.kaigokensaku.mhlw.go.jp/13/index.php?JigyosyoCd=1371602556-00&ServiceCd=510&action_kouhyou_detail_024_kihon=true
190,山吹の里,特別養護老人ホーム,1371602564-00,510,0,86,130,2026-04-20,0/86人,2026-09-21T04:13:52+09:00,200,200,ok,,https://www.kaigokensaku.mhlw.go.jp/13/index.php?JigyosyoCd=1371602564-00&ServiceCd=510&action_kouhyou_detail_feature_index=true,https://www.kaigokensaku.mhlw.go.jp/13/index.php?JigyosyoCd=1371602564-00&ServiceCd=510&action_kouhyou_detail_024_kihon=true
191,ゆたか苑,特別養護老人ホーム,1371600303-00,510,2,50,173,2026-08-04,2/50人,2026-09-21T04:13:54+09:00,200,200,ok,,https://www.kaigokensaku.mhlw.go.jp/13/index.php?JigyosyoCd=1371600303-00&ServiceCd=510&action_kouhyou_detail_feature_index=true,https://www.kaigokensaku.mhlw.go.jp/13/index.php?JigyosyoCd=1371600303-00&ServiceCd=510&action_kouhyou_detail_024_kihon=true
192,アトリエ村,特別養護老人ホーム,1371602523-00,510,0,80,275,2024-11-08,0/80人,2026-09-21T04:13:57+09:00,200,200,ok,,https://www.kaigokensaku.mhlw.go.jp/13/index.php?JigyosyoCd=1371602523-00&ServiceCd=510&action_kouhyou_detail_feature_index=true,https://www.kaigokensaku.mhlw.go.jp/13/index.php?JigyosyoCd=1371602523-00&ServiceCd=510&action_kouhyou_detail_024_kihon=true
193,風かおる里,特別養護老人ホーム,1371602549-00,510,0,0,238,2017-07-25,0/0人,2026-09-21T04:13:59+09:00,200,200,ok,,https://www.kaigokensaku.mhlw.go.jp/13/index.php?JigyosyoCd=1371602549-00&ServiceCd=510&action_kouhyou_detail_feature_index=true,https://www.kaigokensaku.mhlw.go.jp/13/index.php?JigyosyoCd=1371602549-00&ServiceCd=510&action_kouhyou_detail_024_kihon=true
194,千川の杜,特別養護老人ホーム,1371605054-00,510,2,108,136,2026-07-23,2/108人,2026-09-21T04:14:01+09:00,200,200,ok,,https://www.kaigokensaku.mhlw.go.jp/13/index.php?JigyosyoCd=1371605054-00&ServiceCd=510&action_kouhyou_detail_feature_index=true,https://www.kaigokensaku.mhlw.go.jp/13/index.php?JigyosyoCd=1371605054-00&ServiceCd=510&action_kouhyou_detail_024_kihon=true
195,東池袋桑の実園,特別養護老人ホーム,1371605211-00,510,0,86,60,2020-12-08,0/86人,2026-09-21T04:14:03+09:00,200,200,ok,,https://www.kaigokensaku.mhlw.go.jp/13/index.php?JigyosyoCd=1371605211-00&ServiceCd=510&action_kouhyou_detail_feature_index=true,https://www.kaigokensaku.mhlw.go.jp/13/index.php?JigyosyoCd=1371605211-00&ServiceCd=510&action_kouhyou_detail_024_kihon=true
196,北区立特別養護老人ホーム上中里つつじ荘,特別養護老人ホーム,1371705052-00,510,0,0,0,2025-08-04,0/0人,2026-09-21T04:14:06+09:00,200,200,ok,,https://www.kaigokensaku.mhlw.go.jp/13/index.php?JigyosyoCd=1371705052-00&ServiceCd=510&action_kouhyou_detail_feature_index=true,https://www.kaigokensaku.mhlw.go.jp/13/index.php?JigyosyoCd=1371705052-00&ServiceCd=510&action_kouhyou_detail_024_kihon=true
197,北区立特別養護老人ホーム清水坂あじさい荘,特別養護老人ホーム,1371705060-00,510,0,0,150,2017-07-24,0/0人,2026-09-21T04:14:08+09:00,200,200,ok,,https://www.kaigokensaku.mhlw.go.jp/13/index.php?JigyosyoCd=1371705060-00&ServiceCd=510&action_kouhyou_detail_feature_index=true,https://www.kaigokensaku.mhlw.go.jp/13/index.php?JigyosyoCd=1371705060-00&ServiceCd=510&action_kouhyou_detail_024_kihon=true
198,北区立特別養護老人ホーム桐ヶ丘やまぶき荘,特別養護老人ホーム,,,,,,,,2026-09-21T04:14:10+09:00,,,skipped_no_official_url,,,
199,王子光照苑,特別養護老人ホーム,1371700251-00,510,0,50,0,2023-08-27,0/50人,2026-09-21T04:14:10+09:00,200,200,ok,,https://www.kaigokensaku.mhlw.go.jp/13/index.php?JigyosyoCd=1371700251-00&ServiceCd=510&action_kouhyou_detail_feature_index=true,https://www.kaigokensaku.mhlw.go.jp/13/index.php?JigyosyoCd=1371700251-00&ServiceCd=510&action_kouhyou_detail_024_kihon=true
200,みずべの苑,特別養護老人ホーム,1371701408-00,510,0,63,600,2026-09-01,0/63人,2026-09-21T04:14:12+09:00,200,200,ok,,https://www.kaigokensaku.mhlw.go.jp/13/index.php?JigyosyoCd=1371701408-00&ServiceCd=510&action_kouhyou_detail_feature_index=true,https://www.kaigokensaku.mhlw.go.jp/13/index.php?JigyosyoCd=1371701408-00&ServiceCd=510&action_kouhyou_detail_024_kihon=true
201,ウエルガーデン西が丘園,特別養護老人ホーム,1371700285-00,510,2,100,0,2026-09-14,2/100人,2026-09-21T04:14:16+09:00,200,200,ok,,https://www.kaigokensaku.mhlw.go.jp/13/index.php?JigyosyoCd=1371700285-00&ServiceCd=510&action_kouhyou_detail_feature_index=true,https://www.kaigokensaku.mhlw.go.jp/13/index.php?JigyosyoCd=1371700285-00&ServiceCd=510&action_kouhyou_detail_024_kihon=true
202,うきま幸朋苑,特別養護老人ホーム,1371703784-00,510,1,115,660,2026-08-20,1/115人,2026-09-21T04:14:21+09:00,200,200,ok,,https://www.kaigokensaku.mhlw.go.jp/13/index.php?JigyosyoCd=1371703784-00&ServiceCd=510&action_kouhyou_detail_feature_index=true,https://www.kaigokensaku.mhlw.go.jp/13/index.php?JigyosyoCd=1371703784-00&ServiceCd=510&action_kouhyou_detail_024_kihon=true
203,浮間こひつじ園,特別養護老人ホーム,1371706852-00,510,0,0,0,2022-07-17,0/0人,2026-09-21T04:14:23+09:00,200,200,ok,,https://www.kaigokensaku.mhlw.go.jp/13/index.php?JigyosyoCd=1371706852-00&ServiceCd=510&action_kouhyou_detail_feature_index=true,https://www.kaigokensaku.mhlw.go.jp/13/index.php?JigyosyoCd=1371706852-00&ServiceCd=510&action_kouhyou_detail_024_kihon=true
204,飛鳥晴山苑,特別養護老人ホーム,1371704261-00,510,0,156,0,2026-03-20,0/156人,2026-09-21T04:14:25+09:00,200,200,ok,,https://www.kaigokensaku.mhlw.go.jp/13/index.php?JigyosyoCd=1371704261-00&ServiceCd=510&action_kouhyou_detail_feature_index=true,https://www.kaigokensaku.mhlw.go.jp/13/index.php?JigyosyoCd=1371704261-00&ServiceCd=510&action_kouhyou_detail_024_kihon=true
205,新町光陽苑,特別養護老人ホーム,1371705508-00,510,1,66,90,2026-09-20,1/66人,2026-09-21T04:14:27+09:00,200,200,ok,,https://www.kaigokensaku.mhlw.go.jp/13/index.php?JigyosyoCd=1371705508-00&ServiceCd=510&action_kouhyou_detail_feature_index=true,https://www.kaigokensaku.mhlw.go.jp/13/index.php?JigyosyoCd=1371705508-00&ServiceCd=510&action_kouhyou_detail_024_kihon=true
206,赤羽北さくら荘,特別養護老人ホーム,1371706647-00,510,0,0,0,2020-09-15,0/0人,2026-09-21T04:14:30+09:00,200,200,ok,,https://www.kaigokensaku.mhlw.go.jp/13/index.php?JigyosyoCd=1371706647-00&ServiceCd=510&action_kouhyou_detail_feature_index=true,https://www.kaigokensaku.mhlw.go.jp/13/index.php?JigyosyoCd=1371706647-00&ServiceCd=510&action_kouhyou_detail_024_kihon=true
207,花の木ハイム荒川,特別養護老人ホーム,1371802529-00,510,0,50,148,2025-08-01,0/50人,2026-09-21T04:14:32+09:00,200,200,ok,,https://www.kaigokensaku.mhlw.go.jp/13/index.php?JigyosyoCd=1371802529-00&ServiceCd=510&action_kouhyou_detail_feature_index=true,https://www.kaigokensaku.mhlw.go.jp/13/index.php?JigyosyoCd=1371802529-00&ServiceCd=510&action_kouhyou_detail_024_kihon=true
208,グリーンハイム荒川,特別養護老人ホーム,1371802545-00,510,0,100,140,2025-01-06,0/100人,2026-09-21T04:14:34+09:00,200,200,ok,,https://www.kaigokensaku.mhlw.go.jp/13/index.php?JigyosyoCd=1371802545-00&ServiceCd=510&action_kouhyou_detail_feature_index=true,https://www.kaigokensaku.mhlw.go.jp/13/index.php?JigyosyoCd=1371802545-00&ServiceCd=510&action_kouhyou_detail_024_kihon=true
209,サンハイム荒川,特別養護老人ホーム,1371802537-00,510,0,59,180,2024-11-05,0/59人,2026-09-21T04:14:36+09:00,200,200,ok,,https://www.kaigokensaku.mhlw.go.jp/13/index.php?JigyosyoCd=1371802537-00&ServiceCd=510&action_kouhyou_detail_feature_index=true,https://www.kaigokensaku.mhlw.go.jp/13/index.php?JigyosyoCd=1371802537-00&ServiceCd=510&action_kouhyou_detail_024_kihon=true
210,さくら館,特別養護老人ホーム,1371801588-00,510,0,86,186,2022-08-05,0/86人,2026-09-21T04:14:38+09:00,200,200,ok,,https://www.kaigokensaku.mhlw.go.jp/13/index.php?JigyosyoCd=1371801588-00&ServiceCd=510&action_kouhyou_detail_feature_index=true,https://www.kaigokensaku.mhlw.go.jp/13/index.php?JigyosyoCd=1371801588-00&ServiceCd=510&action_kouhyou_detail_024_kihon=true
211,あそか のぞみの郷,特別養護老人ホーム,1371804921-00,510,,64,148,,,2026-09-21T04:14:40+09:00,200,200,ok_partial_public_value,,https://www.kaigokensaku.mhlw.go.jp/13/index.php?JigyosyoCd=1371804921-00&ServiceCd=510&action_kouhyou_detail_feature_index=true,https://www.kaigokensaku.mhlw.go.jp/13/index.php?JigyosyoCd=1371804921-00&ServiceCd=510&action_kouhyou_detail_024_kihon=true
212,癒しの里南千住,特別養護老人ホーム,1391800230-00,540,0,0,,2022-07-21,0/0人,2026-09-21T04:14:43+09:00,200,200,ok_partial_public_value,,https://www.kaigokensaku.mhlw.go.jp/13/index.php?JigyosyoCd=1391800230-00&ServiceCd=540&action_kouhyou_detail_feature_index=true,https://www.kaigokensaku.mhlw.go.jp/13/index.php?JigyosyoCd=1391800230-00&ServiceCd=540&action_kouhyou_detail_024_kihon=true
213,おたけの郷,特別養護老人ホーム,1371803568-00,510,5,140,161,2026-08-25,5/140人,2026-09-21T04:14:45+09:00,200,200,ok,,https://www.kaigokensaku.mhlw.go.jp/13/index.php?JigyosyoCd=1371803568-00&ServiceCd=510&action_kouhyou_detail_feature_index=true,https://www.kaigokensaku.mhlw.go.jp/13/index.php?JigyosyoCd=1371803568-00&ServiceCd=510&action_kouhyou_detail_024_kihon=true
214,加賀さくらの杜,特別養護老人ホーム,1371900240-00,510,0,130,179,2024-11-07,0/130人,2026-09-21T04:14:47+09:00,200,200,ok,,https://www.kaigokensaku.mhlw.go.jp/13/index.php?JigyosyoCd=1371900240-00&ServiceCd=510&action_kouhyou_detail_feature_index=true,https://www.kaigokensaku.mhlw.go.jp/13/index.php?JigyosyoCd=1371900240-00&ServiceCd=510&action_kouhyou_detail_024_kihon=true
215,東京武蔵野ホーム,特別養護老人ホーム,1371900281-00,510,0,69,605,2026-07-10,0/69人,2026-09-21T04:14:49+09:00,200,200,ok,,https://www.kaigokensaku.mhlw.go.jp/13/index.php?JigyosyoCd=1371900281-00&ServiceCd=510&action_kouhyou_detail_feature_index=true,https://www.kaigokensaku.mhlw.go.jp/13/index.php?JigyosyoCd=1371900281-00&ServiceCd=510&action_kouhyou_detail_024_kihon=true
216,ケアポート板橋,特別養護老人ホーム,1371900299-00,510,0,105,675,2026-08-31,0/105人,2026-09-21T04:14:52+09:00,200,200,ok,,https://www.kaigokensaku.mhlw.go.jp/13/index.php?JigyosyoCd=1371900299-00&ServiceCd=510&action_kouhyou_detail_feature_index=true,https://www.kaigokensaku.mhlw.go.jp/13/index.php?JigyosyoCd=1371900299-00&ServiceCd=510&action_kouhyou_detail_024_kihon=true
217,若木ライフ,特別養護老人ホーム,1371901990-00,510,0,0,162,2017-09-12,0/0人,2026-09-21T04:14:54+09:00,200,200,ok,,https://www.kaigokensaku.mhlw.go.jp/13/index.php?JigyosyoCd=1371901990-00&ServiceCd=510&action_kouhyou_detail_feature_index=true,https://www.kaigokensaku.mhlw.go.jp/13/index.php?JigyosyoCd=1371901990-00&ServiceCd=510&action_kouhyou_detail_024_kihon=true
218,マイライフ徳丸,特別養護老人ホーム,1371903566-00,510,1,84,285,2026-09-03,1/84人,2026-09-21T04:14:56+09:00,200,200,ok,,https://www.kaigokensaku.mhlw.go.jp/13/index.php?JigyosyoCd=1371903566-00&ServiceCd=510&action_kouhyou_detail_feature_index=true,https://www.kaigokensaku.mhlw.go.jp/13/index.php?JigyosyoCd=1371903566-00&ServiceCd=510&action_kouhyou_detail_024_kihon=true
219,ブルーポピー,特別養護老人ホーム,1371904721-00,510,15,170,177,2026-07-10,15/170人,2026-09-21T04:14:58+09:00,200,200,ok,,https://www.kaigokensaku.mhlw.go.jp/13/index.php?JigyosyoCd=1371904721-00&ServiceCd=510&action_kouhyou_detail_feature_index=true,https://www.kaigokensaku.mhlw.go.jp/13/index.php?JigyosyoCd=1371904721-00&ServiceCd=510&action_kouhyou_detail_024_kihon=true
220,音羽台レジデンス,特別養護老人ホーム,1371906387-00,510,0,95,15,2026-09-01,0/95人,2026-09-21T04:15:00+09:00,200,200,ok,,https://www.kaigokensaku.mhlw.go.jp/13/index.php?JigyosyoCd=1371906387-00&ServiceCd=510&action_kouhyou_detail_feature_index=true,https://www.kaigokensaku.mhlw.go.jp/13/index.php?JigyosyoCd=1371906387-00&ServiceCd=510&action_kouhyou_detail_024_kihon=true
221,ケアタウン成増,特別養護老人ホーム,1371902527-00,510,4,80,189,2026-09-01,4/80人,2026-09-21T04:15:03+09:00,200,200,ok,,https://www.kaigokensaku.mhlw.go.jp/13/index.php?JigyosyoCd=1371902527-00&ServiceCd=510&action_kouhyou_detail_feature_index=true,https://www.kaigokensaku.mhlw.go.jp/13/index.php?JigyosyoCd=1371902527-00&ServiceCd=510&action_kouhyou_detail_024_kihon=true
222,板橋の里 英智園,特別養護老人ホーム,1371906858-00,510,1,66,418,2024-08-15,1/66人,2026-09-21T04:15:05+09:00,200,200,ok,,https://www.kaigokensaku.mhlw.go.jp/13/index.php?JigyosyoCd=1371906858-00&ServiceCd=510&action_kouhyou_detail_feature_index=true,https://www.kaigokensaku.mhlw.go.jp/13/index.php?JigyosyoCd=1371906858-00&ServiceCd=510&action_kouhyou_detail_024_kihon=true
223,あずさわの里,特別養護老人ホーム,1371908045-00,510,0,0,137,2025-08-10,0/0人,2026-09-21T04:15:07+09:00,200,200,ok,,https://www.kaigokensaku.mhlw.go.jp/13/index.php?JigyosyoCd=1371908045-00&ServiceCd=510&action_kouhyou_detail_feature_index=true,https://www.kaigokensaku.mhlw.go.jp/13/index.php?JigyosyoCd=1371908045-00&ServiceCd=510&action_kouhyou_detail_024_kihon=true
224,クローバーのさと イムスホーム カウピリ板橋,特別養護老人ホーム,1371909456-00,510,1,120,351,2026-09-05,1/120人,2026-09-21T04:15:09+09:00,200,200,ok,,https://www.kaigokensaku.mhlw.go.jp/13/index.php?JigyosyoCd=1371909456-00&ServiceCd=510&action_kouhyou_detail_feature_index=true,https://www.kaigokensaku.mhlw.go.jp/13/index.php?JigyosyoCd=1371909456-00&ServiceCd=510&action_kouhyou_detail_024_kihon=true
225,オーネスト成増,特別養護老人ホーム,1371909746-00,510,0,120,88,2025-08-08,0/120人,2026-09-21T04:15:11+09:00,200,200,ok,,https://www.kaigokensaku.mhlw.go.jp/13/index.php?JigyosyoCd=1371909746-00&ServiceCd=510&action_kouhyou_detail_feature_index=true,https://www.kaigokensaku.mhlw.go.jp/13/index.php?JigyosyoCd=1371909746-00&ServiceCd=510&action_kouhyou_detail_024_kihon=true
226,三園の里,特別養護老人ホーム,1371910017-00,510,0,100,0,2023-07-28,0/100人,2026-09-21T04:15:14+09:00,200,200,ok,,https://www.kaigokensaku.mhlw.go.jp/13/index.php?JigyosyoCd=1371910017-00&ServiceCd=510&action_kouhyou_detail_feature_index=true,https://www.kaigokensaku.mhlw.go.jp/13/index.php?JigyosyoCd=1371910017-00&ServiceCd=510&action_kouhyou_detail_024_kihon=true
227,ゆめの園りあん若葉,特別養護老人ホーム,1371910405-00,510,6,120,86,2026-09-05,6/120人,2026-09-21T04:15:16+09:00,200,200,ok,,https://www.kaigokensaku.mhlw.go.jp/13/index.php?JigyosyoCd=1371910405-00&ServiceCd=510&action_kouhyou_detail_feature_index=true,https://www.kaigokensaku.mhlw.go.jp/13/index.php?JigyosyoCd=1371910405-00&ServiceCd=510&action_kouhyou_detail_024_kihon=true
228,介護老人福祉施設ケアホーム板橋,特別養護老人ホーム,1371911353-00,510,0,140,216,2025-08-14,0/140人,2026-09-21T04:15:18+09:00,200,200,ok,,https://www.kaigokensaku.mhlw.go.jp/13/index.php?JigyosyoCd=1371911353-00&ServiceCd=510&action_kouhyou_detail_feature_index=true,https://www.kaigokensaku.mhlw.go.jp/13/index.php?JigyosyoCd=1371911353-00&ServiceCd=510&action_kouhyou_detail_024_kihon=true
229,サニーヒル板橋,特別養護老人ホーム,1371911437-00,510,0,107,117,2025-07-22,0/107人,2026-09-21T04:15:20+09:00,200,200,ok,,https://www.kaigokensaku.mhlw.go.jp/13/index.php?JigyosyoCd=1371911437-00&ServiceCd=510&action_kouhyou_detail_feature_index=true,https://www.kaigokensaku.mhlw.go.jp/13/index.php?JigyosyoCd=1371911437-00&ServiceCd=510&action_kouhyou_detail_024_kihon=true
230,みどりの苑,特別養護老人ホーム,1371912245-00,510,1,80,232,2025-08-18,1/80人,2026-09-21T04:15:22+09:00,200,200,ok,,https://www.kaigokensaku.mhlw.go.jp/13/index.php?JigyosyoCd=1371912245-00&ServiceCd=510&action_kouhyou_detail_feature_index=true,https://www.kaigokensaku.mhlw.go.jp/13/index.php?JigyosyoCd=1371912245-00&ServiceCd=510&action_kouhyou_detail_024_kihon=true
231,いずみの苑,特別養護老人ホーム,1371912252-00,510,2,105,246,2026-09-17,2/105人,2026-09-21T04:15:24+09:00,200,200,ok,,https://www.kaigokensaku.mhlw.go.jp/13/index.php?JigyosyoCd=1371912252-00&ServiceCd=510&action_kouhyou_detail_feature_index=true,https://www.kaigokensaku.mhlw.go.jp/13/index.php?JigyosyoCd=1371912252-00&ServiceCd=510&action_kouhyou_detail_024_kihon=true
232,ぽっかぽか板橋,特別養護老人ホーム,1371912468-00,510,0,0,124,2026-03-28,0/0人,2026-09-21T04:15:27+09:00,200,200,ok,,https://www.kaigokensaku.mhlw.go.jp/13/index.php?JigyosyoCd=1371912468-00&ServiceCd=510&action_kouhyou_detail_feature_index=true,https://www.kaigokensaku.mhlw.go.jp/13/index.php?JigyosyoCd=1371912468-00&ServiceCd=510&action_kouhyou_detail_024_kihon=true
233,富士見台特別養護老人ホーム,特別養護老人ホーム,1372005072-00,510,0,0,320,,0/0人,2026-09-21T04:15:29+09:00,200,200,ok,,https://www.kaigokensaku.mhlw.go.jp/13/index.php?JigyosyoCd=1372005072-00&ServiceCd=510&action_kouhyou_detail_feature_index=true,https://www.kaigokensaku.mhlw.go.jp/13/index.php?JigyosyoCd=1372005072-00&ServiceCd=510&action_kouhyou_detail_024_kihon=true
234,関町特別養護老人ホーム,特別養護老人ホーム,1372005064-00,510,0,70,150,2023-08-09,0/70人,2026-09-21T04:15:31+09:00,200,200,ok,,https://www.kaigokensaku.mhlw.go.jp/13/index.php?JigyosyoCd=1372005064-00&ServiceCd=510&action_kouhyou_detail_feature_index=true,https://www.kaigokensaku.mhlw.go.jp/13/index.php?JigyosyoCd=1372005064-00&ServiceCd=510&action_kouhyou_detail_024_kihon=true
235,大泉特別養護老人ホーム,特別養護老人ホーム,1372005080-00,510,0,120,270,2021-10-25,0/120人,2026-09-21T04:15:33+09:00,200,200,ok,,https://www.kaigokensaku.mhlw.go.jp/13/index.php?JigyosyoCd=1372005080-00&ServiceCd=510&action_kouhyou_detail_feature_index=true,https://www.kaigokensaku.mhlw.go.jp/13/index.php?JigyosyoCd=1372005080-00&ServiceCd=510&action_kouhyou_detail_024_kihon=true
236,田柄特別養護老人ホーム,特別養護老人ホーム,1372005098-00,510,0,0,250,2022-07-22,0/0人,2026-09-21T04:15:36+09:00,200,200,ok,,https://www.kaigokensaku.mhlw.go.jp/13/index.php?JigyosyoCd=1372005098-00&ServiceCd=510&action_kouhyou_detail_feature_index=true,https://www.kaigokensaku.mhlw.go.jp/13/index.php?JigyosyoCd=1372005098-00&ServiceCd=510&action_kouhyou_detail_024_kihon=true
237,第二光陽苑,特別養護老人ホーム,1372000602-00,510,0,100,134,2025-07-31,0/100人,2026-09-21T04:15:38+09:00,200,200,ok,,https://www.kaigokensaku.mhlw.go.jp/13/index.php?JigyosyoCd=1372000602-00&ServiceCd=510&action_kouhyou_detail_feature_index=true,https://www.kaigokensaku.mhlw.go.jp/13/index.php?JigyosyoCd=1372000602-00&ServiceCd=510&action_kouhyou_detail_024_kihon=true
238,育秀苑,特別養護老人ホーム,1372000511-00,510,1,60,200,2026-09-02,1/60人,2026-09-21T04:15:40+09:00,200,200,ok,,https://www.kaigokensaku.mhlw.go.jp/13/index.php?JigyosyoCd=1372000511-00&ServiceCd=510&action_kouhyou_detail_feature_index=true,https://www.kaigokensaku.mhlw.go.jp/13/index.php?JigyosyoCd=1372000511-00&ServiceCd=510&action_kouhyou_detail_024_kihon=true
239,第二育秀苑,特別養護老人ホーム,1372000586-00,510,0,50,185,2026-09-02,0/50人,2026-09-21T04:15:42+09:00,200,200,ok,,https://www.kaigokensaku.mhlw.go.jp/13/index.php?JigyosyoCd=1372000586-00&ServiceCd=510&action_kouhyou_detail_feature_index=true,https://www.kaigokensaku.mhlw.go.jp/13/index.php?JigyosyoCd=1372000586-00&ServiceCd=510&action_kouhyou_detail_024_kihon=true
240,豊玉南しあわせの里,特別養護老人ホーム,1372003440-00,510,1,63,88,2026-05-18,1/63人,2026-09-21T04:15:44+09:00,200,200,ok,,https://www.kaigokensaku.mhlw.go.jp/13/index.php?JigyosyoCd=1372003440-00&ServiceCd=510&action_kouhyou_detail_feature_index=true,https://www.kaigokensaku.mhlw.go.jp/13/index.php?JigyosyoCd=1372003440-00&ServiceCd=510&action_kouhyou_detail_024_kihon=true
241,moi~モア~,特別養護老人ホーム,1372002913-00,510,4,90,196,2026-08-17,4/90人,2026-09-21T04:15:47+09:00,200,200,ok,,https://www.kaigokensaku.mhlw.go.jp/13/index.php?JigyosyoCd=1372002913-00&ServiceCd=510&action_kouhyou_detail_feature_index=true,https://www.kaigokensaku.mhlw.go.jp/13/index.php?JigyosyoCd=1372002913-00&ServiceCd=510&action_kouhyou_detail_024_kihon=true
242,こぐれの里,特別養護老人ホーム,1372004265-00,510,3,50,96,2026-08-24,3/50人,2026-09-21T04:15:49+09:00,200,200,ok,,https://www.kaigokensaku.mhlw.go.jp/13/index.php?JigyosyoCd=1372004265-00&ServiceCd=510&action_kouhyou_detail_feature_index=true,https://www.kaigokensaku.mhlw.go.jp/13/index.php?JigyosyoCd=1372004265-00&ServiceCd=510&action_kouhyou_detail_024_kihon=true
243,やすらぎの里大泉,特別養護老人ホーム,1372000560-00,510,49,50,193,2025-07-07,49/50人,2026-09-21T04:15:51+09:00,200,200,ok,,https://www.kaigokensaku.mhlw.go.jp/13/index.php?JigyosyoCd=1372000560-00&ServiceCd=510&action_kouhyou_detail_feature_index=true,https://www.kaigokensaku.mhlw.go.jp/13/index.php?JigyosyoCd=1372000560-00&ServiceCd=510&action_kouhyou_detail_024_kihon=true
244,やすらぎミラージュ,特別養護老人ホーム,1372000610-00,510,4,70,114,2025-08-12,4/70人,2026-09-21T04:15:53+09:00,200,200,ok,,https://www.kaigokensaku.mhlw.go.jp/13/index.php?JigyosyoCd=1372000610-00&ServiceCd=510&action_kouhyou_detail_feature_index=true,https://www.kaigokensaku.mhlw.go.jp/13/index.php?JigyosyoCd=1372000610-00&ServiceCd=510&action_kouhyou_detail_024_kihon=true
245,光陽苑,特別養護老人ホーム,1372000537-00,510,0,60,165,2026-09-17,0/60人,2026-09-21T04:15:55+09:00,200,200,ok,,https://www.kaigokensaku.mhlw.go.jp/13/index.php?JigyosyoCd=1372000537-00&ServiceCd=510&action_kouhyou_detail_feature_index=true,https://www.kaigokensaku.mhlw.go.jp/13/index.php?JigyosyoCd=1372000537-00&ServiceCd=510&action_kouhyou_detail_024_kihon=true
246,練馬高松園,特別養護老人ホーム,1372001592-00,510,0,100,277,2026-09-01,0/100人,2026-09-21T04:15:58+09:00,200,200,ok,,https://www.kaigokensaku.mhlw.go.jp/13/index.php?JigyosyoCd=1372001592-00&ServiceCd=510&action_kouhyou_detail_feature_index=true,https://www.kaigokensaku.mhlw.go.jp/13/index.php?JigyosyoCd=1372001592-00&ServiceCd=510&action_kouhyou_detail_024_kihon=true
247,土支田創生苑,特別養護老人ホーム,1372001956-00,510,2,86,176,2026-08-02,2/86人,2026-09-21T04:16:00+09:00,200,200,ok,,https://www.kaigokensaku.mhlw.go.jp/13/index.php?JigyosyoCd=1372001956-00&ServiceCd=510&action_kouhyou_detail_feature_index=true,https://www.kaigokensaku.mhlw.go.jp/13/index.php?JigyosyoCd=1372001956-00&ServiceCd=510&action_kouhyou_detail_024_kihon=true
248,練馬キングス・ガーデン,特別養護老人ホーム,1372000578-00,510,1,50,228,2026-09-02,1/50人,2026-09-21T04:16:02+09:00,200,200,ok,,https://www.kaigokensaku.mhlw.go.jp/13/index.php?JigyosyoCd=1372000578-00&ServiceCd=510&action_kouhyou_detail_feature_index=true,https://www.kaigokensaku.mhlw.go.jp/13/index.php?JigyosyoCd=1372000578-00&ServiceCd=510&action_kouhyou_detail_024_kihon=true
249,さくらヶ丘,特別養護老人ホーム,1372005502-00,510,4,72,65,2026-09-16,4/72人,2026-09-21T04:16:04+09:00,200,200,ok,,https://www.kaigokensaku.mhlw.go.jp/13/index.php?JigyosyoCd=1372005502-00&ServiceCd=510&action_kouhyou_detail_feature_index=true,https://www.kaigokensaku.mhlw.go.jp/13/index.php?JigyosyoCd=1372005502-00&ServiceCd=510&action_kouhyou_detail_024_kihon=true
250,第2練馬高松園,特別養護老人ホーム,1372005817-00,510,0,65,119,2026-09-15,0/65人,2026-09-21T04:16:06+09:00,200,200,ok,,https://www.kaigokensaku.mhlw.go.jp/13/index.php?JigyosyoCd=1372005817-00&ServiceCd=510&action_kouhyou_detail_feature_index=true,https://www.kaigokensaku.mhlw.go.jp/13/index.php?JigyosyoCd=1372005817-00&ServiceCd=510&action_kouhyou_detail_024_kihon=true
251,指定介護老人福祉施設こぐれの杜,特別養護老人ホーム,1372007185-00,510,0,60,87,2026-09-10,0/60人,2026-09-21T04:16:10+09:00,200,200,ok,,https://www.kaigokensaku.mhlw.go.jp/13/index.php?JigyosyoCd=1372007185-00&ServiceCd=510&action_kouhyou_detail_feature_index=true,https://www.kaigokensaku.mhlw.go.jp/13/index.php?JigyosyoCd=1372007185-00&ServiceCd=510&action_kouhyou_detail_024_kihon=true
252,みさよはうす土支田,特別養護老人ホーム,1372007177-00,510,2,30,0,2025-08-19,2/30人,2026-09-21T04:16:15+09:00,200,200,ok,,https://www.kaigokensaku.mhlw.go.jp/13/index.php?JigyosyoCd=1372007177-00&ServiceCd=510&action_kouhyou_detail_feature_index=true,https://www.kaigokensaku.mhlw.go.jp/13/index.php?JigyosyoCd=1372007177-00&ServiceCd=510&action_kouhyou_detail_024_kihon=true
253,サンライズ大泉,特別養護老人ホーム,1372009009-00,510,1,100,94,2026-08-31,1/100人,2026-09-21T04:16:17+09:00,200,200,ok,,https://www.kaigokensaku.mhlw.go.jp/13/index.php?JigyosyoCd=1372009009-00&ServiceCd=510&action_kouhyou_detail_feature_index=true,https://www.kaigokensaku.mhlw.go.jp/13/index.php?JigyosyoCd=1372009009-00&ServiceCd=510&action_kouhyou_detail_024_kihon=true
254,石神井台特別養護老人ホーム秋月,特別養護老人ホーム,1372009306-00,510,3,177,169,2026-09-15,3/177人,2026-09-21T04:16:20+09:00,200,200,ok,,https://www.kaigokensaku.mhlw.go.jp/13/index.php?JigyosyoCd=1372009306-00&ServiceCd=510&action_kouhyou_detail_feature_index=true,https://www.kaigokensaku.mhlw.go.jp/13/index.php?JigyosyoCd=1372009306-00&ServiceCd=510&action_kouhyou_detail_024_kihon=true
255,介護老人福祉施設南大泉かがやきの里,特別養護老人ホーム,1372009355-00,510,1,47,210,2026-05-18,1/47人,2026-09-21T04:16:22+09:00,200,200,ok,,https://www.kaigokensaku.mhlw.go.jp/13/index.php?JigyosyoCd=1372009355-00&ServiceCd=510&action_kouhyou_detail_feature_index=true,https://www.kaigokensaku.mhlw.go.jp/13/index.php?JigyosyoCd=1372009355-00&ServiceCd=510&action_kouhyou_detail_024_kihon=true
256,上石神井特別養護老人ホーム,特別養護老人ホーム,1372009470-00,510,0,30,150,2026-05-26,0/30人,2026-09-21T04:16:24+09:00,200,200,ok,,https://www.kaigokensaku.mhlw.go.jp/13/index.php?JigyosyoCd=1372009470-00&ServiceCd=510&action_kouhyou_detail_feature_index=true,https://www.kaigokensaku.mhlw.go.jp/13/index.php?JigyosyoCd=1372009470-00&ServiceCd=510&action_kouhyou_detail_024_kihon=true
257,第3育秀苑,特別養護老人ホーム,1372009629-00,510,0,60,134,2026-09-01,0/60人,2026-09-21T04:16:26+09:00,200,200,ok,,https://www.kaigokensaku.mhlw.go.jp/13/index.php?JigyosyoCd=1372009629-00&ServiceCd=510&action_kouhyou_detail_feature_index=true,https://www.kaigokensaku.mhlw.go.jp/13/index.php?JigyosyoCd=1372009629-00&ServiceCd=510&action_kouhyou_detail_024_kihon=true
258,やすらぎグランデ,特別養護老人ホーム,1372010346-00,510,0,0,70,2025-03-25,0/0人,2026-09-21T04:16:28+09:00,200,200,ok,,https://www.kaigokensaku.mhlw.go.jp/13/index.php?JigyosyoCd=1372010346-00&ServiceCd=510&action_kouhyou_detail_feature_index=true,https://www.kaigokensaku.mhlw.go.jp/13/index.php?JigyosyoCd=1372010346-00&ServiceCd=510&action_kouhyou_detail_024_kihon=true
259,やすらぎシティ東大泉,特別養護老人ホーム,1372010684-00,510,28,101,110,2025-03-28,28/101人,2026-09-21T04:16:31+09:00,200,200,ok,,https://www.kaigokensaku.mhlw.go.jp/13/index.php?JigyosyoCd=1372010684-00&ServiceCd=510&action_kouhyou_detail_feature_index=true,https://www.kaigokensaku.mhlw.go.jp/13/index.php?JigyosyoCd=1372010684-00&ServiceCd=510&action_kouhyou_detail_024_kihon=true
260,練馬の丘キングス・ガーデン,特別養護老人ホーム,1372012045-00,510,1,60,171,2026-09-07,1/60人,2026-09-21T04:16:33+09:00,200,200,ok,,https://www.kaigokensaku.mhlw.go.jp/13/index.php?JigyosyoCd=1372012045-00&ServiceCd=510&action_kouhyou_detail_feature_index=true,https://www.kaigokensaku.mhlw.go.jp/13/index.php?JigyosyoCd=1372012045-00&ServiceCd=510&action_kouhyou_detail_024_kihon=true
261,タムスさくらの杜練馬,特別養護老人ホーム,1372012037-00,510,0,108,0,2026-09-01,0/108人,2026-09-21T04:16:35+09:00,200,200,ok,,https://www.kaigokensaku.mhlw.go.jp/13/index.php?JigyosyoCd=1372012037-00&ServiceCd=510&action_kouhyou_detail_feature_index=true,https://www.kaigokensaku.mhlw.go.jp/13/index.php?JigyosyoCd=1372012037-00&ServiceCd=510&action_kouhyou_detail_024_kihon=true
262,タムスさくらの杜練馬アネックス,特別養護老人ホーム,1372012896-00,510,0,83,158,2026-09-01,0/83人,2026-09-21T04:16:37+09:00,200,200,ok,,https://www.kaigokensaku.mhlw.go.jp/13/index.php?JigyosyoCd=1372012896-00&ServiceCd=510&action_kouhyou_detail_feature_index=true,https://www.kaigokensaku.mhlw.go.jp/13/index.php?JigyosyoCd=1372012896-00&ServiceCd=510&action_kouhyou_detail_024_kihon=true
263,上石神井幸朋苑,特別養護老人ホーム,1372013043-00,510,0,40,60,2026-09-16,0/40人,2026-09-21T04:16:39+09:00,200,200,ok,,https://www.kaigokensaku.mhlw.go.jp/13/index.php?JigyosyoCd=1372013043-00&ServiceCd=510&action_kouhyou_detail_feature_index=true,https://www.kaigokensaku.mhlw.go.jp/13/index.php?JigyosyoCd=1372013043-00&ServiceCd=510&action_kouhyou_detail_024_kihon=true
264,あおぞら縁小竹テラス,特別養護老人ホーム,1372013332-00,510,0,30,101,2025-08-04,0/30人,2026-09-21T04:16:42+09:00,200,200,ok,,https://www.kaigokensaku.mhlw.go.jp/13/index.php?JigyosyoCd=1372013332-00&ServiceCd=510&action_kouhyou_detail_feature_index=true,https://www.kaigokensaku.mhlw.go.jp/13/index.php?JigyosyoCd=1372013332-00&ServiceCd=510&action_kouhyou_detail_024_kihon=true
265,第3練馬高松園,特別養護老人ホーム,1372013613-00,510,2,76,152,2026-09-16,2/76人,2026-09-21T04:16:44+09:00,200,200,ok,,https://www.kaigokensaku.mhlw.go.jp/13/index.php?JigyosyoCd=1372013613-00&ServiceCd=510&action_kouhyou_detail_feature_index=true,https://www.kaigokensaku.mhlw.go.jp/13/index.php?JigyosyoCd=1372013613-00&ServiceCd=510&action_kouhyou_detail_024_kihon=true
266,練馬いやし園,特別養護老人ホーム,1372013910-00,510,1,55,82,2026-09-04,1/55人,2026-09-21T04:16:46+09:00,200,200,ok,,https://www.kaigokensaku.mhlw.go.jp/13/index.php?JigyosyoCd=1372013910-00&ServiceCd=510&action_kouhyou_detail_feature_index=true,https://www.kaigokensaku.mhlw.go.jp/13/index.php?JigyosyoCd=1372013910-00&ServiceCd=510&action_kouhyou_detail_024_kihon=true
267,介護老人福祉施設ケアホーム練馬,特別養護老人ホーム,1372014116-00,510,1,72,137,2024-11-11,1/72人,2026-09-21T04:16:48+09:00,200,200,ok,,https://www.kaigokensaku.mhlw.go.jp/13/index.php?JigyosyoCd=1372014116-00&ServiceCd=510&action_kouhyou_detail_feature_index=true,https://www.kaigokensaku.mhlw.go.jp/13/index.php?JigyosyoCd=1372014116-00&ServiceCd=510&action_kouhyou_detail_024_kihon=true
268,おおいずみの里,特別養護老人ホーム,1372014157-00,510,,108,36,,,2026-09-21T04:16:50+09:00,200,200,ok_partial_public_value,,https://www.kaigokensaku.mhlw.go.jp/13/index.php?JigyosyoCd=1372014157-00&ServiceCd=510&action_kouhyou_detail_feature_index=true,https://www.kaigokensaku.mhlw.go.jp/13/index.php?JigyosyoCd=1372014157-00&ServiceCd=510&action_kouhyou_detail_024_kihon=true
269,介護老人福祉施設 大泉学園ふれあいの里,特別養護老人ホーム,1352080103-00,510,1,96,80,2026-08-17,1/96人,2026-09-21T04:16:52+09:00,200,200,ok,,https://www.kaigokensaku.mhlw.go.jp/13/index.php?JigyosyoCd=1352080103-00&ServiceCd=510&action_kouhyou_detail_feature_index=true,https://www.kaigokensaku.mhlw.go.jp/13/index.php?JigyosyoCd=1352080103-00&ServiceCd=510&action_kouhyou_detail_024_kihon=true
270,中央本町杉の子園,特別養護老人ホーム,1372102317-00,510,0,0,84,2017-07-24,0/0人,2026-09-21T04:16:55+09:00,200,200,ok,,https://www.kaigokensaku.mhlw.go.jp/13/index.php?JigyosyoCd=1372102317-00&ServiceCd=510&action_kouhyou_detail_feature_index=true,https://www.kaigokensaku.mhlw.go.jp/13/index.php?JigyosyoCd=1372102317-00&ServiceCd=510&action_kouhyou_detail_024_kihon=true
271,イーストピア東和,特別養護老人ホーム,1372102549-00,510,0,0,54,,0/0人,2026-09-21T04:16:57+09:00,200,200,ok,,https://www.kaigokensaku.mhlw.go.jp/13/index.php?JigyosyoCd=1372102549-00&ServiceCd=510&action_kouhyou_detail_feature_index=true,https://www.kaigokensaku.mhlw.go.jp/13/index.php?JigyosyoCd=1372102549-00&ServiceCd=510&action_kouhyou_detail_024_kihon=true
272,さの,特別養護老人ホーム,1372100782-00,510,0,100,59,2025-07-30,0/100人,2026-09-21T04:16:59+09:00,200,200,ok,,https://www.kaigokensaku.mhlw.go.jp/13/index.php?JigyosyoCd=1372100782-00&ServiceCd=510&action_kouhyou_detail_feature_index=true,https://www.kaigokensaku.mhlw.go.jp/13/index.php?JigyosyoCd=1372100782-00&ServiceCd=510&action_kouhyou_detail_024_kihon=true
273,足立新生苑,特別養護老人ホーム,1372100766-00,510,6,220,208,2026-09-02,6/220人,2026-09-21T04:17:01+09:00,200,200,ok,,https://www.kaigokensaku.mhlw.go.jp/13/index.php?JigyosyoCd=1372100766-00&ServiceCd=510&action_kouhyou_detail_feature_index=true,https://www.kaigokensaku.mhlw.go.jp/13/index.php?JigyosyoCd=1372100766-00&ServiceCd=510&action_kouhyou_detail_024_kihon=true
274,六月,特別養護老人ホーム,1372100808-00,510,0,50,0,2025-08-05,0/50人,2026-09-21T04:17:03+09:00,200,200,ok,,https://www.kaigokensaku.mhlw.go.jp/13/index.php?JigyosyoCd=1372100808-00&ServiceCd=510&action_kouhyou_detail_feature_index=true,https://www.kaigokensaku.mhlw.go.jp/13/index.php?JigyosyoCd=1372100808-00&ServiceCd=510&action_kouhyou_detail_024_kihon=true
275,ウエルガーデン伊興園,特別養護老人ホーム,1372102366-00,510,1,140,107,2026-09-18,1/140人,2026-09-21T04:17:06+09:00,200,200,ok,,https://www.kaigokensaku.mhlw.go.jp/13/index.php?JigyosyoCd=1372102366-00&ServiceCd=510&action_kouhyou_detail_feature_index=true,https://www.kaigokensaku.mhlw.go.jp/13/index.php?JigyosyoCd=1372102366-00&ServiceCd=510&action_kouhyou_detail_024_kihon=true
276,紫磨園,特別養護老人ホーム,1372100774-00,510,1,119,59,2026-09-20,1/119人,2026-09-21T04:17:08+09:00,200,200,ok,,https://www.kaigokensaku.mhlw.go.jp/13/index.php?JigyosyoCd=1372100774-00&ServiceCd=510&action_kouhyou_detail_feature_index=true,https://www.kaigokensaku.mhlw.go.jp/13/index.php?JigyosyoCd=1372100774-00&ServiceCd=510&action_kouhyou_detail_024_kihon=true
277,足立翔裕園,特別養護老人ホーム,1372100824-00,510,3,147,74,2026-08-31,3/147人,2026-09-21T04:17:10+09:00,200,200,ok,,https://www.kaigokensaku.mhlw.go.jp/13/index.php?JigyosyoCd=1372100824-00&ServiceCd=510&action_kouhyou_detail_feature_index=true,https://www.kaigokensaku.mhlw.go.jp/13/index.php?JigyosyoCd=1372100824-00&ServiceCd=510&action_kouhyou_detail_024_kihon=true
278,グレイスホーム,特別養護老人ホーム,1372100816-00,510,1,50,76,2025-09-01,1/50人,2026-09-21T04:17:12+09:00,200,200,ok,,https://www.kaigokensaku.mhlw.go.jp/13/index.php?JigyosyoCd=1372100816-00&ServiceCd=510&action_kouhyou_detail_feature_index=true,https://www.kaigokensaku.mhlw.go.jp/13/index.php?JigyosyoCd=1372100816-00&ServiceCd=510&action_kouhyou_detail_024_kihon=true
279,ル・ソラリオン西新井,特別養護老人ホーム,1372107985-00,510,4,160,56,2026-09-16,4/160人,2026-09-21T04:17:15+09:00,200,200,ok,,https://www.kaigokensaku.mhlw.go.jp/13/index.php?JigyosyoCd=1372107985-00&ServiceCd=510&action_kouhyou_detail_feature_index=true,https://www.kaigokensaku.mhlw.go.jp/13/index.php?JigyosyoCd=1372107985-00&ServiceCd=510&action_kouhyou_detail_024_kihon=true
280,さくら,特別養護老人ホーム,1372101905-00,510,1,65,98,2026-08-10,1/65人,2026-09-21T04:17:17+09:00,200,200,ok,,https://www.kaigokensaku.mhlw.go.jp/13/index.php?JigyosyoCd=1372101905-00&ServiceCd=510&action_kouhyou_detail_feature_index=true,https://www.kaigokensaku.mhlw.go.jp/13/index.php?JigyosyoCd=1372101905-00&ServiceCd=510&action_kouhyou_detail_024_kihon=true
281,扇,特別養護老人ホーム,1372100790-00,510,0,76,133,2020-09-18,0/76人,2026-09-21T04:17:19+09:00,200,200,ok,,https://www.kaigokensaku.mhlw.go.jp/13/index.php?JigyosyoCd=1372100790-00&ServiceCd=510&action_kouhyou_detail_feature_index=true,https://www.kaigokensaku.mhlw.go.jp/13/index.php?JigyosyoCd=1372100790-00&ServiceCd=510&action_kouhyou_detail_024_kihon=true
282,プレミア扇,特別養護老人ホーム,1372105377-00,510,0,96,66,2017-08-01,0/96人,2026-09-21T04:17:21+09:00,200,200,ok,,https://www.kaigokensaku.mhlw.go.jp/13/index.php?JigyosyoCd=1372105377-00&ServiceCd=510&action_kouhyou_detail_feature_index=true,https://www.kaigokensaku.mhlw.go.jp/13/index.php?JigyosyoCd=1372105377-00&ServiceCd=510&action_kouhyou_detail_024_kihon=true
283,ハピネスあだち,特別養護老人ホーム,1372105476-00,510,0,150,50,2020-09-04,0/150人,2026-09-21T04:17:23+09:00,200,200,ok,,https://www.kaigokensaku.mhlw.go.jp/13/index.php?JigyosyoCd=1372105476-00&ServiceCd=510&action_kouhyou_detail_feature_index=true,https://www.kaigokensaku.mhlw.go.jp/13/index.php?JigyosyoCd=1372105476-00&ServiceCd=510&action_kouhyou_detail_024_kihon=true
284,はるかぜ,特別養護老人ホーム,1372106128-00,510,0,0,5,2017-07-09,0/0人,2026-09-21T04:17:26+09:00,200,200,ok,,https://www.kaigokensaku.mhlw.go.jp/13/index.php?JigyosyoCd=1372106128-00&ServiceCd=510&action_kouhyou_detail_feature_index=true,https://www.kaigokensaku.mhlw.go.jp/13/index.php?JigyosyoCd=1372106128-00&ServiceCd=510&action_kouhyou_detail_024_kihon=true
285,千住桜花苑,特別養護老人ホーム,1372106409-00,510,0,100,0,2026-09-01,0/100人,2026-09-21T04:17:28+09:00,200,200,ok,,https://www.kaigokensaku.mhlw.go.jp/13/index.php?JigyosyoCd=1372106409-00&ServiceCd=510&action_kouhyou_detail_feature_index=true,https://www.kaigokensaku.mhlw.go.jp/13/index.php?JigyosyoCd=1372106409-00&ServiceCd=510&action_kouhyou_detail_024_kihon=true
286,竹の塚翔裕園,特別養護老人ホーム,1372107423-00,510,1,100,33,2026-08-01,1/100人,2026-09-21T04:17:30+09:00,200,200,ok,,https://www.kaigokensaku.mhlw.go.jp/13/index.php?JigyosyoCd=1372107423-00&ServiceCd=510&action_kouhyou_detail_feature_index=true,https://www.kaigokensaku.mhlw.go.jp/13/index.php?JigyosyoCd=1372107423-00&ServiceCd=510&action_kouhyou_detail_024_kihon=true
287,奉優の家,特別養護老人ホーム,1372110047-00,510,0,74,40,2025-07-22,0/74人,2026-09-21T04:17:32+09:00,200,200,ok,,https://www.kaigokensaku.mhlw.go.jp/13/index.php?JigyosyoCd=1372110047-00&ServiceCd=510&action_kouhyou_detail_feature_index=true,https://www.kaigokensaku.mhlw.go.jp/13/index.php?JigyosyoCd=1372110047-00&ServiceCd=510&action_kouhyou_detail_024_kihon=true
288,ピオーネ西新井,特別養護老人ホーム,1372110054-00,510,0,100,0,2026-08-11,0/100人,2026-09-21T04:17:34+09:00,200,200,ok,,https://www.kaigokensaku.mhlw.go.jp/13/index.php?JigyosyoCd=1372110054-00&ServiceCd=510&action_kouhyou_detail_feature_index=true,https://www.kaigokensaku.mhlw.go.jp/13/index.php?JigyosyoCd=1372110054-00&ServiceCd=510&action_kouhyou_detail_024_kihon=true
289,古千谷苑,特別養護老人ホーム,1372110153-00,510,1,120,20,2026-08-31,1/120人,2026-09-21T04:17:37+09:00,200,200,ok,,https://www.kaigokensaku.mhlw.go.jp/13/index.php?JigyosyoCd=1372110153-00&ServiceCd=510&action_kouhyou_detail_feature_index=true,https://www.kaigokensaku.mhlw.go.jp/13/index.php?JigyosyoCd=1372110153-00&ServiceCd=510&action_kouhyou_detail_024_kihon=true
290,介護老人福祉施設ケアホーム足立,特別養護老人ホーム,1372110161-00,510,2,100,62,2026-05-25,2/100人,2026-09-21T04:17:39+09:00,200,200,ok,,https://www.kaigokensaku.mhlw.go.jp/13/index.php?JigyosyoCd=1372110161-00&ServiceCd=510&action_kouhyou_detail_feature_index=true,https://www.kaigokensaku.mhlw.go.jp/13/index.php?JigyosyoCd=1372110161-00&ServiceCd=510&action_kouhyou_detail_024_kihon=true
291,足立万葉苑,特別養護老人ホーム,1372110310-00,510,0,0,31,,0/0人,2026-09-21T04:17:41+09:00,200,200,ok,,https://www.kaigokensaku.mhlw.go.jp/13/index.php?JigyosyoCd=1372110310-00&ServiceCd=510&action_kouhyou_detail_feature_index=true,https://www.kaigokensaku.mhlw.go.jp/13/index.php?JigyosyoCd=1372110310-00&ServiceCd=510&action_kouhyou_detail_024_kihon=true
292,介護老人福祉施設 ル・ソラリオン綾瀬,特別養護老人ホーム,1372110815-00,510,1,40,108,2026-09-17,1/40人,2026-09-21T04:17:43+09:00,200,200,ok,,https://www.kaigokensaku.mhlw.go.jp/13/index.php?JigyosyoCd=1372110815-00&ServiceCd=510&action_kouhyou_detail_feature_index=true,https://www.kaigokensaku.mhlw.go.jp/13/index.php?JigyosyoCd=1372110815-00&ServiceCd=510&action_kouhyou_detail_024_kihon=true
293,花畑あすか苑,特別養護老人ホーム,1372111573-00,510,0,100,53,2026-08-22,0/100人,2026-09-21T04:17:45+09:00,200,200,ok,,https://www.kaigokensaku.mhlw.go.jp/13/index.php?JigyosyoCd=1372111573-00&ServiceCd=510&action_kouhyou_detail_feature_index=true,https://www.kaigokensaku.mhlw.go.jp/13/index.php?JigyosyoCd=1372111573-00&ServiceCd=510&action_kouhyou_detail_024_kihon=true
294,レスペート千住,特別養護老人ホーム,1372112738-00,510,11,90,2,2026-07-24,11/90人,2026-09-21T04:17:48+09:00,200,200,ok,,https://www.kaigokensaku.mhlw.go.jp/13/index.php?JigyosyoCd=1372112738-00&ServiceCd=510&action_kouhyou_detail_feature_index=true,https://www.kaigokensaku.mhlw.go.jp/13/index.php?JigyosyoCd=1372112738-00&ServiceCd=510&action_kouhyou_detail_024_kihon=true
295,介護老人福祉施設 ケアホーム花畑,特別養護老人ホーム,1372112795-00,510,2,72,2,2025-08-08,2/72人,2026-09-21T04:17:50+09:00,200,200,ok,,https://www.kaigokensaku.mhlw.go.jp/13/index.php?JigyosyoCd=1372112795-00&ServiceCd=510&action_kouhyou_detail_feature_index=true,https://www.kaigokensaku.mhlw.go.jp/13/index.php?JigyosyoCd=1372112795-00&ServiceCd=510&action_kouhyou_detail_024_kihon=true
296,花ざかり,特別養護老人ホーム,1372113512-00,510,18,90,34,2026-08-18,18/90人,2026-09-21T04:17:52+09:00,200,200,ok,,https://www.kaigokensaku.mhlw.go.jp/13/index.php?JigyosyoCd=1372113512-00&ServiceCd=510&action_kouhyou_detail_feature_index=true,https://www.kaigokensaku.mhlw.go.jp/13/index.php?JigyosyoCd=1372113512-00&ServiceCd=510&action_kouhyou_detail_024_kihon=true
297,新田楽生苑,特別養護老人ホーム,1372113934-00,510,0,0,0,,0/0人,2026-09-21T04:17:54+09:00,200,200,ok,,https://www.kaigokensaku.mhlw.go.jp/13/index.php?JigyosyoCd=1372113934-00&ServiceCd=510&action_kouhyou_detail_feature_index=true,https://www.kaigokensaku.mhlw.go.jp/13/index.php?JigyosyoCd=1372113934-00&ServiceCd=510&action_kouhyou_detail_024_kihon=true
298,タムスさくらの杜花畑,特別養護老人ホーム,1372114304-00,510,1,105,0,2026-09-05,1/105人,2026-09-21T04:17:56+09:00,200,200,ok,,https://www.kaigokensaku.mhlw.go.jp/13/index.php?JigyosyoCd=1372114304-00&ServiceCd=510&action_kouhyou_detail_feature_index=true,https://www.kaigokensaku.mhlw.go.jp/13/index.php?JigyosyoCd=1372114304-00&ServiceCd=510&action_kouhyou_detail_024_kihon=true
299,特別養護老人ホームロイヤル足立,特別養護老人ホーム,1372114577-00,510,,120,0,,,2026-09-21T04:17:59+09:00,200,200,ok_partial_public_value,,https://www.kaigokensaku.mhlw.go.jp/13/index.php?JigyosyoCd=1372114577-00&ServiceCd=510&action_kouhyou_detail_feature_index=true,https://www.kaigokensaku.mhlw.go.jp/13/index.php?JigyosyoCd=1372114577-00&ServiceCd=510&action_kouhyou_detail_024_kihon=true
300,特別養護老人ホーム ピオーネ足立,特別養護老人ホーム,1372114619-00,510,0,30,65,2026-08-04,0/30人,2026-09-21T04:18:01+09:00,200,200,ok,,https://www.kaigokensaku.mhlw.go.jp/13/index.php?JigyosyoCd=1372114619-00&ServiceCd=510&action_kouhyou_detail_feature_index=true,https://www.kaigokensaku.mhlw.go.jp/13/index.php?JigyosyoCd=1372114619-00&ServiceCd=510&action_kouhyou_detail_024_kihon=true
301,ハピネスもとき,特別養護老人ホーム,1372115111-00,510,,99,16,,,2026-09-21T04:18:05+09:00,200,200,ok_partial_public_value,,https://www.kaigokensaku.mhlw.go.jp/13/index.php?JigyosyoCd=1372115111-00&ServiceCd=510&action_kouhyou_detail_feature_index=true,https://www.kaigokensaku.mhlw.go.jp/13/index.php?JigyosyoCd=1372115111-00&ServiceCd=510&action_kouhyou_detail_024_kihon=true
302,特別養護老人ホームはなはた三清荘,特別養護老人ホーム,,,,,,,,2026-09-21T04:18:10+09:00,,,skipped_no_official_url,,,
303,東四つ木ほほえみの里,特別養護老人ホーム,1372200541-00,510,5,123,85,2025-07-24,5/123人,2026-09-21T04:18:10+09:00,200,200,ok,,https://www.kaigokensaku.mhlw.go.jp/13/index.php?JigyosyoCd=1372200541-00&ServiceCd=510&action_kouhyou_detail_feature_index=true,https://www.kaigokensaku.mhlw.go.jp/13/index.php?JigyosyoCd=1372200541-00&ServiceCd=510&action_kouhyou_detail_024_kihon=true
304,奥戸くつろぎの郷,特別養護老人ホーム,1372200525-00,510,0,0,10,2022-08-17,0/0人,2026-09-21T04:18:12+09:00,200,200,ok,,https://www.kaigokensaku.mhlw.go.jp/13/index.php?JigyosyoCd=1372200525-00&ServiceCd=510&action_kouhyou_detail_feature_index=true,https://www.kaigokensaku.mhlw.go.jp/13/index.php?JigyosyoCd=1372200525-00&ServiceCd=510&action_kouhyou_detail_024_kihon=true
305,すずうらホーム,特別養護老人ホーム,1372200533-00,510,1,80,200,2026-09-16,1/80人,2026-09-21T04:18:14+09:00,200,200,ok,,https://www.kaigokensaku.mhlw.go.jp/13/index.php?JigyosyoCd=1372200533-00&ServiceCd=510&action_kouhyou_detail_feature_index=true,https://www.kaigokensaku.mhlw.go.jp/13/index.php?JigyosyoCd=1372200533-00&ServiceCd=510&action_kouhyou_detail_024_kihon=true
306,水元園,特別養護老人ホーム,1372200517-00,510,0,100,279,2022-07-21,0/100人,2026-09-21T04:18:17+09:00,200,200,ok,,https://www.kaigokensaku.mhlw.go.jp/13/index.php?JigyosyoCd=1372200517-00&ServiceCd=510&action_kouhyou_detail_feature_index=true,https://www.kaigokensaku.mhlw.go.jp/13/index.php?JigyosyoCd=1372200517-00&ServiceCd=510&action_kouhyou_detail_024_kihon=true
307,西水元あやめ園,特別養護老人ホーム,1372200558-00,510,0,0,300,2023-09-06,0/0人,2026-09-21T04:18:19+09:00,200,200,ok,,https://www.kaigokensaku.mhlw.go.jp/13/index.php?JigyosyoCd=1372200558-00&ServiceCd=510&action_kouhyou_detail_feature_index=true,https://www.kaigokensaku.mhlw.go.jp/13/index.php?JigyosyoCd=1372200558-00&ServiceCd=510&action_kouhyou_detail_024_kihon=true
308,西水元ナーシングホーム,特別養護老人ホーム,1372201242-00,510,0,57,10,2026-07-21,0/57人,2026-09-21T04:18:21+09:00,200,200,ok,,https://www.kaigokensaku.mhlw.go.jp/13/index.php?JigyosyoCd=1372201242-00&ServiceCd=510&action_kouhyou_detail_feature_index=true,https://www.kaigokensaku.mhlw.go.jp/13/index.php?JigyosyoCd=1372201242-00&ServiceCd=510&action_kouhyou_detail_024_kihon=true
309,中川園,特別養護老人ホーム,1372200491-00,510,0,0,198,2017-07-24,0/0人,2026-09-21T04:18:23+09:00,200,200,ok,,https://www.kaigokensaku.mhlw.go.jp/13/index.php?JigyosyoCd=1372200491-00&ServiceCd=510&action_kouhyou_detail_feature_index=true,https://www.kaigokensaku.mhlw.go.jp/13/index.php?JigyosyoCd=1372200491-00&ServiceCd=510&action_kouhyou_detail_024_kihon=true
310,水元ふれあいの家,特別養護老人ホーム,1372200509-00,510,0,0,20,2025-07-17,0/0人,2026-09-21T04:18:25+09:00,200,200,ok,,https://www.kaigokensaku.mhlw.go.jp/13/index.php?JigyosyoCd=1372200509-00&ServiceCd=510&action_kouhyou_detail_feature_index=true,https://www.kaigokensaku.mhlw.go.jp/13/index.php?JigyosyoCd=1372200509-00&ServiceCd=510&action_kouhyou_detail_024_kihon=true
311,葛飾やすらぎの郷,特別養護老人ホーム,1372201523-00,510,0,91,400,2026-08-03,0/91人,2026-09-21T04:18:28+09:00,200,200,ok,,https://www.kaigokensaku.mhlw.go.jp/13/index.php?JigyosyoCd=1372201523-00&ServiceCd=510&action_kouhyou_detail_feature_index=true,https://www.kaigokensaku.mhlw.go.jp/13/index.php?JigyosyoCd=1372201523-00&ServiceCd=510&action_kouhyou_detail_024_kihon=true
312,癒しの里青戸,特別養護老人ホーム,1372201846-00,510,1,60,578,2026-09-05,1/60人,2026-09-21T04:18:30+09:00,200,200,ok,,https://www.kaigokensaku.mhlw.go.jp/13/index.php?JigyosyoCd=1372201846-00&ServiceCd=510&action_kouhyou_detail_feature_index=true,https://www.kaigokensaku.mhlw.go.jp/13/index.php?JigyosyoCd=1372201846-00&ServiceCd=510&action_kouhyou_detail_024_kihon=true
313,かつしか苑,特別養護老人ホーム,1372202356-00,510,5,100,350,2026-07-23,5/100人,2026-09-21T04:18:32+09:00,200,200,ok,,https://www.kaigokensaku.mhlw.go.jp/13/index.php?JigyosyoCd=1372202356-00&ServiceCd=510&action_kouhyou_detail_feature_index=true,https://www.kaigokensaku.mhlw.go.jp/13/index.php?JigyosyoCd=1372202356-00&ServiceCd=510&action_kouhyou_detail_024_kihon=true
314,癒しの里亀有,特別養護老人ホーム,1372203362-00,510,0,0,0,2024-10-24,0/0人,2026-09-21T04:18:34+09:00,200,200,ok,,https://www.kaigokensaku.mhlw.go.jp/13/index.php?JigyosyoCd=1372203362-00&ServiceCd=510&action_kouhyou_detail_feature_index=true,https://www.kaigokensaku.mhlw.go.jp/13/index.php?JigyosyoCd=1372203362-00&ServiceCd=510&action_kouhyou_detail_024_kihon=true
315,ル・ソラリオン葛飾,特別養護老人ホーム,1372203891-00,510,0,140,30,2026-08-28,0/140人,2026-09-21T04:18:37+09:00,200,200,ok,,https://www.kaigokensaku.mhlw.go.jp/13/index.php?JigyosyoCd=1372203891-00&ServiceCd=510&action_kouhyou_detail_feature_index=true,https://www.kaigokensaku.mhlw.go.jp/13/index.php?JigyosyoCd=1372203891-00&ServiceCd=510&action_kouhyou_detail_024_kihon=true
316,エトワール,特別養護老人ホーム,1372204543-00,510,1,170,0,2025-06-02,1/170人,2026-09-21T04:18:39+09:00,200,200,ok,,https://www.kaigokensaku.mhlw.go.jp/13/index.php?JigyosyoCd=1372204543-00&ServiceCd=510&action_kouhyou_detail_feature_index=true,https://www.kaigokensaku.mhlw.go.jp/13/index.php?JigyosyoCd=1372204543-00&ServiceCd=510&action_kouhyou_detail_024_kihon=true
317,東かなまち桜園,特別養護老人ホーム,1372205961-00,510,0,0,300,2024-10-28,0/0人,2026-09-21T04:18:41+09:00,200,200,ok,,https://www.kaigokensaku.mhlw.go.jp/13/index.php?JigyosyoCd=1372205961-00&ServiceCd=510&action_kouhyou_detail_feature_index=true,https://www.kaigokensaku.mhlw.go.jp/13/index.php?JigyosyoCd=1372205961-00&ServiceCd=510&action_kouhyou_detail_024_kihon=true
318,バタフライ ヒル細田,特別養護老人ホーム,1372206027-00,510,0,0,10,2017-08-11,0/0人,2026-09-21T04:18:43+09:00,200,200,ok,,https://www.kaigokensaku.mhlw.go.jp/13/index.php?JigyosyoCd=1372206027-00&ServiceCd=510&action_kouhyou_detail_feature_index=true,https://www.kaigokensaku.mhlw.go.jp/13/index.php?JigyosyoCd=1372206027-00&ServiceCd=510&action_kouhyou_detail_024_kihon=true
319,かつしか苑亀有,特別養護老人ホーム,1372206639-00,510,,,,,,2026-09-21T04:18:45+09:00,200,200,ok_no_public_value,,https://www.kaigokensaku.mhlw.go.jp/13/index.php?JigyosyoCd=1372206639-00&ServiceCd=510&action_kouhyou_detail_feature_index=true,https://www.kaigokensaku.mhlw.go.jp/13/index.php?JigyosyoCd=1372206639-00&ServiceCd=510&action_kouhyou_detail_024_kihon=true
320,アンブル宝町,特別養護老人ホーム,1372207025-00,510,0,120,207,2025-08-14,0/120人,2026-09-21T04:18:48+09:00,200,200,ok,,https://www.kaigokensaku.mhlw.go.jp/13/index.php?JigyosyoCd=1372207025-00&ServiceCd=510&action_kouhyou_detail_feature_index=true,https://www.kaigokensaku.mhlw.go.jp/13/index.php?JigyosyoCd=1372207025-00&ServiceCd=510&action_kouhyou_detail_024_kihon=true
321,第二奥戸くつろぎの郷,特別養護老人ホーム,1392200562-00,540,0,0,,,0/0人,2026-09-21T04:18:50+09:00,200,200,ok_partial_public_value,,https://www.kaigokensaku.mhlw.go.jp/13/index.php?JigyosyoCd=1392200562-00&ServiceCd=540&action_kouhyou_detail_feature_index=true,https://www.kaigokensaku.mhlw.go.jp/13/index.php?JigyosyoCd=1392200562-00&ServiceCd=540&action_kouhyou_detail_024_kihon=true
322,スマイルホーム西井堀,特別養護老人ホーム,1372207827-00,510,,144,0,,,2026-09-21T04:18:52+09:00,200,200,ok_partial_public_value,,https://www.kaigokensaku.mhlw.go.jp/13/index.php?JigyosyoCd=1372207827-00&ServiceCd=510&action_kouhyou_detail_feature_index=true,https://www.kaigokensaku.mhlw.go.jp/13/index.php?JigyosyoCd=1372207827-00&ServiceCd=510&action_kouhyou_detail_024_kihon=true
323,介護老人福祉施設ケアホーム葛飾,特別養護老人ホーム,1372208379-00,510,4,120,18,2026-09-04,4/120人,2026-09-21T04:18:54+09:00,200,200,ok,,https://www.kaigokensaku.mhlw.go.jp/13/index.php?JigyosyoCd=1372208379-00&ServiceCd=510&action_kouhyou_detail_feature_index=true,https://www.kaigokensaku.mhlw.go.jp/13/index.php?JigyosyoCd=1372208379-00&ServiceCd=510&action_kouhyou_detail_024_kihon=true
324,癒しの里 西亀有,特別養護老人ホーム,1372208460-00,510,1,120,0,2026-08-13,1/120人,2026-09-21T04:18:57+09:00,200,200,ok,,https://www.kaigokensaku.mhlw.go.jp/13/index.php?JigyosyoCd=1372208460-00&ServiceCd=510&action_kouhyou_detail_feature_index=true,https://www.kaigokensaku.mhlw.go.jp/13/index.php?JigyosyoCd=1372208460-00&ServiceCd=510&action_kouhyou_detail_024_kihon=true
325,瑞江特別養護老人ホーム,特別養護老人ホーム,1372300374-00,510,0,80,220,2026-09-16,0/80人,2026-09-21T04:18:59+09:00,200,200,ok,,https://www.kaigokensaku.mhlw.go.jp/13/index.php?JigyosyoCd=1372300374-00&ServiceCd=510&action_kouhyou_detail_feature_index=true,https://www.kaigokensaku.mhlw.go.jp/13/index.php?JigyosyoCd=1372300374-00&ServiceCd=510&action_kouhyou_detail_024_kihon=true
326,第二みどりの郷,特別養護老人ホーム,1372303550-00,510,0,48,10,2026-09-01,0/48人,2026-09-21T04:19:01+09:00,200,200,ok,,https://www.kaigokensaku.mhlw.go.jp/13/index.php?JigyosyoCd=1372303550-00&ServiceCd=510&action_kouhyou_detail_feature_index=true,https://www.kaigokensaku.mhlw.go.jp/13/index.php?JigyosyoCd=1372303550-00&ServiceCd=510&action_kouhyou_detail_024_kihon=true
327,リバーサイドグリーン,特別養護老人ホーム,1372300358-00,510,0,50,138,2026-07-29,0/50人,2026-09-21T04:19:03+09:00,200,200,ok,,https://www.kaigokensaku.mhlw.go.jp/13/index.php?JigyosyoCd=1372300358-00&ServiceCd=510&action_kouhyou_detail_feature_index=true,https://www.kaigokensaku.mhlw.go.jp/13/index.php?JigyosyoCd=1372300358-00&ServiceCd=510&action_kouhyou_detail_024_kihon=true
328,清心苑,特別養護老人ホーム,1372300408-00,510,8,136,22,2026-09-07,8/136人,2026-09-21T04:19:05+09:00,200,200,ok,,https://www.kaigokensaku.mhlw.go.jp/13/index.php?JigyosyoCd=1372300408-00&ServiceCd=510&action_kouhyou_detail_feature_index=true,https://www.kaigokensaku.mhlw.go.jp/13/index.php?JigyosyoCd=1372300408-00&ServiceCd=510&action_kouhyou_detail_024_kihon=true
329,ウエル江戸川,特別養護老人ホーム,1372301398-00,510,0,50,265,2026-09-04,0/50人,2026-09-21T04:19:08+09:00,200,200,ok,,https://www.kaigokensaku.mhlw.go.jp/13/index.php?JigyosyoCd=1372301398-00&ServiceCd=510&action_kouhyou_detail_feature_index=true,https://www.kaigokensaku.mhlw.go.jp/13/index.php?JigyosyoCd=1372301398-00&ServiceCd=510&action_kouhyou_detail_024_kihon=true
330,アゼリー江戸川,特別養護老人ホーム,1372300416-00,510,3,85,370,2026-09-20,3/85人,2026-09-21T04:19:10+09:00,200,200,ok,,https://www.kaigokensaku.mhlw.go.jp/13/index.php?JigyosyoCd=1372300416-00&ServiceCd=510&action_kouhyou_detail_feature_index=true,https://www.kaigokensaku.mhlw.go.jp/13/index.php?JigyosyoCd=1372300416-00&ServiceCd=510&action_kouhyou_detail_024_kihon=true
331,泰山,特別養護老人ホーム,1372301752-00,510,0,72,249,2025-07-25,0/72人,2026-09-21T04:19:12+09:00,200,200,ok,,https://www.kaigokensaku.mhlw.go.jp/13/index.php?JigyosyoCd=1372301752-00&ServiceCd=510&action_kouhyou_detail_feature_index=true,https://www.kaigokensaku.mhlw.go.jp/13/index.php?JigyosyoCd=1372301752-00&ServiceCd=510&action_kouhyou_detail_024_kihon=true
332,江戸川光照苑,特別養護老人ホーム,1372300390-00,510,2,63,321,2026-08-28,2/63人,2026-09-21T04:19:14+09:00,200,200,ok,,https://www.kaigokensaku.mhlw.go.jp/13/index.php?JigyosyoCd=1372300390-00&ServiceCd=510&action_kouhyou_detail_feature_index=true,https://www.kaigokensaku.mhlw.go.jp/13/index.php?JigyosyoCd=1372300390-00&ServiceCd=510&action_kouhyou_detail_024_kihon=true
333,小岩ホーム,特別養護老人ホーム,1372300382-00,510,1,50,299,2026-09-04,1/50人,2026-09-21T04:19:17+09:00,200,200,ok,,https://www.kaigokensaku.mhlw.go.jp/13/index.php?JigyosyoCd=1372300382-00&ServiceCd=510&action_kouhyou_detail_feature_index=true,https://www.kaigokensaku.mhlw.go.jp/13/index.php?JigyosyoCd=1372300382-00&ServiceCd=510&action_kouhyou_detail_024_kihon=true
334,きく,特別養護老人ホーム,1372301968-00,510,0,0,410,2017-07-25,0/0人,2026-09-21T04:19:19+09:00,200,200,ok,,https://www.kaigokensaku.mhlw.go.jp/13/index.php?JigyosyoCd=1372301968-00&ServiceCd=510&action_kouhyou_detail_feature_index=true,https://www.kaigokensaku.mhlw.go.jp/13/index.php?JigyosyoCd=1372301968-00&ServiceCd=510&action_kouhyou_detail_024_kihon=true
335,みどりの郷福楽園,特別養護老人ホーム,1372301745-00,510,0,104,364,2025-07-17,0/104人,2026-09-21T04:19:21+09:00,200,200,ok,,https://www.kaigokensaku.mhlw.go.jp/13/index.php?JigyosyoCd=1372301745-00&ServiceCd=510&action_kouhyou_detail_feature_index=true,https://www.kaigokensaku.mhlw.go.jp/13/index.php?JigyosyoCd=1372301745-00&ServiceCd=510&action_kouhyou_detail_024_kihon=true
336,なぎさ和楽苑,特別養護老人ホーム,1372301638-00,510,0,120,358,2026-08-29,0/120人,2026-09-21T04:19:23+09:00,200,200,ok,,https://www.kaigokensaku.mhlw.go.jp/13/index.php?JigyosyoCd=1372301638-00&ServiceCd=510&action_kouhyou_detail_feature_index=true,https://www.kaigokensaku.mhlw.go.jp/13/index.php?JigyosyoCd=1372301638-00&ServiceCd=510&action_kouhyou_detail_024_kihon=true
337,暖心苑,特別養護老人ホーム,1372300366-00,510,,120,330,,,2026-09-21T04:19:25+09:00,200,200,ok_partial_public_value,,https://www.kaigokensaku.mhlw.go.jp/13/index.php?JigyosyoCd=1372300366-00&ServiceCd=510&action_kouhyou_detail_feature_index=true,https://www.kaigokensaku.mhlw.go.jp/13/index.php?JigyosyoCd=1372300366-00&ServiceCd=510&action_kouhyou_detail_024_kihon=true
338,わとなーる,特別養護老人ホーム,1392300032-00,540,0,20,,2026-09-16,0/20人,2026-09-21T04:19:28+09:00,200,200,ok_partial_public_value,,https://www.kaigokensaku.mhlw.go.jp/13/index.php?JigyosyoCd=1392300032-00&ServiceCd=540&action_kouhyou_detail_feature_index=true,https://www.kaigokensaku.mhlw.go.jp/13/index.php?JigyosyoCd=1392300032-00&ServiceCd=540&action_kouhyou_detail_024_kihon=true
339,古川親水苑,特別養護老人ホーム,1372307205-00,510,1,120,143,2026-08-01,1/120人,2026-09-21T04:19:30+09:00,200,200,ok,,https://www.kaigokensaku.mhlw.go.jp/13/index.php?JigyosyoCd=1372307205-00&ServiceCd=510&action_kouhyou_detail_feature_index=true,https://www.kaigokensaku.mhlw.go.jp/13/index.php?JigyosyoCd=1372307205-00&ServiceCd=510&action_kouhyou_detail_024_kihon=true
340,タムスさくらの杜江戸川,特別養護老人ホーム,1372307437-00,510,0,120,5,2026-09-18,0/120人,2026-09-21T04:19:32+09:00,200,200,ok,,https://www.kaigokensaku.mhlw.go.jp/13/index.php?JigyosyoCd=1372307437-00&ServiceCd=510&action_kouhyou_detail_feature_index=true,https://www.kaigokensaku.mhlw.go.jp/13/index.php?JigyosyoCd=1372307437-00&ServiceCd=510&action_kouhyou_detail_024_kihon=true
341,わとなーる葛西,特別養護老人ホーム,1372308674-00,510,2,89,250,2022-07-05,2/89人,2026-09-21T04:19:34+09:00,200,200,ok,,https://www.kaigokensaku.mhlw.go.jp/13/index.php?JigyosyoCd=1372308674-00&ServiceCd=510&action_kouhyou_detail_feature_index=true,https://www.kaigokensaku.mhlw.go.jp/13/index.php?JigyosyoCd=1372308674-00&ServiceCd=510&action_kouhyou_detail_024_kihon=true
342,癒しの里 西小松川,特別養護老人ホーム,1372309052-00,510,2,70,70,2024-10-30,2/70人,2026-09-21T04:19:36+09:00,200,200,ok,,https://www.kaigokensaku.mhlw.go.jp/13/index.php?JigyosyoCd=1372309052-00&ServiceCd=510&action_kouhyou_detail_feature_index=true,https://www.kaigokensaku.mhlw.go.jp/13/index.php?JigyosyoCd=1372309052-00&ServiceCd=510&action_kouhyou_detail_024_kihon=true
343,タムスさくらの杜春江,特別養護老人ホーム,1372309482-00,510,0,140,235,2026-09-10,0/140人,2026-09-21T04:19:39+09:00,200,200,ok,,https://www.kaigokensaku.mhlw.go.jp/13/index.php?JigyosyoCd=1372309482-00&ServiceCd=510&action_kouhyou_detail_feature_index=true,https://www.kaigokensaku.mhlw.go.jp/13/index.php?JigyosyoCd=1372309482-00&ServiceCd=510&action_kouhyou_detail_024_kihon=true
344,第三みどりの郷,特別養護老人ホーム,1372310530-00,510,0,49,0,2026-08-13,0/49人,2026-09-21T04:19:41+09:00,200,200,ok,,https://www.kaigokensaku.mhlw.go.jp/13/index.php?JigyosyoCd=1372310530-00&ServiceCd=510&action_kouhyou_detail_feature_index=true,https://www.kaigokensaku.mhlw.go.jp/13/index.php?JigyosyoCd=1372310530-00&ServiceCd=510&action_kouhyou_detail_024_kihon=true
345,やすらぎの里北小岩,特別養護老人ホーム,1372310605-00,510,0,80,162,2026-09-02,0/80人,2026-09-21T04:19:43+09:00,200,200,ok,,https://www.kaigokensaku.mhlw.go.jp/13/index.php?JigyosyoCd=1372310605-00&ServiceCd=510&action_kouhyou_detail_feature_index=true,https://www.kaigokensaku.mhlw.go.jp/13/index.php?JigyosyoCd=1372310605-00&ServiceCd=510&action_kouhyou_detail_024_kihon=true
346,タムスさくらの杜南葛西,特別養護老人ホーム,1372310951-00,510,1,84,320,2026-09-04,1/84人,2026-09-21T04:19:45+09:00,200,200,ok,,https://www.kaigokensaku.mhlw.go.jp/13/index.php?JigyosyoCd=1372310951-00&ServiceCd=510&action_kouhyou_detail_feature_index=true,https://www.kaigokensaku.mhlw.go.jp/13/index.php?JigyosyoCd=1372310951-00&ServiceCd=510&action_kouhyou_detail_024_kihon=true
347,いずみ,特別養護老人ホーム,1372311504-00,510,0,0,0,,0/0人,2026-09-21T04:19:48+09:00,200,200,ok,,https://www.kaigokensaku.mhlw.go.jp/13/index.php?JigyosyoCd=1372311504-00&ServiceCd=510&action_kouhyou_detail_feature_index=true,https://www.kaigokensaku.mhlw.go.jp/13/index.php?JigyosyoCd=1372311504-00&ServiceCd=510&action_kouhyou_detail_024_kihon=true
348,タムスさくらの杜一之江,特別養護老人ホーム,1372311330-00,510,0,80,161,2025-07-22,0/80人,2026-09-21T04:19:50+09:00,200,200,ok,,https://www.kaigokensaku.mhlw.go.jp/13/index.php?JigyosyoCd=1372311330-00&ServiceCd=510&action_kouhyou_detail_feature_index=true,https://www.kaigokensaku.mhlw.go.jp/13/index.php?JigyosyoCd=1372311330-00&ServiceCd=510&action_kouhyou_detail_024_kihon=true
349,椛の里,特別養護老人ホーム,1372900298-00,510,0,82,150,2023-08-09,0/82人,2026-09-21T04:19:52+09:00,200,200,ok,,https://www.kaigokensaku.mhlw.go.jp/13/index.php?JigyosyoCd=1372900298-00&ServiceCd=510&action_kouhyou_detail_feature_index=true,https://www.kaigokensaku.mhlw.go.jp/13/index.php?JigyosyoCd=1372900298-00&ServiceCd=510&action_kouhyou_detail_024_kihon=true
350,偕楽園ホーム,特別養護老人ホーム,1372900348-00,510,3,100,100,2025-08-09,3/100人,2026-09-21T04:19:54+09:00,200,200,ok,,https://www.kaigokensaku.mhlw.go.jp/13/index.php?JigyosyoCd=1372900348-00&ServiceCd=510&action_kouhyou_detail_feature_index=true,https://www.kaigokensaku.mhlw.go.jp/13/index.php?JigyosyoCd=1372900348-00&ServiceCd=510&action_kouhyou_detail_024_kihon=true
351,ファミリーマイホーム,特別養護老人ホーム,1372900421-00,510,0,100,350,2026-09-18,0/100人,2026-09-21T04:19:58+09:00,200,200,ok,,https://www.kaigokensaku.mhlw.go.jp/13/index.php?JigyosyoCd=1372900421-00&ServiceCd=510&action_kouhyou_detail_feature_index=true,https://www.kaigokensaku.mhlw.go.jp/13/index.php?JigyosyoCd=1372900421-00&ServiceCd=510&action_kouhyou_detail_024_kihon=true
352,藤寿苑,特別養護老人ホーム,1372900405-00,510,0,130,250,2026-08-12,0/130人,2026-09-21T04:20:03+09:00,200,200,ok,,https://www.kaigokensaku.mhlw.go.jp/13/index.php?JigyosyoCd=1372900405-00&ServiceCd=510&action_kouhyou_detail_feature_index=true,https://www.kaigokensaku.mhlw.go.jp/13/index.php?JigyosyoCd=1372900405-00&ServiceCd=510&action_kouhyou_detail_024_kihon=true
353,マザー・ベル,特別養護老人ホーム,1372900397-00,510,3,60,145,2023-07-24,3/60人,2026-09-21T04:20:05+09:00,200,200,ok,,https://www.kaigokensaku.mhlw.go.jp/13/index.php?JigyosyoCd=1372900397-00&ServiceCd=510&action_kouhyou_detail_feature_index=true,https://www.kaigokensaku.mhlw.go.jp/13/index.php?JigyosyoCd=1372900397-00&ServiceCd=510&action_kouhyou_detail_024_kihon=true
354,みやま大樹の苑,特別養護老人ホーム,1372900389-00,510,1,113,475,2026-09-16,1/113人,2026-09-21T04:20:08+09:00,200,200,ok,,https://www.kaigokensaku.mhlw.go.jp/13/index.php?JigyosyoCd=1372900389-00&ServiceCd=510&action_kouhyou_detail_feature_index=true,https://www.kaigokensaku.mhlw.go.jp/13/index.php?JigyosyoCd=1372900389-00&ServiceCd=510&action_kouhyou_detail_024_kihon=true
355,第二徳寿園,特別養護老人ホーム,1372900447-00,510,5,117,334,2026-09-01,5/117人,2026-09-21T04:20:10+09:00,200,200,ok,,https://www.kaigokensaku.mhlw.go.jp/13/index.php?JigyosyoCd=1372900447-00&ServiceCd=510&action_kouhyou_detail_feature_index=true,https://www.kaigokensaku.mhlw.go.jp/13/index.php?JigyosyoCd=1372900447-00&ServiceCd=510&action_kouhyou_detail_024_kihon=true
356,徳寿園,特別養護老人ホーム,1372900330-00,510,3,72,110,2026-09-02,3/72人,2026-09-21T04:20:12+09:00,200,200,ok,,https://www.kaigokensaku.mhlw.go.jp/13/index.php?JigyosyoCd=1372900330-00&ServiceCd=510&action_kouhyou_detail_feature_index=true,https://www.kaigokensaku.mhlw.go.jp/13/index.php?JigyosyoCd=1372900330-00&ServiceCd=510&action_kouhyou_detail_024_kihon=true
357,山水園,特別養護老人ホーム,1372900322-00,510,0,100,126,2026-09-16,0/100人,2026-09-21T04:20:14+09:00,200,200,ok,,https://www.kaigokensaku.mhlw.go.jp/13/index.php?JigyosyoCd=1372900322-00&ServiceCd=510&action_kouhyou_detail_feature_index=true,https://www.kaigokensaku.mhlw.go.jp/13/index.php?JigyosyoCd=1372900322-00&ServiceCd=510&action_kouhyou_detail_024_kihon=true
358,サントピア,特別養護老人ホーム,1372900363-00,510,,,,,,2026-09-21T04:20:16+09:00,200,200,ok_no_public_value,,https://www.kaigokensaku.mhlw.go.jp/13/index.php?JigyosyoCd=1372900363-00&ServiceCd=510&action_kouhyou_detail_feature_index=true,https://www.kaigokensaku.mhlw.go.jp/13/index.php?JigyosyoCd=1372900363-00&ServiceCd=510&action_kouhyou_detail_024_kihon=true
359,恩方ホーム,特別養護老人ホーム,1372900306-00,510,2,100,120,2026-09-15,2/100人,2026-09-21T04:20:19+09:00,200,200,ok,,https://www.kaigokensaku.mhlw.go.jp/13/index.php?JigyosyoCd=1372900306-00&ServiceCd=510&action_kouhyou_detail_feature_index=true,https://www.kaigokensaku.mhlw.go.jp/13/index.php?JigyosyoCd=1372900306-00&ServiceCd=510&action_kouhyou_detail_024_kihon=true
360,ファミリーイン堀之内,特別養護老人ホーム,1372901452-00,510,4,100,184,2026-09-03,4/100人,2026-09-21T04:20:21+09:00,200,200,ok,,https://www.kaigokensaku.mhlw.go.jp/13/index.php?JigyosyoCd=1372901452-00&ServiceCd=510&action_kouhyou_detail_feature_index=true,https://www.kaigokensaku.mhlw.go.jp/13/index.php?JigyosyoCd=1372901452-00&ServiceCd=510&action_kouhyou_detail_024_kihon=true
361,多摩シルバーハウス,特別養護老人ホーム,1372900413-00,510,2,85,120,2026-09-07,2/85人,2026-09-21T04:20:23+09:00,200,200,ok,,https://www.kaigokensaku.mhlw.go.jp/13/index.php?JigyosyoCd=1372900413-00&ServiceCd=510&action_kouhyou_detail_feature_index=true,https://www.kaigokensaku.mhlw.go.jp/13/index.php?JigyosyoCd=1372900413-00&ServiceCd=510&action_kouhyou_detail_024_kihon=true
362,絹の道,特別養護老人ホーム,1372900439-00,510,0,80,0,2026-09-20,0/80人,2026-09-21T04:20:25+09:00,200,200,ok,,https://www.kaigokensaku.mhlw.go.jp/13/index.php?JigyosyoCd=1372900439-00&ServiceCd=510&action_kouhyou_detail_feature_index=true,https://www.kaigokensaku.mhlw.go.jp/13/index.php?JigyosyoCd=1372900439-00&ServiceCd=510&action_kouhyou_detail_024_kihon=true
363,青陽園,特別養護老人ホーム,1372900280-00,510,0,0,87,2025-09-05,0/0人,2026-09-21T04:20:28+09:00,200,200,ok,,https://www.kaigokensaku.mhlw.go.jp/13/index.php?JigyosyoCd=1372900280-00&ServiceCd=510&action_kouhyou_detail_feature_index=true,https://www.kaigokensaku.mhlw.go.jp/13/index.php?JigyosyoCd=1372900280-00&ServiceCd=510&action_kouhyou_detail_024_kihon=true
364,小松原園,特別養護老人ホーム,1372900462-00,510,0,117,386,2026-09-01,0/117人,2026-09-21T04:20:30+09:00,200,200,ok,,https://www.kaigokensaku.mhlw.go.jp/13/index.php?JigyosyoCd=1372900462-00&ServiceCd=510&action_kouhyou_detail_feature_index=true,https://www.kaigokensaku.mhlw.go.jp/13/index.php?JigyosyoCd=1372900462-00&ServiceCd=510&action_kouhyou_detail_024_kihon=true
365,諏訪の森,特別養護老人ホーム,1372900454-00,510,0,100,76,2025-08-14,0/100人,2026-09-21T04:20:32+09:00,200,200,ok,,https://www.kaigokensaku.mhlw.go.jp/13/index.php?JigyosyoCd=1372900454-00&ServiceCd=510&action_kouhyou_detail_feature_index=true,https://www.kaigokensaku.mhlw.go.jp/13/index.php?JigyosyoCd=1372900454-00&ServiceCd=510&action_kouhyou_detail_024_kihon=true
366,長寿園,特別養護老人ホーム,1372900371-00,510,0,80,47,2026-08-25,0/80人,2026-09-21T04:20:34+09:00,200,200,ok,,https://www.kaigokensaku.mhlw.go.jp/13/index.php?JigyosyoCd=1372900371-00&ServiceCd=510&action_kouhyou_detail_feature_index=true,https://www.kaigokensaku.mhlw.go.jp/13/index.php?JigyosyoCd=1372900371-00&ServiceCd=510&action_kouhyou_detail_024_kihon=true
367,清明園,特別養護老人ホーム,1372900314-00,510,1,120,180,2026-09-02,1/120人,2026-09-21T04:20:36+09:00,200,200,ok,,https://www.kaigokensaku.mhlw.go.jp/13/index.php?JigyosyoCd=1372900314-00&ServiceCd=510&action_kouhyou_detail_feature_index=true,https://www.kaigokensaku.mhlw.go.jp/13/index.php?JigyosyoCd=1372900314-00&ServiceCd=510&action_kouhyou_detail_024_kihon=true
368,福寿園みなみ野,特別養護老人ホーム,1372900355-00,510,0,0,3,2019-08-21,0/0人,2026-09-21T04:20:39+09:00,200,200,ok,,https://www.kaigokensaku.mhlw.go.jp/13/index.php?JigyosyoCd=1372900355-00&ServiceCd=510&action_kouhyou_detail_feature_index=true,https://www.kaigokensaku.mhlw.go.jp/13/index.php?JigyosyoCd=1372900355-00&ServiceCd=510&action_kouhyou_detail_024_kihon=true
369,八王子心成苑,特別養護老人ホーム,1372901387-00,510,3,100,327,2026-09-05,3/100人,2026-09-21T04:20:41+09:00,200,200,ok,,https://www.kaigokensaku.mhlw.go.jp/13/index.php?JigyosyoCd=1372901387-00&ServiceCd=510&action_kouhyou_detail_feature_index=true,https://www.kaigokensaku.mhlw.go.jp/13/index.php?JigyosyoCd=1372901387-00&ServiceCd=510&action_kouhyou_detail_024_kihon=true
370,丘の上レジデンス,特別養護老人ホーム,1392900138-00,540,0,0,,2017-07-09,0/0人,2026-09-21T04:20:43+09:00,200,200,ok_partial_public_value,,https://www.kaigokensaku.mhlw.go.jp/13/index.php?JigyosyoCd=1392900138-00&ServiceCd=540&action_kouhyou_detail_feature_index=true,https://www.kaigokensaku.mhlw.go.jp/13/index.php?JigyosyoCd=1392900138-00&ServiceCd=540&action_kouhyou_detail_024_kihon=true
371,エクリプスみなみ野,特別養護老人ホーム,1372905537-00,510,0,0,225,2024-11-02,0/0人,2026-09-21T04:20:45+09:00,200,200,ok,,https://www.kaigokensaku.mhlw.go.jp/13/index.php?JigyosyoCd=1372905537-00&ServiceCd=510&action_kouhyou_detail_feature_index=true,https://www.kaigokensaku.mhlw.go.jp/13/index.php?JigyosyoCd=1372905537-00&ServiceCd=510&action_kouhyou_detail_024_kihon=true
372,シルクロード鑓水,特別養護老人ホーム,1392900278-00,540,0,0,,2017-07-22,0/0人,2026-09-21T04:20:48+09:00,200,200,ok_partial_public_value,,https://www.kaigokensaku.mhlw.go.jp/13/index.php?JigyosyoCd=1392900278-00&ServiceCd=540&action_kouhyou_detail_feature_index=true,https://www.kaigokensaku.mhlw.go.jp/13/index.php?JigyosyoCd=1392900278-00&ServiceCd=540&action_kouhyou_detail_024_kihon=true
373,第二青陽園,特別養護老人ホーム,1372906774-00,510,1,90,150,2026-09-07,1/90人,2026-09-21T04:20:50+09:00,200,200,ok,,https://www.kaigokensaku.mhlw.go.jp/13/index.php?JigyosyoCd=1372906774-00&ServiceCd=510&action_kouhyou_detail_feature_index=true,https://www.kaigokensaku.mhlw.go.jp/13/index.php?JigyosyoCd=1372906774-00&ServiceCd=510&action_kouhyou_detail_024_kihon=true
374,長舟園,特別養護老人ホーム,1372906949-00,510,0,160,0,2025-07-16,0/160人,2026-09-21T04:20:52+09:00,200,200,ok,,https://www.kaigokensaku.mhlw.go.jp/13/index.php?JigyosyoCd=1372906949-00&ServiceCd=510&action_kouhyou_detail_feature_index=true,https://www.kaigokensaku.mhlw.go.jp/13/index.php?JigyosyoCd=1372906949-00&ServiceCd=510&action_kouhyou_detail_024_kihon=true
375,第二偕楽園ホーム,特別養護老人ホーム,1392900799-00,540,0,29,,2025-08-04,0/29人,2026-09-21T04:20:54+09:00,200,200,ok_partial_public_value,,https://www.kaigokensaku.mhlw.go.jp/13/index.php?JigyosyoCd=1392900799-00&ServiceCd=540&action_kouhyou_detail_feature_index=true,https://www.kaigokensaku.mhlw.go.jp/13/index.php?JigyosyoCd=1392900799-00&ServiceCd=540&action_kouhyou_detail_024_kihon=true
376,桜の里,特別養護老人ホーム,1372908176-00,510,10,108,8,2026-09-01,10/108人,2026-09-21T04:20:56+09:00,200,200,ok,,https://www.kaigokensaku.mhlw.go.jp/13/index.php?JigyosyoCd=1372908176-00&ServiceCd=510&action_kouhyou_detail_feature_index=true,https://www.kaigokensaku.mhlw.go.jp/13/index.php?JigyosyoCd=1372908176-00&ServiceCd=510&action_kouhyou_detail_024_kihon=true
377,至誠キートスホーム,特別養護老人ホーム,1373000601-00,510,1,70,113,2026-09-15,1/70人,2026-09-21T04:20:59+09:00,200,200,ok,,https://www.kaigokensaku.mhlw.go.jp/13/index.php?JigyosyoCd=1373000601-00&ServiceCd=510&action_kouhyou_detail_feature_index=true,https://www.kaigokensaku.mhlw.go.jp/13/index.php?JigyosyoCd=1373000601-00&ServiceCd=510&action_kouhyou_detail_024_kihon=true
378,フェローホームズ,特別養護老人ホーム,1373000254-00,510,0,100,77,2026-09-01,0/100人,2026-09-21T04:21:01+09:00,200,200,ok,,https://www.kaigokensaku.mhlw.go.jp/13/index.php?JigyosyoCd=1373000254-00&ServiceCd=510&action_kouhyou_detail_feature_index=true,https://www.kaigokensaku.mhlw.go.jp/13/index.php?JigyosyoCd=1373000254-00&ServiceCd=510&action_kouhyou_detail_024_kihon=true
379,至誠特別養護老人ホーム,特別養護老人ホーム,1373000221-00,510,7,86,114,2026-09-03,7/86人,2026-09-21T04:21:03+09:00,200,200,ok,,https://www.kaigokensaku.mhlw.go.jp/13/index.php?JigyosyoCd=1373000221-00&ServiceCd=510&action_kouhyou_detail_feature_index=true,https://www.kaigokensaku.mhlw.go.jp/13/index.php?JigyosyoCd=1373000221-00&ServiceCd=510&action_kouhyou_detail_024_kihon=true
380,敬愛ホーム,特別養護老人ホーム,1373000262-00,510,0,30,30,2026-08-18,0/30人,2026-09-21T04:21:05+09:00,200,200,ok,,https://www.kaigokensaku.mhlw.go.jp/13/index.php?JigyosyoCd=1373000262-00&ServiceCd=510&action_kouhyou_detail_feature_index=true,https://www.kaigokensaku.mhlw.go.jp/13/index.php?JigyosyoCd=1373000262-00&ServiceCd=510&action_kouhyou_detail_024_kihon=true
381,砂川園,特別養護老人ホーム,1373000239-00,510,10,160,154,2022-12-13,10/160人,2026-09-21T04:21:07+09:00,200,200,ok,,https://www.kaigokensaku.mhlw.go.jp/13/index.php?JigyosyoCd=1373000239-00&ServiceCd=510&action_kouhyou_detail_feature_index=true,https://www.kaigokensaku.mhlw.go.jp/13/index.php?JigyosyoCd=1373000239-00&ServiceCd=510&action_kouhyou_detail_024_kihon=true
382,西砂ホーム,特別養護老人ホーム,1373000247-00,510,5,102,28,2025-07-18,5/102人,2026-09-21T04:21:10+09:00,200,200,ok,,https://www.kaigokensaku.mhlw.go.jp/13/index.php?JigyosyoCd=1373000247-00&ServiceCd=510&action_kouhyou_detail_feature_index=true,https://www.kaigokensaku.mhlw.go.jp/13/index.php?JigyosyoCd=1373000247-00&ServiceCd=510&action_kouhyou_detail_024_kihon=true
383,ほゝえみ,特別養護老人ホーム,1393000086-00,540,0,29,,2025-09-24,0/29人,2026-09-21T04:21:12+09:00,200,200,ok_partial_public_value,,https://www.kaigokensaku.mhlw.go.jp/13/index.php?JigyosyoCd=1393000086-00&ServiceCd=540&action_kouhyou_detail_feature_index=true,https://www.kaigokensaku.mhlw.go.jp/13/index.php?JigyosyoCd=1393000086-00&ServiceCd=540&action_kouhyou_detail_024_kihon=true
384,高松の家,特別養護老人ホーム,1393000128-00,540,0,28,,2026-09-01,0/28人,2026-09-21T04:21:14+09:00,200,200,ok_partial_public_value,,https://www.kaigokensaku.mhlw.go.jp/13/index.php?JigyosyoCd=1393000128-00&ServiceCd=540&action_kouhyou_detail_feature_index=true,https://www.kaigokensaku.mhlw.go.jp/13/index.php?JigyosyoCd=1393000128-00&ServiceCd=540&action_kouhyou_detail_024_kihon=true
385,至誠ホームアウリンコ,特別養護老人ホーム,1373003019-00,510,1,129,119,2026-09-15,1/129人,2026-09-21T04:21:16+09:00,200,200,ok,,https://www.kaigokensaku.mhlw.go.jp/13/index.php?JigyosyoCd=1373003019-00&ServiceCd=510&action_kouhyou_detail_feature_index=true,https://www.kaigokensaku.mhlw.go.jp/13/index.php?JigyosyoCd=1373003019-00&ServiceCd=510&action_kouhyou_detail_024_kihon=true
386,至誠ホームオンニ,特別養護老人ホーム,1373003290-00,510,2,48,25,2026-09-02,2/48人,2026-09-21T04:21:18+09:00,200,200,ok,,https://www.kaigokensaku.mhlw.go.jp/13/index.php?JigyosyoCd=1373003290-00&ServiceCd=510&action_kouhyou_detail_feature_index=true,https://www.kaigokensaku.mhlw.go.jp/13/index.php?JigyosyoCd=1373003290-00&ServiceCd=510&action_kouhyou_detail_024_kihon=true
387,吉祥寺ナーシングホーム,特別養護老人ホーム,1373301389-00,510,0,50,162,2019-09-03,0/50人,2026-09-21T04:21:21+09:00,200,200,ok,,https://www.kaigokensaku.mhlw.go.jp/13/index.php?JigyosyoCd=1373301389-00&ServiceCd=510&action_kouhyou_detail_feature_index=true,https://www.kaigokensaku.mhlw.go.jp/13/index.php?JigyosyoCd=1373301389-00&ServiceCd=510&action_kouhyou_detail_024_kihon=true
388,ゆとりえ,特別養護老人ホーム,1373300209-00,510,1,30,245,2026-08-27,1/30人,2026-09-21T04:21:23+09:00,200,200,ok,,https://www.kaigokensaku.mhlw.go.jp/13/index.php?JigyosyoCd=1373300209-00&ServiceCd=510&action_kouhyou_detail_feature_index=true,https://www.kaigokensaku.mhlw.go.jp/13/index.php?JigyosyoCd=1373300209-00&ServiceCd=510&action_kouhyou_detail_024_kihon=true
389,親の家,特別養護老人ホーム,1373300803-00,510,0,45,287,2026-07-01,0/45人,2026-09-21T04:21:25+09:00,200,200,ok,,https://www.kaigokensaku.mhlw.go.jp/13/index.php?JigyosyoCd=1373300803-00&ServiceCd=510&action_kouhyou_detail_feature_index=true,https://www.kaigokensaku.mhlw.go.jp/13/index.php?JigyosyoCd=1373300803-00&ServiceCd=510&action_kouhyou_detail_024_kihon=true
390,武蔵野館,特別養護老人ホーム,1373300217-00,510,1,40,0,2025-07-22,1/40人,2026-09-21T04:21:27+09:00,200,200,ok,,https://www.kaigokensaku.mhlw.go.jp/13/index.php?JigyosyoCd=1373300217-00&ServiceCd=510&action_kouhyou_detail_feature_index=true,https://www.kaigokensaku.mhlw.go.jp/13/index.php?JigyosyoCd=1373300217-00&ServiceCd=510&action_kouhyou_detail_024_kihon=true
391,ケアコート武蔵野,特別養護老人ホーム,1373301728-00,510,0,72,226,2026-09-01,0/72人,2026-09-21T04:21:30+09:00,200,200,ok,,https://www.kaigokensaku.mhlw.go.jp/13/index.php?JigyosyoCd=1373301728-00&ServiceCd=510&action_kouhyou_detail_feature_index=true,https://www.kaigokensaku.mhlw.go.jp/13/index.php?JigyosyoCd=1373301728-00&ServiceCd=510&action_kouhyou_detail_024_kihon=true
392,さくらえん,特別養護老人ホーム,1373301918-00,510,0,100,103,2026-09-17,0/100人,2026-09-21T04:21:32+09:00,200,200,ok,,https://www.kaigokensaku.mhlw.go.jp/13/index.php?JigyosyoCd=1373301918-00&ServiceCd=510&action_kouhyou_detail_feature_index=true,https://www.kaigokensaku.mhlw.go.jp/13/index.php?JigyosyoCd=1373301918-00&ServiceCd=510&action_kouhyou_detail_024_kihon=true
393,とらいふ武蔵野,特別養護老人ホーム,1373302478-00,510,0,0,172,2025-08-14,0/0人,2026-09-21T04:21:34+09:00,200,200,ok,,https://www.kaigokensaku.mhlw.go.jp/13/index.php?JigyosyoCd=1373302478-00&ServiceCd=510&action_kouhyou_detail_feature_index=true,https://www.kaigokensaku.mhlw.go.jp/13/index.php?JigyosyoCd=1373302478-00&ServiceCd=510&action_kouhyou_detail_024_kihon=true
394,恵比寿苑,特別養護老人ホーム,1373600327-00,510,1,65,156,2026-09-04,1/65人,2026-09-21T04:21:36+09:00,200,200,ok,,https://www.kaigokensaku.mhlw.go.jp/13/index.php?JigyosyoCd=1373600327-00&ServiceCd=510&action_kouhyou_detail_feature_index=true,https://www.kaigokensaku.mhlw.go.jp/13/index.php?JigyosyoCd=1373600327-00&ServiceCd=510&action_kouhyou_detail_024_kihon=true
395,弘済園,特別養護老人ホーム,1373600053-00,510,0,0,250,2017-07-20,0/0人,2026-09-21T04:21:38+09:00,200,200,ok,,https://www.kaigokensaku.mhlw.go.jp/13/index.php?JigyosyoCd=1373600053-00&ServiceCd=510&action_kouhyou_detail_feature_index=true,https://www.kaigokensaku.mhlw.go.jp/13/index.php?JigyosyoCd=1373600053-00&ServiceCd=510&action_kouhyou_detail_024_kihon=true
396,みたか紫水園,特別養護老人ホーム,1373601820-00,510,4,120,150,2026-07-01,4/120人,2026-09-21T04:21:41+09:00,200,200,ok,,https://www.kaigokensaku.mhlw.go.jp/13/index.php?JigyosyoCd=1373601820-00&ServiceCd=510&action_kouhyou_detail_feature_index=true,https://www.kaigokensaku.mhlw.go.jp/13/index.php?JigyosyoCd=1373601820-00&ServiceCd=510&action_kouhyou_detail_024_kihon=true
397,三鷹げんき,特別養護老人ホーム,1373602950-00,510,4,132,110,2026-09-07,4/132人,2026-09-21T04:21:43+09:00,200,200,ok,,https://www.kaigokensaku.mhlw.go.jp/13/index.php?JigyosyoCd=1373602950-00&ServiceCd=510&action_kouhyou_detail_feature_index=true,https://www.kaigokensaku.mhlw.go.jp/13/index.php?JigyosyoCd=1373602950-00&ServiceCd=510&action_kouhyou_detail_024_kihon=true
398,ピオーネ三鷹,特別養護老人ホーム,1373602984-00,510,0,104,132,2026-09-03,0/104人,2026-09-21T04:21:45+09:00,200,200,ok,,https://www.kaigokensaku.mhlw.go.jp/13/index.php?JigyosyoCd=1373602984-00&ServiceCd=510&action_kouhyou_detail_feature_index=true,https://www.kaigokensaku.mhlw.go.jp/13/index.php?JigyosyoCd=1373602984-00&ServiceCd=510&action_kouhyou_detail_024_kihon=true
399,あゆみえん,特別養護老人ホーム,1372800225-00,510,2,168,0,2026-08-26,2/168人,2026-09-21T04:21:47+09:00,200,200,ok,,https://www.kaigokensaku.mhlw.go.jp/13/index.php?JigyosyoCd=1372800225-00&ServiceCd=510&action_kouhyou_detail_feature_index=true,https://www.kaigokensaku.mhlw.go.jp/13/index.php?JigyosyoCd=1372800225-00&ServiceCd=510&action_kouhyou_detail_024_kihon=true
400,九十九園,特別養護老人ホーム,1372801439-00,510,0,100,13,2026-09-08,0/100人,2026-09-21T04:21:49+09:00,200,200,ok,,https://www.kaigokensaku.mhlw.go.jp/13/index.php?JigyosyoCd=1372801439-00&ServiceCd=510&action_kouhyou_detail_feature_index=true,https://www.kaigokensaku.mhlw.go.jp/13/index.php?JigyosyoCd=1372801439-00&ServiceCd=510&action_kouhyou_detail_024_kihon=true
401,和楽ホーム,特別養護老人ホーム,1372800100-00,510,0,120,25,2026-07-01,0/120人,2026-09-20T19:15:44+09:00,200,200,ok,,https://www.kaigokensaku.mhlw.go.jp/13/index.php?JigyosyoCd=1372800100-00&ServiceCd=510&action_kouhyou_detail_feature_index=true,https://www.kaigokensaku.mhlw.go.jp/13/index.php?JigyosyoCd=1372800100-00&ServiceCd=510&action_kouhyou_detail_024_kihon=true
402,青梅愛弘園,特別養護老人ホーム,1372800084-00,510,2,110,66,2026-09-16,2/110人,2026-09-20T19:15:48+09:00,200,200,ok,,https://www.kaigokensaku.mhlw.go.jp/13/index.php?JigyosyoCd=1372800084-00&ServiceCd=510&action_kouhyou_detail_feature_index=true,https://www.kaigokensaku.mhlw.go.jp/13/index.php?JigyosyoCd=1372800084-00&ServiceCd=510&action_kouhyou_detail_024_kihon=true
403,第二青梅園,特別養護老人ホーム,1372800712-00,510,0,100,24,2017-07-07,0/100人,2026-09-20T19:15:51+09:00,200,200,ok,,https://www.kaigokensaku.mhlw.go.jp/13/index.php?JigyosyoCd=1372800712-00&ServiceCd=510&action_kouhyou_detail_feature_index=true,https://www.kaigokensaku.mhlw.go.jp/13/index.php?JigyosyoCd=1372800712-00&ServiceCd=510&action_kouhyou_detail_024_kihon=true
404,青梅園,特別養護老人ホーム,1372800159-00,510,0,0,15,2016-08-15,0/0人,2026-09-20T19:15:53+09:00,200,200,ok,,https://www.kaigokensaku.mhlw.go.jp/13/index.php?JigyosyoCd=1372800159-00&ServiceCd=510&action_kouhyou_detail_feature_index=true,https://www.kaigokensaku.mhlw.go.jp/13/index.php?JigyosyoCd=1372800159-00&ServiceCd=510&action_kouhyou_detail_024_kihon=true
405,青梅白寿苑,特別養護老人ホーム,1372800126-00,510,0,100,8,2023-07-27,0/100人,2026-09-20T19:15:55+09:00,200,200,ok,,https://www.kaigokensaku.mhlw.go.jp/13/index.php?JigyosyoCd=1372800126-00&ServiceCd=510&action_kouhyou_detail_feature_index=true,https://www.kaigokensaku.mhlw.go.jp/13/index.php?JigyosyoCd=1372800126-00&ServiceCd=510&action_kouhyou_detail_024_kihon=true
406,塩船園,特別養護老人ホーム,1372801447-00,510,1,150,128,2026-09-04,1/150人,2026-09-20T19:15:57+09:00,200,200,ok,,https://www.kaigokensaku.mhlw.go.jp/13/index.php?JigyosyoCd=1372801447-00&ServiceCd=510&action_kouhyou_detail_feature_index=true,https://www.kaigokensaku.mhlw.go.jp/13/index.php?JigyosyoCd=1372801447-00&ServiceCd=510&action_kouhyou_detail_024_kihon=true
407,やすらぎの家,特別養護老人ホーム,1372800290-00,510,2,100,68,2026-05-24,2/100人,2026-09-20T19:16:00+09:00,200,200,ok,,https://www.kaigokensaku.mhlw.go.jp/13/index.php?JigyosyoCd=1372800290-00&ServiceCd=510&action_kouhyou_detail_feature_index=true,https://www.kaigokensaku.mhlw.go.jp/13/index.php?JigyosyoCd=1372800290-00&ServiceCd=510&action_kouhyou_detail_024_kihon=true
408,今井苑,特別養護老人ホーム,1372800217-00,510,2,80,0,2026-09-15,2/80人,2026-09-20T19:16:02+09:00,200,200,ok,,https://www.kaigokensaku.mhlw.go.jp/13/index.php?JigyosyoCd=1372800217-00&ServiceCd=510&action_kouhyou_detail_feature_index=true,https://www.kaigokensaku.mhlw.go.jp/13/index.php?JigyosyoCd=1372800217-00&ServiceCd=510&action_kouhyou_detail_024_kihon=true
409,成蹊園,特別養護老人ホーム,1372800282-00,510,9,151,0,2018-07-25,9/151人,2026-09-20T19:16:04+09:00,200,200,ok,,https://www.kaigokensaku.mhlw.go.jp/13/index.php?JigyosyoCd=1372800282-00&ServiceCd=510&action_kouhyou_detail_feature_index=true,https://www.kaigokensaku.mhlw.go.jp/13/index.php?JigyosyoCd=1372800282-00&ServiceCd=510&action_kouhyou_detail_024_kihon=true
410,青梅天使園,特別養護老人ホーム,1372800241-00,510,1,70,126,2026-08-21,1/70人,2026-09-20T19:16:07+09:00,200,200,ok,,https://www.kaigokensaku.mhlw.go.jp/13/index.php?JigyosyoCd=1372800241-00&ServiceCd=510&action_kouhyou_detail_feature_index=true,https://www.kaigokensaku.mhlw.go.jp/13/index.php?JigyosyoCd=1372800241-00&ServiceCd=510&action_kouhyou_detail_024_kihon=true
411,青梅療育院,特別養護老人ホーム,1372800142-00,510,0,100,36,2026-08-05,0/100人,2026-09-20T19:16:09+09:00,200,200,ok,,https://www.kaigokensaku.mhlw.go.jp/13/index.php?JigyosyoCd=1372800142-00&ServiceCd=510&action_kouhyou_detail_feature_index=true,https://www.kaigokensaku.mhlw.go.jp/13/index.php?JigyosyoCd=1372800142-00&ServiceCd=510&action_kouhyou_detail_024_kihon=true
412,大洋園,特別養護老人ホーム,1372800175-00,510,0,120,170,2026-09-01,0/120人,2026-09-20T19:16:11+09:00,200,200,ok,,https://www.kaigokensaku.mhlw.go.jp/13/index.php?JigyosyoCd=1372800175-00&ServiceCd=510&action_kouhyou_detail_feature_index=true,https://www.kaigokensaku.mhlw.go.jp/13/index.php?JigyosyoCd=1372800175-00&ServiceCd=510&action_kouhyou_detail_024_kihon=true
413,杜の園,特別養護老人ホーム,1372800266-00,510,0,100,50,2023-07-28,0/100人,2026-09-20T19:16:13+09:00,200,200,ok,,https://www.kaigokensaku.mhlw.go.jp/13/index.php?JigyosyoCd=1372800266-00&ServiceCd=510&action_kouhyou_detail_feature_index=true,https://www.kaigokensaku.mhlw.go.jp/13/index.php?JigyosyoCd=1372800266-00&ServiceCd=510&action_kouhyou_detail_024_kihon=true
414,カントリービラ青梅,特別養護老人ホーム,1372800209-00,510,1,100,7,2026-09-14,1/100人,2026-09-20T19:16:16+09:00,200,200,ok,,https://www.kaigokensaku.mhlw.go.jp/13/index.php?JigyosyoCd=1372800209-00&ServiceCd=510&action_kouhyou_detail_feature_index=true,https://www.kaigokensaku.mhlw.go.jp/13/index.php?JigyosyoCd=1372800209-00&ServiceCd=510&action_kouhyou_detail_024_kihon=true
415,長渕園,特別養護老人ホーム,1372800191-00,510,1,100,3,2026-09-03,1/100人,2026-09-20T19:16:18+09:00,200,200,ok,,https://www.kaigokensaku.mhlw.go.jp/13/index.php?JigyosyoCd=1372800191-00&ServiceCd=510&action_kouhyou_detail_feature_index=true,https://www.kaigokensaku.mhlw.go.jp/13/index.php?JigyosyoCd=1372800191-00&ServiceCd=510&action_kouhyou_detail_024_kihon=true
416,リバーパレス青梅,特別養護老人ホーム,1372800183-00,510,3,100,274,2026-09-15,3/100人,2026-09-20T19:16:20+09:00,200,200,ok,,https://www.kaigokensaku.mhlw.go.jp/13/index.php?JigyosyoCd=1372800183-00&ServiceCd=510&action_kouhyou_detail_feature_index=true,https://www.kaigokensaku.mhlw.go.jp/13/index.php?JigyosyoCd=1372800183-00&ServiceCd=510&action_kouhyou_detail_024_kihon=true
417,第二カントリービラ青梅,特別養護老人ホーム,1372800274-00,510,0,100,0,2026-09-14,0/100人,2026-09-20T19:16:23+09:00,200,200,ok,,https://www.kaigokensaku.mhlw.go.jp/13/index.php?JigyosyoCd=1372800274-00&ServiceCd=510&action_kouhyou_detail_feature_index=true,https://www.kaigokensaku.mhlw.go.jp/13/index.php?JigyosyoCd=1372800274-00&ServiceCd=510&action_kouhyou_detail_024_kihon=true
418,喜久松苑,特別養護老人ホーム,1372800134-00,510,2,98,10,2026-08-28,2/98人,2026-09-20T19:16:25+09:00,200,200,ok,,https://www.kaigokensaku.mhlw.go.jp/13/index.php?JigyosyoCd=1372800134-00&ServiceCd=510&action_kouhyou_detail_feature_index=true,https://www.kaigokensaku.mhlw.go.jp/13/index.php?JigyosyoCd=1372800134-00&ServiceCd=510&action_kouhyou_detail_024_kihon=true
419,第二喜久松苑,特別養護老人ホーム,1372800258-00,510,0,98,153,2026-01-06,0/98人,2026-09-20T19:16:27+09:00,200,200,ok,,https://www.kaigokensaku.mhlw.go.jp/13/index.php?JigyosyoCd=1372800258-00&ServiceCd=510&action_kouhyou_detail_feature_index=true,https://www.kaigokensaku.mhlw.go.jp/13/index.php?JigyosyoCd=1372800258-00&ServiceCd=510&action_kouhyou_detail_024_kihon=true
420,御岳園,特別養護老人ホーム,1372801454-00,510,1,60,17,2026-09-01,1/60人,2026-09-20T19:16:30+09:00,200,200,ok,,https://www.kaigokensaku.mhlw.go.jp/13/index.php?JigyosyoCd=1372801454-00&ServiceCd=510&action_kouhyou_detail_feature_index=true,https://www.kaigokensaku.mhlw.go.jp/13/index.php?JigyosyoCd=1372801454-00&ServiceCd=510&action_kouhyou_detail_024_kihon=true
421,聖明園寿荘,特別養護老人ホーム,1372800167-00,510,5,95,30,2026-09-01,5/95人,2026-09-20T19:16:32+09:00,200,200,ok,,https://www.kaigokensaku.mhlw.go.jp/13/index.php?JigyosyoCd=1372800167-00&ServiceCd=510&action_kouhyou_detail_feature_index=true,https://www.kaigokensaku.mhlw.go.jp/13/index.php?JigyosyoCd=1372800167-00&ServiceCd=510&action_kouhyou_detail_024_kihon=true
422,聖明園富士見荘,特別養護老人ホーム,1372800118-00,510,3,93,20,2026-07-25,3/93人,2026-09-20T19:16:34+09:00,200,200,ok,,https://www.kaigokensaku.mhlw.go.jp/13/index.php?JigyosyoCd=1372800118-00&ServiceCd=510&action_kouhyou_detail_feature_index=true,https://www.kaigokensaku.mhlw.go.jp/13/index.php?JigyosyoCd=1372800118-00&ServiceCd=510&action_kouhyou_detail_024_kihon=true
423,府中市立特別養護老人ホームあさひ苑,特別養護老人ホーム,1373800158-00,510,0,0,240,2023-08-10,0/0人,2026-09-20T19:16:36+09:00,200,200,ok,,https://www.kaigokensaku.mhlw.go.jp/13/index.php?JigyosyoCd=1373800158-00&ServiceCd=510&action_kouhyou_detail_feature_index=true,https://www.kaigokensaku.mhlw.go.jp/13/index.php?JigyosyoCd=1373800158-00&ServiceCd=510&action_kouhyou_detail_024_kihon=true
424,府中市立特別養護老人ホームよつや苑,特別養護老人ホーム,1373800141-00,510,0,80,150,2025-08-01,0/80人,2026-09-20T19:16:39+09:00,200,200,ok,,https://www.kaigokensaku.mhlw.go.jp/13/index.php?JigyosyoCd=1373800141-00&ServiceCd=510&action_kouhyou_detail_feature_index=true,https://www.kaigokensaku.mhlw.go.jp/13/index.php?JigyosyoCd=1373800141-00&ServiceCd=510&action_kouhyou_detail_024_kihon=true
425,信愛緑苑,特別養護老人ホーム,1373800174-00,510,0,0,137,2017-07-25,0/0人,2026-09-20T19:16:41+09:00,200,200,ok,,https://www.kaigokensaku.mhlw.go.jp/13/index.php?JigyosyoCd=1373800174-00&ServiceCd=510&action_kouhyou_detail_feature_index=true,https://www.kaigokensaku.mhlw.go.jp/13/index.php?JigyosyoCd=1373800174-00&ServiceCd=510&action_kouhyou_detail_024_kihon=true
426,たちばなの園白糸台,特別養護老人ホーム,1373800182-00,510,0,92,112,2026-09-02,0/92人,2026-09-20T19:16:43+09:00,200,200,ok,,https://www.kaigokensaku.mhlw.go.jp/13/index.php?JigyosyoCd=1373800182-00&ServiceCd=510&action_kouhyou_detail_feature_index=true,https://www.kaigokensaku.mhlw.go.jp/13/index.php?JigyosyoCd=1373800182-00&ServiceCd=510&action_kouhyou_detail_024_kihon=true
427,鳳仙寮,特別養護老人ホーム,1373800828-00,510,0,65,173,2026-08-11,0/65人,2026-09-20T19:16:45+09:00,200,200,ok,,https://www.kaigokensaku.mhlw.go.jp/13/index.php?JigyosyoCd=1373800828-00&ServiceCd=510&action_kouhyou_detail_feature_index=true,https://www.kaigokensaku.mhlw.go.jp/13/index.php?JigyosyoCd=1373800828-00&ServiceCd=510&action_kouhyou_detail_024_kihon=true
428,信愛泉苑,特別養護老人ホーム,1373800133-00,510,0,0,133,,0/0人,2026-09-20T19:16:48+09:00,200,200,ok,,https://www.kaigokensaku.mhlw.go.jp/13/index.php?JigyosyoCd=1373800133-00&ServiceCd=510&action_kouhyou_detail_feature_index=true,https://www.kaigokensaku.mhlw.go.jp/13/index.php?JigyosyoCd=1373800133-00&ServiceCd=510&action_kouhyou_detail_024_kihon=true
429,安立園特別養護老人ホーム,特別養護老人ホーム,1373800166-00,510,2,69,196,2026-09-01,2/69人,2026-09-20T19:16:50+09:00,200,200,ok,,https://www.kaigokensaku.mhlw.go.jp/13/index.php?JigyosyoCd=1373800166-00&ServiceCd=510&action_kouhyou_detail_feature_index=true,https://www.kaigokensaku.mhlw.go.jp/13/index.php?JigyosyoCd=1373800166-00&ServiceCd=510&action_kouhyou_detail_024_kihon=true
430,特別養護老人ホーム・介護老人福祉施設「わたしの家 府中」,特別養護老人ホーム,1373803004-00,510,0,57,68,2026-08-31,0/57人,2026-09-20T19:16:52+09:00,200,200,ok,,https://www.kaigokensaku.mhlw.go.jp/13/index.php?JigyosyoCd=1373803004-00&ServiceCd=510&action_kouhyou_detail_feature_index=true,https://www.kaigokensaku.mhlw.go.jp/13/index.php?JigyosyoCd=1373803004-00&ServiceCd=510&action_kouhyou_detail_024_kihon=true
431,府中若松苑,特別養護老人ホーム,1373803913-00,510,4,79,160,2026-09-02,4/79人,2026-09-20T19:16:55+09:00,200,200,ok,,https://www.kaigokensaku.mhlw.go.jp/13/index.php?JigyosyoCd=1373803913-00&ServiceCd=510&action_kouhyou_detail_feature_index=true,https://www.kaigokensaku.mhlw.go.jp/13/index.php?JigyosyoCd=1373803913-00&ServiceCd=510&action_kouhyou_detail_024_kihon=true
432,明日に架ける橋,特別養護老人ホーム,1373804127-00,510,0,108,80,2026-09-02,0/108人,2026-09-20T19:16:57+09:00,200,200,ok,,https://www.kaigokensaku.mhlw.go.jp/13/index.php?JigyosyoCd=1373804127-00&ServiceCd=510&action_kouhyou_detail_feature_index=true,https://www.kaigokensaku.mhlw.go.jp/13/index.php?JigyosyoCd=1373804127-00&ServiceCd=510&action_kouhyou_detail_024_kihon=true
433,もくせいの苑,特別養護老人ホーム,1374000170-00,510,0,0,144,2025-09-07,0/0人,2026-09-20T19:16:59+09:00,200,200,ok,,https://www.kaigokensaku.mhlw.go.jp/13/index.php?JigyosyoCd=1374000170-00&ServiceCd=510&action_kouhyou_detail_feature_index=true,https://www.kaigokensaku.mhlw.go.jp/13/index.php?JigyosyoCd=1374000170-00&ServiceCd=510&action_kouhyou_detail_024_kihon=true
434,愛全園,特別養護老人ホーム,1374000147-00,510,1,112,242,2026-09-17,1/112人,2026-09-20T19:17:02+09:00,200,200,ok,,https://www.kaigokensaku.mhlw.go.jp/13/index.php?JigyosyoCd=1374000147-00&ServiceCd=510&action_kouhyou_detail_feature_index=true,https://www.kaigokensaku.mhlw.go.jp/13/index.php?JigyosyoCd=1374000147-00&ServiceCd=510&action_kouhyou_detail_024_kihon=true
435,ニューフジホーム,特別養護老人ホーム,1374000162-00,510,4,100,198,2026-09-01,4/100人,2026-09-20T19:17:04+09:00,200,200,ok,,https://www.kaigokensaku.mhlw.go.jp/13/index.php?JigyosyoCd=1374000162-00&ServiceCd=510&action_kouhyou_detail_feature_index=true,https://www.kaigokensaku.mhlw.go.jp/13/index.php?JigyosyoCd=1374000162-00&ServiceCd=510&action_kouhyou_detail_024_kihon=true
436,フジホーム,特別養護老人ホーム,1374000154-00,510,12,100,300,2026-09-18,12/100人,2026-09-20T19:17:06+09:00,200,200,ok,,https://www.kaigokensaku.mhlw.go.jp/13/index.php?JigyosyoCd=1374000154-00&ServiceCd=510&action_kouhyou_detail_feature_index=true,https://www.kaigokensaku.mhlw.go.jp/13/index.php?JigyosyoCd=1374000154-00&ServiceCd=510&action_kouhyou_detail_024_kihon=true
437,ハピネス昭和の森,特別養護老人ホーム,1374001525-00,510,8,120,0,2026-09-08,8/120人,2026-09-20T19:17:08+09:00,200,200,ok,,https://www.kaigokensaku.mhlw.go.jp/13/index.php?JigyosyoCd=1374001525-00&ServiceCd=510&action_kouhyou_detail_feature_index=true,https://www.kaigokensaku.mhlw.go.jp/13/index.php?JigyosyoCd=1374001525-00&ServiceCd=510&action_kouhyou_detail_024_kihon=true
438,調布市立特別養護老人ホームちょうふの里,特別養護老人ホーム,1374200135-00,510,0,0,538,,0/0人,2026-09-20T19:17:11+09:00,200,200,ok,,https://www.kaigokensaku.mhlw.go.jp/13/index.php?JigyosyoCd=1374200135-00&ServiceCd=510&action_kouhyou_detail_feature_index=true,https://www.kaigokensaku.mhlw.go.jp/13/index.php?JigyosyoCd=1374200135-00&ServiceCd=510&action_kouhyou_detail_024_kihon=true
439,調布八雲苑,特別養護老人ホーム,1374200127-00,510,1,64,168,2026-08-25,1/64人,2026-09-20T19:17:13+09:00,200,200,ok,,https://www.kaigokensaku.mhlw.go.jp/13/index.php?JigyosyoCd=1374200127-00&ServiceCd=510&action_kouhyou_detail_feature_index=true,https://www.kaigokensaku.mhlw.go.jp/13/index.php?JigyosyoCd=1374200127-00&ServiceCd=510&action_kouhyou_detail_024_kihon=true
440,ちょうふ花園,特別養護老人ホーム,1374201224-00,510,6,80,196,2026-09-17,6/80人,2026-09-20T19:17:15+09:00,200,200,ok,,https://www.kaigokensaku.mhlw.go.jp/13/index.php?JigyosyoCd=1374201224-00&ServiceCd=510&action_kouhyou_detail_feature_index=true,https://www.kaigokensaku.mhlw.go.jp/13/index.php?JigyosyoCd=1374201224-00&ServiceCd=510&action_kouhyou_detail_024_kihon=true
441,爽爽荘,特別養護老人ホーム,1374200143-00,510,0,40,124,2025-07-19,0/40人,2026-09-20T19:17:17+09:00,200,200,ok,,https://www.kaigokensaku.mhlw.go.jp/13/index.php?JigyosyoCd=1374200143-00&ServiceCd=510&action_kouhyou_detail_feature_index=true,https://www.kaigokensaku.mhlw.go.jp/13/index.php?JigyosyoCd=1374200143-00&ServiceCd=510&action_kouhyou_detail_024_kihon=true
442,ときわぎ国領,特別養護老人ホーム,1374201612-00,510,0,99,189,2026-08-26,0/99人,2026-09-20T19:17:19+09:00,200,200,ok,,https://www.kaigokensaku.mhlw.go.jp/13/index.php?JigyosyoCd=1374201612-00&ServiceCd=510&action_kouhyou_detail_feature_index=true,https://www.kaigokensaku.mhlw.go.jp/13/index.php?JigyosyoCd=1374201612-00&ServiceCd=510&action_kouhyou_detail_024_kihon=true
443,かしわ園,特別養護老人ホーム,1374202321-00,510,1,120,93,2026-08-10,1/120人,2026-09-20T19:17:22+09:00,200,200,ok,,https://www.kaigokensaku.mhlw.go.jp/13/index.php?JigyosyoCd=1374202321-00&ServiceCd=510&action_kouhyou_detail_feature_index=true,https://www.kaigokensaku.mhlw.go.jp/13/index.php?JigyosyoCd=1374202321-00&ServiceCd=510&action_kouhyou_detail_024_kihon=true
444,神代の杜,特別養護老人ホーム,1394200115-00,540,0,29,,2025-07-30,0/29人,2026-09-20T19:17:24+09:00,200,200,ok_partial_public_value,,https://www.kaigokensaku.mhlw.go.jp/13/index.php?JigyosyoCd=1394200115-00&ServiceCd=540&action_kouhyou_detail_feature_index=true,https://www.kaigokensaku.mhlw.go.jp/13/index.php?JigyosyoCd=1394200115-00&ServiceCd=540&action_kouhyou_detail_024_kihon=true
445,らくえん深大寺,特別養護老人ホーム,1374202875-00,510,0,78,54,2026-09-01,0/78人,2026-09-20T19:17:26+09:00,200,200,ok,,https://www.kaigokensaku.mhlw.go.jp/13/index.php?JigyosyoCd=1374202875-00&ServiceCd=510&action_kouhyou_detail_feature_index=true,https://www.kaigokensaku.mhlw.go.jp/13/index.php?JigyosyoCd=1374202875-00&ServiceCd=510&action_kouhyou_detail_024_kihon=true
446,仙川くぬぎ園,特別養護老人ホーム,1374203428-00,510,41,180,20,2026-09-16,41/180人,2026-09-20T19:17:29+09:00,200,200,ok,,https://www.kaigokensaku.mhlw.go.jp/13/index.php?JigyosyoCd=1374203428-00&ServiceCd=510&action_kouhyou_detail_feature_index=true,https://www.kaigokensaku.mhlw.go.jp/13/index.php?JigyosyoCd=1374203428-00&ServiceCd=510&action_kouhyou_detail_024_kihon=true
447,みぎわホーム,特別養護老人ホーム,1373200243-00,510,0,88,144,2026-09-06,0/88人,2026-09-20T19:17:31+09:00,200,200,ok,,https://www.kaigokensaku.mhlw.go.jp/13/index.php?JigyosyoCd=1373200243-00&ServiceCd=510&action_kouhyou_detail_feature_index=true,https://www.kaigokensaku.mhlw.go.jp/13/index.php?JigyosyoCd=1373200243-00&ServiceCd=510&action_kouhyou_detail_024_kihon=true
448,芙蓉園,特別養護老人ホーム,1373200227-00,510,0,190,310,2023-07-27,0/190人,2026-09-20T19:17:33+09:00,200,200,ok,,https://www.kaigokensaku.mhlw.go.jp/13/index.php?JigyosyoCd=1373200227-00&ServiceCd=510&action_kouhyou_detail_feature_index=true,https://www.kaigokensaku.mhlw.go.jp/13/index.php?JigyosyoCd=1373200227-00&ServiceCd=510&action_kouhyou_detail_024_kihon=true
449,合掌苑桂寮,特別養護老人ホーム,1373200284-00,510,1,80,156,2026-09-02,1/80人,2026-09-20T19:17:35+09:00,200,200,ok,,https://www.kaigokensaku.mhlw.go.jp/13/index.php?JigyosyoCd=1373200284-00&ServiceCd=510&action_kouhyou_detail_feature_index=true,https://www.kaigokensaku.mhlw.go.jp/13/index.php?JigyosyoCd=1373200284-00&ServiceCd=510&action_kouhyou_detail_024_kihon=true
450,いづみの里,特別養護老人ホーム,1373200292-00,510,1,50,100,2026-09-17,1/50人,2026-09-20T19:17:38+09:00,200,200,ok,,https://www.kaigokensaku.mhlw.go.jp/13/index.php?JigyosyoCd=1373200292-00&ServiceCd=510&action_kouhyou_detail_feature_index=true,https://www.kaigokensaku.mhlw.go.jp/13/index.php?JigyosyoCd=1373200292-00&ServiceCd=510&action_kouhyou_detail_024_kihon=true
451,コモンズ,特別養護老人ホーム,1373202363-00,510,0,0,18,2025-03-14,0/0人,2026-09-20T19:17:42+09:00,200,200,ok,,https://www.kaigokensaku.mhlw.go.jp/13/index.php?JigyosyoCd=1373202363-00&ServiceCd=510&action_kouhyou_detail_feature_index=true,https://www.kaigokensaku.mhlw.go.jp/13/index.php?JigyosyoCd=1373202363-00&ServiceCd=510&action_kouhyou_detail_024_kihon=true
452,サルビア荘,特別養護老人ホーム,1373200276-00,510,3,60,120,2026-09-16,3/60人,2026-09-20T19:17:47+09:00,200,200,ok,,https://www.kaigokensaku.mhlw.go.jp/13/index.php?JigyosyoCd=1373200276-00&ServiceCd=510&action_kouhyou_detail_feature_index=true,https://www.kaigokensaku.mhlw.go.jp/13/index.php?JigyosyoCd=1373200276-00&ServiceCd=510&action_kouhyou_detail_024_kihon=true
453,友愛荘,特別養護老人ホーム,1373200235-00,510,0,40,133,2026-09-01,0/40人,2026-09-20T19:17:49+09:00,200,200,ok,,https://www.kaigokensaku.mhlw.go.jp/13/index.php?JigyosyoCd=1373200235-00&ServiceCd=510&action_kouhyou_detail_feature_index=true,https://www.kaigokensaku.mhlw.go.jp/13/index.php?JigyosyoCd=1373200235-00&ServiceCd=510&action_kouhyou_detail_024_kihon=true
454,杏林荘,特別養護老人ホーム,1373200268-00,510,1,50,58,2026-09-10,1/50人,2026-09-20T19:17:51+09:00,200,200,ok,,https://www.kaigokensaku.mhlw.go.jp/13/index.php?JigyosyoCd=1373200268-00&ServiceCd=510&action_kouhyou_detail_feature_index=true,https://www.kaigokensaku.mhlw.go.jp/13/index.php?JigyosyoCd=1373200268-00&ServiceCd=510&action_kouhyou_detail_024_kihon=true
455,美郷,特別養護老人ホーム,1373200854-00,510,0,90,150,2025-07-29,0/90人,2026-09-20T19:17:53+09:00,200,200,ok,,https://www.kaigokensaku.mhlw.go.jp/13/index.php?JigyosyoCd=1373200854-00&ServiceCd=510&action_kouhyou_detail_feature_index=true,https://www.kaigokensaku.mhlw.go.jp/13/index.php?JigyosyoCd=1373200854-00&ServiceCd=510&action_kouhyou_detail_024_kihon=true
456,悠々園,特別養護老人ホーム,1373201639-00,510,0,0,429,2016-08-28,0/0人,2026-09-20T19:17:56+09:00,200,200,ok,,https://www.kaigokensaku.mhlw.go.jp/13/index.php?JigyosyoCd=1373201639-00&ServiceCd=510&action_kouhyou_detail_feature_index=true,https://www.kaigokensaku.mhlw.go.jp/13/index.php?JigyosyoCd=1373201639-00&ServiceCd=510&action_kouhyou_detail_024_kihon=true
457,福音の家,特別養護老人ホーム,1373200250-00,510,0,130,282,2026-09-10,0/130人,2026-09-20T19:17:58+09:00,200,200,ok,,https://www.kaigokensaku.mhlw.go.jp/13/index.php?JigyosyoCd=1373200250-00&ServiceCd=510&action_kouhyou_detail_feature_index=true,https://www.kaigokensaku.mhlw.go.jp/13/index.php?JigyosyoCd=1373200250-00&ServiceCd=510&action_kouhyou_detail_024_kihon=true
458,清風園,特別養護老人ホーム,1373200219-00,510,1,110,212,2026-09-17,1/110人,2026-09-20T19:18:00+09:00,200,200,ok,,https://www.kaigokensaku.mhlw.go.jp/13/index.php?JigyosyoCd=1373200219-00&ServiceCd=510&action_kouhyou_detail_feature_index=true,https://www.kaigokensaku.mhlw.go.jp/13/index.php?JigyosyoCd=1373200219-00&ServiceCd=510&action_kouhyou_detail_024_kihon=true
459,第二清風園,特別養護老人ホーム,1373200300-00,510,0,100,285,2026-08-27,0/100人,2026-09-20T19:18:02+09:00,200,200,ok,,https://www.kaigokensaku.mhlw.go.jp/13/index.php?JigyosyoCd=1373200300-00&ServiceCd=510&action_kouhyou_detail_feature_index=true,https://www.kaigokensaku.mhlw.go.jp/13/index.php?JigyosyoCd=1373200300-00&ServiceCd=510&action_kouhyou_detail_024_kihon=true
460,花美郷,特別養護老人ホーム,1373203106-00,510,0,94,94,2025-07-17,0/94人,2026-09-20T19:18:04+09:00,200,200,ok,,https://www.kaigokensaku.mhlw.go.jp/13/index.php?JigyosyoCd=1373203106-00&ServiceCd=510&action_kouhyou_detail_feature_index=true,https://www.kaigokensaku.mhlw.go.jp/13/index.php?JigyosyoCd=1373203106-00&ServiceCd=510&action_kouhyou_detail_024_kihon=true
461,町田誠心園,特別養護老人ホーム,1373203635-00,510,4,100,254,2026-09-20,4/100人,2026-09-20T19:18:07+09:00,200,200,ok,,https://www.kaigokensaku.mhlw.go.jp/13/index.php?JigyosyoCd=1373203635-00&ServiceCd=510&action_kouhyou_detail_feature_index=true,https://www.kaigokensaku.mhlw.go.jp/13/index.php?JigyosyoCd=1373203635-00&ServiceCd=510&action_kouhyou_detail_024_kihon=true
462,介護老人福祉施設ヴィラ町田,特別養護老人ホーム,1373203858-00,510,5,195,129,2025-07-25,5/195人,2026-09-20T19:18:09+09:00,200,200,ok,,https://www.kaigokensaku.mhlw.go.jp/13/index.php?JigyosyoCd=1373203858-00&ServiceCd=510&action_kouhyou_detail_feature_index=true,https://www.kaigokensaku.mhlw.go.jp/13/index.php?JigyosyoCd=1373203858-00&ServiceCd=510&action_kouhyou_detail_024_kihon=true
463,高ケ坂ひかり苑,特別養護老人ホーム,1373204047-00,510,10,80,200,2026-09-02,10/80人,2026-09-20T19:18:11+09:00,200,200,ok,,https://www.kaigokensaku.mhlw.go.jp/13/index.php?JigyosyoCd=1373204047-00&ServiceCd=510&action_kouhyou_detail_feature_index=true,https://www.kaigokensaku.mhlw.go.jp/13/index.php?JigyosyoCd=1373204047-00&ServiceCd=510&action_kouhyou_detail_024_kihon=true
464,ケアセンター成瀬・暖家,特別養護老人ホーム,1393200249-00,540,0,20,,2025-07-31,0/20人,2026-09-20T19:18:13+09:00,200,200,ok_partial_public_value,,https://www.kaigokensaku.mhlw.go.jp/13/index.php?JigyosyoCd=1393200249-00&ServiceCd=540&action_kouhyou_detail_feature_index=true,https://www.kaigokensaku.mhlw.go.jp/13/index.php?JigyosyoCd=1393200249-00&ServiceCd=540&action_kouhyou_detail_024_kihon=true
465,まちだ正吉苑,特別養護老人ホーム,1373204211-00,510,0,90,200,2021-10-26,0/90人,2026-09-20T19:18:16+09:00,200,200,ok,,https://www.kaigokensaku.mhlw.go.jp/13/index.php?JigyosyoCd=1373204211-00&ServiceCd=510&action_kouhyou_detail_feature_index=true,https://www.kaigokensaku.mhlw.go.jp/13/index.php?JigyosyoCd=1373204211-00&ServiceCd=510&action_kouhyou_detail_024_kihon=true
466,椿,特別養護老人ホーム,1373204559-00,510,2,110,27,2026-08-04,2/110人,2026-09-20T19:18:18+09:00,200,200,ok,,https://www.kaigokensaku.mhlw.go.jp/13/index.php?JigyosyoCd=1373204559-00&ServiceCd=510&action_kouhyou_detail_feature_index=true,https://www.kaigokensaku.mhlw.go.jp/13/index.php?JigyosyoCd=1373204559-00&ServiceCd=510&action_kouhyou_detail_024_kihon=true
467,かりん・町田,特別養護老人ホーム,1373205408-00,510,0,77,50,2026-09-15,0/77人,2026-09-20T19:18:20+09:00,200,200,ok,,https://www.kaigokensaku.mhlw.go.jp/13/index.php?JigyosyoCd=1373205408-00&ServiceCd=510&action_kouhyou_detail_feature_index=true,https://www.kaigokensaku.mhlw.go.jp/13/index.php?JigyosyoCd=1373205408-00&ServiceCd=510&action_kouhyou_detail_024_kihon=true
468,レガメ町田,特別養護老人ホーム,1373205994-00,510,3,90,20,2026-09-02,3/90人,2026-09-20T19:18:23+09:00,200,200,ok,,https://www.kaigokensaku.mhlw.go.jp/13/index.php?JigyosyoCd=1373205994-00&ServiceCd=510&action_kouhyou_detail_feature_index=true,https://www.kaigokensaku.mhlw.go.jp/13/index.php?JigyosyoCd=1373205994-00&ServiceCd=510&action_kouhyou_detail_024_kihon=true
469,グランハート悠々園,特別養護老人ホーム,1373206471-00,510,2,90,253,2026-09-04,2/90人,2026-09-20T19:18:25+09:00,200,200,ok,,https://www.kaigokensaku.mhlw.go.jp/13/index.php?JigyosyoCd=1373206471-00&ServiceCd=510&action_kouhyou_detail_feature_index=true,https://www.kaigokensaku.mhlw.go.jp/13/index.php?JigyosyoCd=1373206471-00&ServiceCd=510&action_kouhyou_detail_024_kihon=true
470,桜町聖ヨハネホーム,特別養護老人ホーム,1374100079-00,510,1,106,213,2026-05-05,1/106人,2026-09-20T19:18:27+09:00,200,200,ok,,https://www.kaigokensaku.mhlw.go.jp/13/index.php?JigyosyoCd=1374100079-00&ServiceCd=510&action_kouhyou_detail_feature_index=true,https://www.kaigokensaku.mhlw.go.jp/13/index.php?JigyosyoCd=1374100079-00&ServiceCd=510&action_kouhyou_detail_024_kihon=true
471,つきみの園,特別養護老人ホーム,1374100277-00,510,2,95,77,2026-09-08,2/95人,2026-09-20T19:18:29+09:00,200,200,ok,,https://www.kaigokensaku.mhlw.go.jp/13/index.php?JigyosyoCd=1374100277-00&ServiceCd=510&action_kouhyou_detail_feature_index=true,https://www.kaigokensaku.mhlw.go.jp/13/index.php?JigyosyoCd=1374100277-00&ServiceCd=510&action_kouhyou_detail_024_kihon=true
472,ぬく井の杜,特別養護老人ホーム,1374101754-00,510,0,152,150,2025-09-10,0/152人,2026-09-20T19:18:32+09:00,200,200,ok,,https://www.kaigokensaku.mhlw.go.jp/13/index.php?JigyosyoCd=1374101754-00&ServiceCd=510&action_kouhyou_detail_feature_index=true,https://www.kaigokensaku.mhlw.go.jp/13/index.php?JigyosyoCd=1374101754-00&ServiceCd=510&action_kouhyou_detail_024_kihon=true
473,本町けやきの杜,特別養護老人ホーム,1374102059-00,510,0,0,0,,0/0人,2026-09-20T19:18:34+09:00,200,200,ok,,https://www.kaigokensaku.mhlw.go.jp/13/index.php?JigyosyoCd=1374102059-00&ServiceCd=510&action_kouhyou_detail_feature_index=true,https://www.kaigokensaku.mhlw.go.jp/13/index.php?JigyosyoCd=1374102059-00&ServiceCd=510&action_kouhyou_detail_024_kihon=true
474,さくら野杜,特別養護老人ホーム,1374301321-00,510,4,90,275,2026-09-01,4/90人,2026-09-20T19:18:36+09:00,200,200,ok,,https://www.kaigokensaku.mhlw.go.jp/13/index.php?JigyosyoCd=1374301321-00&ServiceCd=510&action_kouhyou_detail_feature_index=true,https://www.kaigokensaku.mhlw.go.jp/13/index.php?JigyosyoCd=1374301321-00&ServiceCd=510&action_kouhyou_detail_024_kihon=true
475,地域密着型介護老人福祉施設 健成苑はなこがねい,特別養護老人ホーム,1394300139-00,540,0,29,,2025-07-29,0/29人,2026-09-20T19:18:38+09:00,200,200,ok_partial_public_value,,https://www.kaigokensaku.mhlw.go.jp/13/index.php?JigyosyoCd=1394300139-00&ServiceCd=540&action_kouhyou_detail_feature_index=true,https://www.kaigokensaku.mhlw.go.jp/13/index.php?JigyosyoCd=1394300139-00&ServiceCd=540&action_kouhyou_detail_024_kihon=true
476,小平健成苑,特別養護老人ホーム,1374300208-00,510,0,85,272,2025-08-13,0/85人,2026-09-20T19:18:41+09:00,200,200,ok,,https://www.kaigokensaku.mhlw.go.jp/13/index.php?JigyosyoCd=1374300208-00&ServiceCd=510&action_kouhyou_detail_feature_index=true,https://www.kaigokensaku.mhlw.go.jp/13/index.php?JigyosyoCd=1374300208-00&ServiceCd=510&action_kouhyou_detail_024_kihon=true
477,まりも園,特別養護老人ホーム,1374300182-00,510,2,50,237,2026-06-16,2/50人,2026-09-20T19:18:43+09:00,200,200,ok,,https://www.kaigokensaku.mhlw.go.jp/13/index.php?JigyosyoCd=1374300182-00&ServiceCd=510&action_kouhyou_detail_feature_index=true,https://www.kaigokensaku.mhlw.go.jp/13/index.php?JigyosyoCd=1374300182-00&ServiceCd=510&action_kouhyou_detail_024_kihon=true
478,やすらぎの園,特別養護老人ホーム,1374300174-00,510,0,116,66,2026-06-30,0/116人,2026-09-20T19:18:45+09:00,200,200,ok,,https://www.kaigokensaku.mhlw.go.jp/13/index.php?JigyosyoCd=1374300174-00&ServiceCd=510&action_kouhyou_detail_feature_index=true,https://www.kaigokensaku.mhlw.go.jp/13/index.php?JigyosyoCd=1374300174-00&ServiceCd=510&action_kouhyou_detail_024_kihon=true
479,小川ホーム,特別養護老人ホーム,1374300190-00,510,0,77,159,2026-09-11,0/77人,2026-09-20T19:18:47+09:00,200,200,ok,,https://www.kaigokensaku.mhlw.go.jp/13/index.php?JigyosyoCd=1374300190-00&ServiceCd=510&action_kouhyou_detail_feature_index=true,https://www.kaigokensaku.mhlw.go.jp/13/index.php?JigyosyoCd=1374300190-00&ServiceCd=510&action_kouhyou_detail_024_kihon=true
480,多摩済生園,特別養護老人ホーム,1374300166-00,510,2,154,0,2026-09-08,2/154人,2026-09-20T19:18:50+09:00,200,200,ok,,https://www.kaigokensaku.mhlw.go.jp/13/index.php?JigyosyoCd=1374300166-00&ServiceCd=510&action_kouhyou_detail_feature_index=true,https://www.kaigokensaku.mhlw.go.jp/13/index.php?JigyosyoCd=1374300166-00&ServiceCd=510&action_kouhyou_detail_024_kihon=true
481,晴風苑,特別養護老人ホーム,1374303285-00,510,3,73,35,2026-09-16,3/73人,2026-09-20T19:18:52+09:00,200,200,ok,,https://www.kaigokensaku.mhlw.go.jp/13/index.php?JigyosyoCd=1374303285-00&ServiceCd=510&action_kouhyou_detail_feature_index=true,https://www.kaigokensaku.mhlw.go.jp/13/index.php?JigyosyoCd=1374303285-00&ServiceCd=510&action_kouhyou_detail_024_kihon=true
482,villaあい小平,特別養護老人ホーム,1374303376-00,510,1,65,42,2026-05-14,1/65人,2026-09-20T19:18:54+09:00,200,200,ok,,https://www.kaigokensaku.mhlw.go.jp/13/index.php?JigyosyoCd=1374303376-00&ServiceCd=510&action_kouhyou_detail_feature_index=true,https://www.kaigokensaku.mhlw.go.jp/13/index.php?JigyosyoCd=1374303376-00&ServiceCd=510&action_kouhyou_detail_024_kihon=true
483,小平グリーンてらす,特別養護老人ホーム,1374303392-00,510,,90,100,,,2026-09-20T19:18:56+09:00,200,200,ok_partial_public_value,,https://www.kaigokensaku.mhlw.go.jp/13/index.php?JigyosyoCd=1374303392-00&ServiceCd=510&action_kouhyou_detail_feature_index=true,https://www.kaigokensaku.mhlw.go.jp/13/index.php?JigyosyoCd=1374303392-00&ServiceCd=510&action_kouhyou_detail_024_kihon=true
484,グランてらす小平団地,特別養護老人ホーム,1374303822-00,510,,99,90,,,2026-09-20T19:18:59+09:00,200,200,ok_partial_public_value,,https://www.kaigokensaku.mhlw.go.jp/13/index.php?JigyosyoCd=1374303822-00&ServiceCd=510&action_kouhyou_detail_feature_index=true,https://www.kaigokensaku.mhlw.go.jp/13/index.php?JigyosyoCd=1374303822-00&ServiceCd=510&action_kouhyou_detail_024_kihon=true
485,浅川苑,特別養護老人ホーム,1373501673-00,510,0,77,54,2026-09-15,0/77人,2026-09-20T19:19:01+09:00,200,200,ok,,https://www.kaigokensaku.mhlw.go.jp/13/index.php?JigyosyoCd=1373501673-00&ServiceCd=510&action_kouhyou_detail_feature_index=true,https://www.kaigokensaku.mhlw.go.jp/13/index.php?JigyosyoCd=1373501673-00&ServiceCd=510&action_kouhyou_detail_024_kihon=true
486,マザアス日野,特別養護老人ホーム,1373500139-00,510,0,106,82,2026-08-01,0/106人,2026-09-20T19:19:03+09:00,200,200,ok,,https://www.kaigokensaku.mhlw.go.jp/13/index.php?JigyosyoCd=1373500139-00&ServiceCd=510&action_kouhyou_detail_feature_index=true,https://www.kaigokensaku.mhlw.go.jp/13/index.php?JigyosyoCd=1373500139-00&ServiceCd=510&action_kouhyou_detail_024_kihon=true
487,豊かな里,特別養護老人ホーム,1373500394-00,510,0,0,80,2022-07-19,0/0人,2026-09-20T19:19:05+09:00,200,200,ok,,https://www.kaigokensaku.mhlw.go.jp/13/index.php?JigyosyoCd=1373500394-00&ServiceCd=510&action_kouhyou_detail_feature_index=true,https://www.kaigokensaku.mhlw.go.jp/13/index.php?JigyosyoCd=1373500394-00&ServiceCd=510&action_kouhyou_detail_024_kihon=true
488,あすなろ,特別養護老人ホーム,1373501483-00,510,0,86,18,2025-07-24,0/86人,2026-09-20T19:19:08+09:00,200,200,ok,,https://www.kaigokensaku.mhlw.go.jp/13/index.php?JigyosyoCd=1373501483-00&ServiceCd=510&action_kouhyou_detail_feature_index=true,https://www.kaigokensaku.mhlw.go.jp/13/index.php?JigyosyoCd=1373501483-00&ServiceCd=510&action_kouhyou_detail_024_kihon=true
489,シンフォニア,特別養護老人ホーム,1373502242-00,510,0,0,40,2025-08-18,0/0人,2026-09-20T19:19:10+09:00,200,200,ok,,https://www.kaigokensaku.mhlw.go.jp/13/index.php?JigyosyoCd=1373502242-00&ServiceCd=510&action_kouhyou_detail_feature_index=true,https://www.kaigokensaku.mhlw.go.jp/13/index.php?JigyosyoCd=1373502242-00&ServiceCd=510&action_kouhyou_detail_024_kihon=true
490,ラペ日野,特別養護老人ホーム,1373502697-00,510,0,0,54,2025-07-29,0/0人,2026-09-20T19:19:12+09:00,200,200,ok,,https://www.kaigokensaku.mhlw.go.jp/13/index.php?JigyosyoCd=1373502697-00&ServiceCd=510&action_kouhyou_detail_feature_index=true,https://www.kaigokensaku.mhlw.go.jp/13/index.php?JigyosyoCd=1373502697-00&ServiceCd=510&action_kouhyou_detail_024_kihon=true
491,花子,特別養護老人ホーム,1373502879-00,510,0,84,126,2026-07-22,0/84人,2026-09-20T19:19:15+09:00,200,200,ok,,https://www.kaigokensaku.mhlw.go.jp/13/index.php?JigyosyoCd=1373502879-00&ServiceCd=510&action_kouhyou_detail_feature_index=true,https://www.kaigokensaku.mhlw.go.jp/13/index.php?JigyosyoCd=1373502879-00&ServiceCd=510&action_kouhyou_detail_024_kihon=true
492,はるびの郷,特別養護老人ホーム,1372700797-00,510,2,82,279,2026-09-01,2/82人,2026-09-20T19:19:17+09:00,200,200,ok,,https://www.kaigokensaku.mhlw.go.jp/13/index.php?JigyosyoCd=1372700797-00&ServiceCd=510&action_kouhyou_detail_feature_index=true,https://www.kaigokensaku.mhlw.go.jp/13/index.php?JigyosyoCd=1372700797-00&ServiceCd=510&action_kouhyou_detail_024_kihon=true
493,青葉の杜,特別養護老人ホーム,1372700508-00,510,0,110,417,2026-09-01,0/110人,2026-09-20T19:19:19+09:00,200,200,ok,,https://www.kaigokensaku.mhlw.go.jp/13/index.php?JigyosyoCd=1372700508-00&ServiceCd=510&action_kouhyou_detail_feature_index=true,https://www.kaigokensaku.mhlw.go.jp/13/index.php?JigyosyoCd=1372700508-00&ServiceCd=510&action_kouhyou_detail_024_kihon=true
494,さくらテラス青葉町,特別養護老人ホーム,1372702330-00,510,0,0,251,,0/0人,2026-09-20T19:19:21+09:00,200,200,ok,,https://www.kaigokensaku.mhlw.go.jp/13/index.php?JigyosyoCd=1372702330-00&ServiceCd=510&action_kouhyou_detail_feature_index=true,https://www.kaigokensaku.mhlw.go.jp/13/index.php?JigyosyoCd=1372702330-00&ServiceCd=510&action_kouhyou_detail_024_kihon=true
495,白十字ホーム,特別養護老人ホーム,1372700052-00,510,0,170,,2020-09-09,0/170人,2026-09-20T19:19:24+09:00,200,200,ok_partial_public_value,,https://www.kaigokensaku.mhlw.go.jp/13/index.php?JigyosyoCd=1372700052-00&ServiceCd=510&action_kouhyou_detail_feature_index=true,https://www.kaigokensaku.mhlw.go.jp/13/index.php?JigyosyoCd=1372700052-00&ServiceCd=510&action_kouhyou_detail_024_kihon=true
496,ハトホーム,特別養護老人ホーム,1372700060-00,510,0,92,382,2026-08-12,0/92人,2026-09-20T19:19:26+09:00,200,200,ok,,https://www.kaigokensaku.mhlw.go.jp/13/index.php?JigyosyoCd=1372700060-00&ServiceCd=510&action_kouhyou_detail_feature_index=true,https://www.kaigokensaku.mhlw.go.jp/13/index.php?JigyosyoCd=1372700060-00&ServiceCd=510&action_kouhyou_detail_024_kihon=true
497,ひかり苑,特別養護老人ホーム,1372700102-00,510,0,50,269,2025-08-01,0/50人,2026-09-20T19:19:28+09:00,200,200,ok,,https://www.kaigokensaku.mhlw.go.jp/13/index.php?JigyosyoCd=1372700102-00&ServiceCd=510&action_kouhyou_detail_feature_index=true,https://www.kaigokensaku.mhlw.go.jp/13/index.php?JigyosyoCd=1372700102-00&ServiceCd=510&action_kouhyou_detail_024_kihon=true
498,第二万寿園,特別養護老人ホーム,1372700078-00,510,7,104,590,2026-09-01,7/104人,2026-09-20T19:19:31+09:00,200,200,ok,,https://www.kaigokensaku.mhlw.go.jp/13/index.php?JigyosyoCd=1372700078-00&ServiceCd=510&action_kouhyou_detail_feature_index=true,https://www.kaigokensaku.mhlw.go.jp/13/index.php?JigyosyoCd=1372700078-00&ServiceCd=510&action_kouhyou_detail_024_kihon=true
499,平成あおば上宮園,特別養護老人ホーム,1372702538-00,510,3,90,100,2026-09-01,3/90人,2026-09-20T19:19:33+09:00,200,200,ok,,https://www.kaigokensaku.mhlw.go.jp/13/index.php?JigyosyoCd=1372702538-00&ServiceCd=510&action_kouhyou_detail_feature_index=true,https://www.kaigokensaku.mhlw.go.jp/13/index.php?JigyosyoCd=1372702538-00&ServiceCd=510&action_kouhyou_detail_024_kihon=true
500,第2ハトホーム,特別養護老人ホーム,1374701819-00,510,0,88,0,2026-09-01,0/88人,2026-09-20T19:19:35+09:00,200,200,ok,,https://www.kaigokensaku.mhlw.go.jp/13/index.php?JigyosyoCd=1374701819-00&ServiceCd=510&action_kouhyou_detail_feature_index=true,https://www.kaigokensaku.mhlw.go.jp/13/index.php?JigyosyoCd=1374701819-00&ServiceCd=510&action_kouhyou_detail_024_kihon=true
501,西恋ヶ窪にんじんホーム,特別養護老人ホーム,1373100765-00,510,0,45,40,2026-09-15,0/45人,2026-09-20T19:19:39+09:00,200,200,ok,,https://www.kaigokensaku.mhlw.go.jp/13/index.php?JigyosyoCd=1373100765-00&ServiceCd=510&action_kouhyou_detail_feature_index=true,https://www.kaigokensaku.mhlw.go.jp/13/index.php?JigyosyoCd=1373100765-00&ServiceCd=510&action_kouhyou_detail_024_kihon=true
502,かがやき,特別養護老人ホーム,1373101292-00,510,1,88,10,2026-09-01,1/88人,2026-09-20T19:19:44+09:00,200,200,ok,,https://www.kaigokensaku.mhlw.go.jp/13/index.php?JigyosyoCd=1373101292-00&ServiceCd=510&action_kouhyou_detail_feature_index=true,https://www.kaigokensaku.mhlw.go.jp/13/index.php?JigyosyoCd=1373101292-00&ServiceCd=510&action_kouhyou_detail_024_kihon=true
503,にしき苑,特別養護老人ホーム,1373100047-00,510,0,0,75,2025-08-18,0/0人,2026-09-20T19:19:46+09:00,200,200,ok,,https://www.kaigokensaku.mhlw.go.jp/13/index.php?JigyosyoCd=1373100047-00&ServiceCd=510&action_kouhyou_detail_feature_index=true,https://www.kaigokensaku.mhlw.go.jp/13/index.php?JigyosyoCd=1373100047-00&ServiceCd=510&action_kouhyou_detail_024_kihon=true
504,うれしのの里,特別養護老人ホーム,1373100476-00,510,1,100,70,2026-09-04,1/100人,2026-09-20T19:19:49+09:00,200,200,ok,,https://www.kaigokensaku.mhlw.go.jp/13/index.php?JigyosyoCd=1373100476-00&ServiceCd=510&action_kouhyou_detail_feature_index=true,https://www.kaigokensaku.mhlw.go.jp/13/index.php?JigyosyoCd=1373100476-00&ServiceCd=510&action_kouhyou_detail_024_kihon=true
505,至誠ホームミンナ,特別養護老人ホーム,1393100084-00,540,0,0,,2017-07-24,0/0人,2026-09-20T19:19:51+09:00,200,200,ok_partial_public_value,,https://www.kaigokensaku.mhlw.go.jp/13/index.php?JigyosyoCd=1393100084-00&ServiceCd=540&action_kouhyou_detail_feature_index=true,https://www.kaigokensaku.mhlw.go.jp/13/index.php?JigyosyoCd=1393100084-00&ServiceCd=540&action_kouhyou_detail_024_kihon=true
506,サンライト,特別養護老人ホーム,1373101615-00,510,1,84,9,2026-09-01,1/84人,2026-09-20T19:19:53+09:00,200,200,ok,,https://www.kaigokensaku.mhlw.go.jp/13/index.php?JigyosyoCd=1373101615-00&ServiceCd=510&action_kouhyou_detail_feature_index=true,https://www.kaigokensaku.mhlw.go.jp/13/index.php?JigyosyoCd=1373101615-00&ServiceCd=510&action_kouhyou_detail_024_kihon=true
507,くにたち苑,特別養護老人ホーム,1373400041-00,510,0,70,62,2026-08-05,0/70人,2026-09-20T19:19:55+09:00,200,200,ok,,https://www.kaigokensaku.mhlw.go.jp/13/index.php?JigyosyoCd=1373400041-00&ServiceCd=510&action_kouhyou_detail_feature_index=true,https://www.kaigokensaku.mhlw.go.jp/13/index.php?JigyosyoCd=1373400041-00&ServiceCd=510&action_kouhyou_detail_024_kihon=true
508,シルバーハイツ谷保,特別養護老人ホーム,1373400611-00,510,0,0,82,2017-07-14,0/0人,2026-09-20T19:19:58+09:00,200,200,ok,,https://www.kaigokensaku.mhlw.go.jp/13/index.php?JigyosyoCd=1373400611-00&ServiceCd=510&action_kouhyou_detail_feature_index=true,https://www.kaigokensaku.mhlw.go.jp/13/index.php?JigyosyoCd=1373400611-00&ServiceCd=510&action_kouhyou_detail_024_kihon=true
509,サンシャインビラ,特別養護老人ホーム,1374400081-00,510,1,99,42,2026-09-02,1/99人,2026-09-20T19:20:00+09:00,200,200,ok,,https://www.kaigokensaku.mhlw.go.jp/13/index.php?JigyosyoCd=1374400081-00&ServiceCd=510&action_kouhyou_detail_feature_index=true,https://www.kaigokensaku.mhlw.go.jp/13/index.php?JigyosyoCd=1374400081-00&ServiceCd=510&action_kouhyou_detail_024_kihon=true
510,福生ことぶき苑,特別養護老人ホーム,1374400487-00,510,2,95,50,2026-09-08,2/95人,2026-09-20T19:20:02+09:00,200,200,ok,,https://www.kaigokensaku.mhlw.go.jp/13/index.php?JigyosyoCd=1374400487-00&ServiceCd=510&action_kouhyou_detail_feature_index=true,https://www.kaigokensaku.mhlw.go.jp/13/index.php?JigyosyoCd=1374400487-00&ServiceCd=510&action_kouhyou_detail_024_kihon=true
511,ヨコタホーム,特別養護老人ホーム,1374400107-00,510,1,100,45,2026-09-02,1/100人,2026-09-20T19:20:05+09:00,200,200,ok,,https://www.kaigokensaku.mhlw.go.jp/13/index.php?JigyosyoCd=1374400107-00&ServiceCd=510&action_kouhyou_detail_feature_index=true,https://www.kaigokensaku.mhlw.go.jp/13/index.php?JigyosyoCd=1374400107-00&ServiceCd=510&action_kouhyou_detail_024_kihon=true
512,第二サンシャインビラ,特別養護老人ホーム,1374400099-00,510,1,160,68,2026-09-02,1/160人,2026-09-20T19:20:07+09:00,200,200,ok,,https://www.kaigokensaku.mhlw.go.jp/13/index.php?JigyosyoCd=1374400099-00&ServiceCd=510&action_kouhyou_detail_feature_index=true,https://www.kaigokensaku.mhlw.go.jp/13/index.php?JigyosyoCd=1374400099-00&ServiceCd=510&action_kouhyou_detail_024_kihon=true
513,こまえ正吉苑,特別養護老人ホーム,1374500237-00,510,0,54,180,2025-08-26,0/54人,2026-09-20T19:20:09+09:00,200,200,ok,,https://www.kaigokensaku.mhlw.go.jp/13/index.php?JigyosyoCd=1374500237-00&ServiceCd=510&action_kouhyou_detail_feature_index=true,https://www.kaigokensaku.mhlw.go.jp/13/index.php?JigyosyoCd=1374500237-00&ServiceCd=510&action_kouhyou_detail_024_kihon=true
514,こまえ苑,特別養護老人ホーム,1374500021-00,510,1,82,150,2026-09-17,1/82人,2026-09-20T19:20:11+09:00,200,200,ok,,https://www.kaigokensaku.mhlw.go.jp/13/index.php?JigyosyoCd=1374500021-00&ServiceCd=510&action_kouhyou_detail_feature_index=true,https://www.kaigokensaku.mhlw.go.jp/13/index.php?JigyosyoCd=1374500021-00&ServiceCd=510&action_kouhyou_detail_024_kihon=true
515,こまえ正吉苑二番館,特別養護老人ホーム,1374501102-00,510,0,100,100,2026-09-01,0/100人,2026-09-20T19:20:14+09:00,200,200,ok,,https://www.kaigokensaku.mhlw.go.jp/13/index.php?JigyosyoCd=1374501102-00&ServiceCd=510&action_kouhyou_detail_feature_index=true,https://www.kaigokensaku.mhlw.go.jp/13/index.php?JigyosyoCd=1374501102-00&ServiceCd=510&action_kouhyou_detail_024_kihon=true
516,やまと苑,特別養護老人ホーム,1374600060-00,510,0,86,184,2025-08-03,0/86人,2026-09-20T19:20:16+09:00,200,200,ok,,https://www.kaigokensaku.mhlw.go.jp/13/index.php?JigyosyoCd=1374600060-00&ServiceCd=510&action_kouhyou_detail_feature_index=true,https://www.kaigokensaku.mhlw.go.jp/13/index.php?JigyosyoCd=1374600060-00&ServiceCd=510&action_kouhyou_detail_024_kihon=true
517,さくら苑,特別養護老人ホーム,1374600086-00,510,0,80,163,2026-09-18,0/80人,2026-09-20T19:20:18+09:00,200,200,ok,,https://www.kaigokensaku.mhlw.go.jp/13/index.php?JigyosyoCd=1374600086-00&ServiceCd=510&action_kouhyou_detail_feature_index=true,https://www.kaigokensaku.mhlw.go.jp/13/index.php?JigyosyoCd=1374600086-00&ServiceCd=510&action_kouhyou_detail_024_kihon=true
518,風の樹,特別養護老人ホーム,1374600540-00,510,0,100,112,2026-09-01,0/100人,2026-09-20T19:20:20+09:00,200,200,ok,,https://www.kaigokensaku.mhlw.go.jp/13/index.php?JigyosyoCd=1374600540-00&ServiceCd=510&action_kouhyou_detail_feature_index=true,https://www.kaigokensaku.mhlw.go.jp/13/index.php?JigyosyoCd=1374600540-00&ServiceCd=510&action_kouhyou_detail_024_kihon=true
519,向台老人ホーム,特別養護老人ホーム,1374600078-00,510,0,60,70,2026-09-01,0/60人,2026-09-20T19:20:23+09:00,200,200,ok,,https://www.kaigokensaku.mhlw.go.jp/13/index.php?JigyosyoCd=1374600078-00&ServiceCd=510&action_kouhyou_detail_feature_index=true,https://www.kaigokensaku.mhlw.go.jp/13/index.php?JigyosyoCd=1374600078-00&ServiceCd=510&action_kouhyou_detail_024_kihon=true
520,は~とふる,特別養護老人ホーム,1374601134-00,510,4,54,17,2026-08-29,4/54人,2026-09-20T19:20:25+09:00,200,200,ok,,https://www.kaigokensaku.mhlw.go.jp/13/index.php?JigyosyoCd=1374601134-00&ServiceCd=510&action_kouhyou_detail_feature_index=true,https://www.kaigokensaku.mhlw.go.jp/13/index.php?JigyosyoCd=1374601134-00&ServiceCd=510&action_kouhyou_detail_024_kihon=true
521,清雅苑,特別養護老人ホーム,1374700126-00,510,0,82,81,2026-08-31,0/82人,2026-09-20T19:20:27+09:00,200,200,ok,,https://www.kaigokensaku.mhlw.go.jp/13/index.php?JigyosyoCd=1374700126-00&ServiceCd=510&action_kouhyou_detail_feature_index=true,https://www.kaigokensaku.mhlw.go.jp/13/index.php?JigyosyoCd=1374700126-00&ServiceCd=510&action_kouhyou_detail_024_kihon=true
522,救世軍恵泉ホーム,特別養護老人ホーム,1374700118-00,510,0,50,57,2026-09-10,0/50人,2026-09-20T19:20:30+09:00,200,200,ok,,https://www.kaigokensaku.mhlw.go.jp/13/index.php?JigyosyoCd=1374700118-00&ServiceCd=510&action_kouhyou_detail_feature_index=true,https://www.kaigokensaku.mhlw.go.jp/13/index.php?JigyosyoCd=1374700118-00&ServiceCd=510&action_kouhyou_detail_024_kihon=true
523,上宮園,特別養護老人ホーム,1374700100-00,510,3,100,124,2026-09-16,3/100人,2026-09-20T19:20:32+09:00,200,200,ok,,https://www.kaigokensaku.mhlw.go.jp/13/index.php?JigyosyoCd=1374700100-00&ServiceCd=510&action_kouhyou_detail_feature_index=true,https://www.kaigokensaku.mhlw.go.jp/13/index.php?JigyosyoCd=1374700100-00&ServiceCd=510&action_kouhyou_detail_024_kihon=true
524,信愛の園,特別養護老人ホーム,1374700084-00,510,1,199,293,2026-09-01,1/199人,2026-09-20T19:20:34+09:00,200,200,ok,,https://www.kaigokensaku.mhlw.go.jp/13/index.php?JigyosyoCd=1374700084-00&ServiceCd=510&action_kouhyou_detail_feature_index=true,https://www.kaigokensaku.mhlw.go.jp/13/index.php?JigyosyoCd=1374700084-00&ServiceCd=510&action_kouhyou_detail_024_kihon=true
525,聖ヨゼフ老人ホーム,特別養護老人ホーム,1374700092-00,510,2,100,70,2026-09-03,2/100人,2026-09-20T19:20:36+09:00,200,200,ok,,https://www.kaigokensaku.mhlw.go.jp/13/index.php?JigyosyoCd=1374700092-00&ServiceCd=510&action_kouhyou_detail_feature_index=true,https://www.kaigokensaku.mhlw.go.jp/13/index.php?JigyosyoCd=1374700092-00&ServiceCd=510&action_kouhyou_detail_024_kihon=true
526,マザアス東久留米,特別養護老人ホーム,1374800074-00,510,0,0,159,2017-07-20,0/0人,2026-09-20T19:20:39+09:00,200,200,ok,,https://www.kaigokensaku.mhlw.go.jp/13/index.php?JigyosyoCd=1374800074-00&ServiceCd=510&action_kouhyou_detail_feature_index=true,https://www.kaigokensaku.mhlw.go.jp/13/index.php?JigyosyoCd=1374800074-00&ServiceCd=510&action_kouhyou_detail_024_kihon=true
527,シャローム東久留米,特別養護老人ホーム,1374800066-00,510,0,90,374,2026-08-01,0/90人,2026-09-20T19:20:41+09:00,200,200,ok,,https://www.kaigokensaku.mhlw.go.jp/13/index.php?JigyosyoCd=1374800066-00&ServiceCd=510&action_kouhyou_detail_feature_index=true,https://www.kaigokensaku.mhlw.go.jp/13/index.php?JigyosyoCd=1374800066-00&ServiceCd=510&action_kouhyou_detail_024_kihon=true
528,多摩の里けやき園,特別養護老人ホーム,1374800777-00,510,0,111,46,2026-09-07,0/111人,2026-09-20T19:20:43+09:00,200,200,ok,,https://www.kaigokensaku.mhlw.go.jp/13/index.php?JigyosyoCd=1374800777-00&ServiceCd=510&action_kouhyou_detail_feature_index=true,https://www.kaigokensaku.mhlw.go.jp/13/index.php?JigyosyoCd=1374800777-00&ServiceCd=510&action_kouhyou_detail_024_kihon=true
529,けんちの里,特別養護老人ホーム,1374800058-00,510,0,100,215,2026-09-19,0/100人,2026-09-20T19:20:45+09:00,200,200,ok,,https://www.kaigokensaku.mhlw.go.jp/13/index.php?JigyosyoCd=1374800058-00&ServiceCd=510&action_kouhyou_detail_feature_index=true,https://www.kaigokensaku.mhlw.go.jp/13/index.php?JigyosyoCd=1374800058-00&ServiceCd=510&action_kouhyou_detail_024_kihon=true
530,みどりの丘,特別養護老人ホーム,1374801841-00,510,1,144,0,2026-09-10,1/144人,2026-09-20T19:20:48+09:00,200,200,ok,,https://www.kaigokensaku.mhlw.go.jp/13/index.php?JigyosyoCd=1374801841-00&ServiceCd=510&action_kouhyou_detail_feature_index=true,https://www.kaigokensaku.mhlw.go.jp/13/index.php?JigyosyoCd=1374801841-00&ServiceCd=510&action_kouhyou_detail_024_kihon=true
531,ひばりが丘ふれあいの里,特別養護老人ホーム,1374801957-00,510,0,100,156,2025-08-26,0/100人,2026-09-20T19:20:50+09:00,200,200,ok,,https://www.kaigokensaku.mhlw.go.jp/13/index.php?JigyosyoCd=1374801957-00&ServiceCd=510&action_kouhyou_detail_feature_index=true,https://www.kaigokensaku.mhlw.go.jp/13/index.php?JigyosyoCd=1374801957-00&ServiceCd=510&action_kouhyou_detail_024_kihon=true
532,サンシャインホーム,特別養護老人ホーム,1374900171-00,510,0,100,152,2026-09-11,0/100人,2026-09-20T19:20:52+09:00,200,200,ok,,https://www.kaigokensaku.mhlw.go.jp/13/index.php?JigyosyoCd=1374900171-00&ServiceCd=510&action_kouhyou_detail_feature_index=true,https://www.kaigokensaku.mhlw.go.jp/13/index.php?JigyosyoCd=1374900171-00&ServiceCd=510&action_kouhyou_detail_024_kihon=true
533,伊奈平苑,特別養護老人ホーム,1374900130-00,510,5,110,50,2026-09-01,5/110人,2026-09-20T19:20:54+09:00,200,200,ok,,https://www.kaigokensaku.mhlw.go.jp/13/index.php?JigyosyoCd=1374900130-00&ServiceCd=510&action_kouhyou_detail_feature_index=true,https://www.kaigokensaku.mhlw.go.jp/13/index.php?JigyosyoCd=1374900130-00&ServiceCd=510&action_kouhyou_detail_024_kihon=true
534,むさし村山苑,特別養護老人ホーム,1374901120-00,510,0,127,282,2026-09-02,0/127人,2026-09-20T19:20:57+09:00,200,200,ok,,https://www.kaigokensaku.mhlw.go.jp/13/index.php?JigyosyoCd=1374901120-00&ServiceCd=510&action_kouhyou_detail_feature_index=true,https://www.kaigokensaku.mhlw.go.jp/13/index.php?JigyosyoCd=1374901120-00&ServiceCd=510&action_kouhyou_detail_024_kihon=true
535,愛生苑,特別養護老人ホーム,1375000104-00,510,0,80,220,2026-09-01,0/80人,2026-09-20T19:20:59+09:00,200,200,ok,,https://www.kaigokensaku.mhlw.go.jp/13/index.php?JigyosyoCd=1375000104-00&ServiceCd=510&action_kouhyou_detail_feature_index=true,https://www.kaigokensaku.mhlw.go.jp/13/index.php?JigyosyoCd=1375000104-00&ServiceCd=510&action_kouhyou_detail_024_kihon=true
536,和光園,特別養護老人ホーム,1375000070-00,510,0,130,560,2026-09-01,0/130人,2026-09-20T19:21:01+09:00,200,200,ok,,https://www.kaigokensaku.mhlw.go.jp/13/index.php?JigyosyoCd=1375000070-00&ServiceCd=510&action_kouhyou_detail_feature_index=true,https://www.kaigokensaku.mhlw.go.jp/13/index.php?JigyosyoCd=1375000070-00&ServiceCd=510&action_kouhyou_detail_024_kihon=true
537,桜ヶ丘延寿ホーム,特別養護老人ホーム,1375000096-00,510,3,116,206,2026-09-04,3/116人,2026-09-20T19:21:03+09:00,200,200,ok,,https://www.kaigokensaku.mhlw.go.jp/13/index.php?JigyosyoCd=1375000096-00&ServiceCd=510&action_kouhyou_detail_feature_index=true,https://www.kaigokensaku.mhlw.go.jp/13/index.php?JigyosyoCd=1375000096-00&ServiceCd=510&action_kouhyou_detail_024_kihon=true
538,白楽荘,特別養護老人ホーム,1375000088-00,510,4,150,344,2024-11-27,4/150人,2026-09-20T19:21:06+09:00,200,200,ok,,https://www.kaigokensaku.mhlw.go.jp/13/index.php?JigyosyoCd=1375000088-00&ServiceCd=510&action_kouhyou_detail_feature_index=true,https://www.kaigokensaku.mhlw.go.jp/13/index.php?JigyosyoCd=1375000088-00&ServiceCd=510&action_kouhyou_detail_024_kihon=true
539,ケアプラザたま,特別養護老人ホーム,1375001482-00,510,0,82,265,2025-08-15,0/82人,2026-09-20T19:21:08+09:00,200,200,ok,,https://www.kaigokensaku.mhlw.go.jp/13/index.php?JigyosyoCd=1375001482-00&ServiceCd=510&action_kouhyou_detail_feature_index=true,https://www.kaigokensaku.mhlw.go.jp/13/index.php?JigyosyoCd=1375001482-00&ServiceCd=510&action_kouhyou_detail_024_kihon=true
540,いなぎ苑,特別養護老人ホーム,1375100060-00,510,0,60,159,2026-08-29,0/60人,2026-09-20T19:21:10+09:00,200,200,ok,,https://www.kaigokensaku.mhlw.go.jp/13/index.php?JigyosyoCd=1375100060-00&ServiceCd=510&action_kouhyou_detail_feature_index=true,https://www.kaigokensaku.mhlw.go.jp/13/index.php?JigyosyoCd=1375100060-00&ServiceCd=510&action_kouhyou_detail_024_kihon=true
541,いなぎ正吉苑,特別養護老人ホーム,1375100052-00,510,5,100,593,2026-09-18,5/100人,2026-09-20T19:21:13+09:00,200,200,ok,,https://www.kaigokensaku.mhlw.go.jp/13/index.php?JigyosyoCd=1375100052-00&ServiceCd=510&action_kouhyou_detail_feature_index=true,https://www.kaigokensaku.mhlw.go.jp/13/index.php?JigyosyoCd=1375100052-00&ServiceCd=510&action_kouhyou_detail_024_kihon=true
542,ひらお苑,特別養護老人ホーム,1375100078-00,510,8,174,75,2026-09-20,8/174人,2026-09-20T19:21:15+09:00,200,200,ok,,https://www.kaigokensaku.mhlw.go.jp/13/index.php?JigyosyoCd=1375100078-00&ServiceCd=510&action_kouhyou_detail_feature_index=true,https://www.kaigokensaku.mhlw.go.jp/13/index.php?JigyosyoCd=1375100078-00&ServiceCd=510&action_kouhyou_detail_024_kihon=true
543,羽村園,特別養護老人ホーム,1375300348-00,510,0,132,15,2026-09-18,0/132人,2026-09-20T19:21:17+09:00,200,200,ok,,https://www.kaigokensaku.mhlw.go.jp/13/index.php?JigyosyoCd=1375300348-00&ServiceCd=510&action_kouhyou_detail_feature_index=true,https://www.kaigokensaku.mhlw.go.jp/13/index.php?JigyosyoCd=1375300348-00&ServiceCd=510&action_kouhyou_detail_024_kihon=true
544,多摩の里むさしの園,特別養護老人ホーム,1372400265-00,510,0,150,123,2026-09-01,0/150人,2026-09-20T19:21:19+09:00,200,200,ok,,https://www.kaigokensaku.mhlw.go.jp/13/index.php?JigyosyoCd=1372400265-00&ServiceCd=510&action_kouhyou_detail_feature_index=true,https://www.kaigokensaku.mhlw.go.jp/13/index.php?JigyosyoCd=1372400265-00&ServiceCd=510&action_kouhyou_detail_024_kihon=true
545,神明園,特別養護老人ホーム,1372400281-00,510,9,120,120,2026-08-31,9/120人,2026-09-20T19:21:22+09:00,200,200,ok,,https://www.kaigokensaku.mhlw.go.jp/13/index.php?JigyosyoCd=1372400281-00&ServiceCd=510&action_kouhyou_detail_feature_index=true,https://www.kaigokensaku.mhlw.go.jp/13/index.php?JigyosyoCd=1372400281-00&ServiceCd=510&action_kouhyou_detail_024_kihon=true
546,増戸ホーム,特別養護老人ホーム,1374900098-00,510,0,100,0,2026-09-03,0/100人,2026-09-20T19:21:24+09:00,200,200,ok,,https://www.kaigokensaku.mhlw.go.jp/13/index.php?JigyosyoCd=1374900098-00&ServiceCd=510&action_kouhyou_detail_feature_index=true,https://www.kaigokensaku.mhlw.go.jp/13/index.php?JigyosyoCd=1374900098-00&ServiceCd=510&action_kouhyou_detail_024_kihon=true
547,紫水園,特別養護老人ホーム,1374900080-00,510,2,100,0,2026-09-01,2/100人,2026-09-20T19:21:26+09:00,200,200,ok,,https://www.kaigokensaku.mhlw.go.jp/13/index.php?JigyosyoCd=1374900080-00&ServiceCd=510&action_kouhyou_detail_feature_index=true,https://www.kaigokensaku.mhlw.go.jp/13/index.php?JigyosyoCd=1374900080-00&ServiceCd=510&action_kouhyou_detail_024_kihon=true
548,第二紫水園,特別養護老人ホーム,1374900122-00,510,2,100,5,2026-08-27,2/100人,2026-09-20T19:21:29+09:00,200,200,ok,,https://www.kaigokensaku.mhlw.go.jp/13/index.php?JigyosyoCd=1374900122-00&ServiceCd=510&action_kouhyou_detail_feature_index=true,https://www.kaigokensaku.mhlw.go.jp/13/index.php?JigyosyoCd=1374900122-00&ServiceCd=510&action_kouhyou_detail_024_kihon=true
549,福楽園,特別養護老人ホーム,1374900197-00,510,3,120,45,2025-07-27,3/120人,2026-09-20T19:21:31+09:00,200,200,ok,,https://www.kaigokensaku.mhlw.go.jp/13/index.php?JigyosyoCd=1374900197-00&ServiceCd=510&action_kouhyou_detail_feature_index=true,https://www.kaigokensaku.mhlw.go.jp/13/index.php?JigyosyoCd=1374900197-00&ServiceCd=510&action_kouhyou_detail_024_kihon=true
550,あたご苑,特別養護老人ホーム,1374900148-00,510,2,100,0,2026-08-02,2/100人,2026-09-20T19:21:33+09:00,200,200,ok,,https://www.kaigokensaku.mhlw.go.jp/13/index.php?JigyosyoCd=1374900148-00&ServiceCd=510&action_kouhyou_detail_feature_index=true,https://www.kaigokensaku.mhlw.go.jp/13/index.php?JigyosyoCd=1374900148-00&ServiceCd=510&action_kouhyou_detail_024_kihon=true
551,五日市ホーム,特別養護老人ホーム,1374900064-00,510,1,100,0,2025-09-30,1/100人,2026-09-20T19:21:37+09:00,200,200,ok,,https://www.kaigokensaku.mhlw.go.jp/13/index.php?JigyosyoCd=1374900064-00&ServiceCd=510&action_kouhyou_detail_feature_index=true,https://www.kaigokensaku.mhlw.go.jp/13/index.php?JigyosyoCd=1374900064-00&ServiceCd=510&action_kouhyou_detail_024_kihon=true
552,南聖園,特別養護老人ホーム,1374900106-00,510,0,120,26,2026-09-01,0/120人,2026-09-20T19:21:42+09:00,200,200,ok,,https://www.kaigokensaku.mhlw.go.jp/13/index.php?JigyosyoCd=1374900106-00&ServiceCd=510&action_kouhyou_detail_feature_index=true,https://www.kaigokensaku.mhlw.go.jp/13/index.php?JigyosyoCd=1374900106-00&ServiceCd=510&action_kouhyou_detail_024_kihon=true
553,コスモホーム,特別養護老人ホーム,1374900114-00,510,5,100,15,2026-09-03,5/100人,2026-09-20T19:21:44+09:00,200,200,ok,,https://www.kaigokensaku.mhlw.go.jp/13/index.php?JigyosyoCd=1374900114-00&ServiceCd=510&action_kouhyou_detail_feature_index=true,https://www.kaigokensaku.mhlw.go.jp/13/index.php?JigyosyoCd=1374900114-00&ServiceCd=510&action_kouhyou_detail_024_kihon=true
554,ほたるの郷,特別養護老人ホーム,1375200043-00,510,0,100,22,2019-08-21,0/100人,2026-09-20T19:21:47+09:00,200,200,ok,,https://www.kaigokensaku.mhlw.go.jp/13/index.php?JigyosyoCd=1375200043-00&ServiceCd=510&action_kouhyou_detail_feature_index=true,https://www.kaigokensaku.mhlw.go.jp/13/index.php?JigyosyoCd=1375200043-00&ServiceCd=510&action_kouhyou_detail_024_kihon=true
555,第二ほたるの郷,特別養護老人ホーム,1395200015-00,540,,29,,,,2026-09-20T19:21:49+09:00,200,200,ok_no_public_value,,https://www.kaigokensaku.mhlw.go.jp/13/index.php?JigyosyoCd=1395200015-00&ServiceCd=540&action_kouhyou_detail_feature_index=true,https://www.kaigokensaku.mhlw.go.jp/13/index.php?JigyosyoCd=1395200015-00&ServiceCd=540&action_kouhyou_detail_024_kihon=true
556,和敬園,特別養護老人ホーム,1374900072-00,510,4,100,5,2026-09-17,4/100人,2026-09-20T19:21:51+09:00,200,200,ok,,https://www.kaigokensaku.mhlw.go.jp/13/index.php?JigyosyoCd=1374900072-00&ServiceCd=510&action_kouhyou_detail_feature_index=true,https://www.kaigokensaku.mhlw.go.jp/13/index.php?JigyosyoCd=1374900072-00&ServiceCd=510&action_kouhyou_detail_024_kihon=true
557,草花苑,特別養護老人ホーム,1374900189-00,510,0,0,50,2017-07-17,0/0人,2026-09-20T19:21:53+09:00,200,200,ok,,https://www.kaigokensaku.mhlw.go.jp/13/index.php?JigyosyoCd=1374900189-00&ServiceCd=510&action_kouhyou_detail_feature_index=true,https://www.kaigokensaku.mhlw.go.jp/13/index.php?JigyosyoCd=1374900189-00&ServiceCd=510&action_kouhyou_detail_024_kihon=true
558,麦久保園,特別養護老人ホーム,1374900163-00,510,1,100,7,2026-09-03,1/100人,2026-09-20T19:21:56+09:00,200,200,ok,,https://www.kaigokensaku.mhlw.go.jp/13/index.php?JigyosyoCd=1374900163-00&ServiceCd=510&action_kouhyou_detail_feature_index=true,https://www.kaigokensaku.mhlw.go.jp/13/index.php?JigyosyoCd=1374900163-00&ServiceCd=510&action_kouhyou_detail_024_kihon=true
559,こもれびの郷,特別養護老人ホーム,1374900155-00,510,1,80,51,2026-09-01,1/80人,2026-09-20T19:21:58+09:00,200,200,ok,,https://www.kaigokensaku.mhlw.go.jp/13/index.php?JigyosyoCd=1374900155-00&ServiceCd=510&action_kouhyou_detail_feature_index=true,https://www.kaigokensaku.mhlw.go.jp/13/index.php?JigyosyoCd=1374900155-00&ServiceCd=510&action_kouhyou_detail_024_kihon=true
560,特別養護老人ホーム 尚和緑寿,特別養護老人ホーム,1373700085-00,510,17,160,767,2026-09-02,17/160人,2026-09-20T19:22:00+09:00,200,200,ok,,https://www.kaigokensaku.mhlw.go.jp/13/index.php?JigyosyoCd=1373700085-00&ServiceCd=510&action_kouhyou_detail_feature_index=true,https://www.kaigokensaku.mhlw.go.jp/13/index.php?JigyosyoCd=1373700085-00&ServiceCd=510&action_kouhyou_detail_024_kihon=true
561,クレイン,特別養護老人ホーム,1373900081-00,510,0,55,401,2025-02-19,0/55人,2026-09-20T19:22:03+09:00,200,200,ok,,https://www.kaigokensaku.mhlw.go.jp/13/index.php?JigyosyoCd=1373900081-00&ServiceCd=510&action_kouhyou_detail_feature_index=true,https://www.kaigokensaku.mhlw.go.jp/13/index.php?JigyosyoCd=1373900081-00&ServiceCd=510&action_kouhyou_detail_024_kihon=true
562,グリーンロード,特別養護老人ホーム,1373900347-00,510,0,60,489,2026-09-06,0/60人,2026-09-20T19:22:05+09:00,200,200,ok,,https://www.kaigokensaku.mhlw.go.jp/13/index.php?JigyosyoCd=1373900347-00&ServiceCd=510&action_kouhyou_detail_feature_index=true,https://www.kaigokensaku.mhlw.go.jp/13/index.php?JigyosyoCd=1373900347-00&ServiceCd=510&action_kouhyou_detail_024_kihon=true
563,健光園,特別養護老人ホーム,1373900073-00,510,0,70,396,2025-08-08,0/70人,2026-09-20T19:22:07+09:00,200,200,ok,,https://www.kaigokensaku.mhlw.go.jp/13/index.php?JigyosyoCd=1373900073-00&ServiceCd=510&action_kouhyou_detail_feature_index=true,https://www.kaigokensaku.mhlw.go.jp/13/index.php?JigyosyoCd=1373900073-00&ServiceCd=510&action_kouhyou_detail_024_kihon=true
564,フローラ田無,特別養護老人ホーム,1373900099-00,510,0,33,364,2026-09-11,0/33人,2026-09-20T19:22:09+09:00,200,200,ok,,https://www.kaigokensaku.mhlw.go.jp/13/index.php?JigyosyoCd=1373900099-00&ServiceCd=510&action_kouhyou_detail_feature_index=true,https://www.kaigokensaku.mhlw.go.jp/13/index.php?JigyosyoCd=1373900099-00&ServiceCd=510&action_kouhyou_detail_024_kihon=true
565,保谷苑,特別養護老人ホーム,1373700119-00,510,0,0,371,2017-07-24,0/0人,2026-09-20T19:22:12+09:00,200,200,ok,,https://www.kaigokensaku.mhlw.go.jp/13/index.php?JigyosyoCd=1373700119-00&ServiceCd=510&action_kouhyou_detail_feature_index=true,https://www.kaigokensaku.mhlw.go.jp/13/index.php?JigyosyoCd=1373700119-00&ServiceCd=510&action_kouhyou_detail_024_kihon=true
566,めぐみ園,特別養護老人ホーム,1373700101-00,510,2,80,676,2026-09-01,2/80人,2026-09-20T19:22:14+09:00,200,200,ok,,https://www.kaigokensaku.mhlw.go.jp/13/index.php?JigyosyoCd=1373700101-00&ServiceCd=510&action_kouhyou_detail_feature_index=true,https://www.kaigokensaku.mhlw.go.jp/13/index.php?JigyosyoCd=1373700101-00&ServiceCd=510&action_kouhyou_detail_024_kihon=true
567,福寿園ひばりが丘,特別養護老人ホーム,1375424148-00,510,0,88,254,2024-10-23,0/88人,2026-09-20T19:22:16+09:00,200,200,ok,,https://www.kaigokensaku.mhlw.go.jp/13/index.php?JigyosyoCd=1375424148-00&ServiceCd=510&action_kouhyou_detail_feature_index=true,https://www.kaigokensaku.mhlw.go.jp/13/index.php?JigyosyoCd=1375424148-00&ServiceCd=510&action_kouhyou_detail_024_kihon=true
568,不老の郷,特別養護老人ホーム,1372400216-00,510,0,85,151,2026-08-03,0/85人,2026-09-20T19:22:18+09:00,200,200,ok,,https://www.kaigokensaku.mhlw.go.jp/13/index.php?JigyosyoCd=1372400216-00&ServiceCd=510&action_kouhyou_detail_feature_index=true,https://www.kaigokensaku.mhlw.go.jp/13/index.php?JigyosyoCd=1372400216-00&ServiceCd=510&action_kouhyou_detail_024_kihon=true
569,みずほ園,特別養護老人ホーム,1372400158-00,510,8,184,67,2026-09-09,8/184人,2026-09-20T19:22:21+09:00,200,200,ok,,https://www.kaigokensaku.mhlw.go.jp/13/index.php?JigyosyoCd=1372400158-00&ServiceCd=510&action_kouhyou_detail_feature_index=true,https://www.kaigokensaku.mhlw.go.jp/13/index.php?JigyosyoCd=1372400158-00&ServiceCd=510&action_kouhyou_detail_024_kihon=true
570,良友園,特別養護老人ホーム,1372400299-00,510,4,100,139,2026-09-02,4/100人,2026-09-20T19:22:23+09:00,200,200,ok,,https://www.kaigokensaku.mhlw.go.jp/13/index.php?JigyosyoCd=1372400299-00&ServiceCd=510&action_kouhyou_detail_feature_index=true,https://www.kaigokensaku.mhlw.go.jp/13/index.php?JigyosyoCd=1372400299-00&ServiceCd=510&action_kouhyou_detail_024_kihon=true
571,フラワープラム,特別養護老人ホーム,1372400786-00,510,0,0,78,2017-07-08,0/0人,2026-09-20T19:22:25+09:00,200,200,ok,,https://www.kaigokensaku.mhlw.go.jp/13/index.php?JigyosyoCd=1372400786-00&ServiceCd=510&action_kouhyou_detail_feature_index=true,https://www.kaigokensaku.mhlw.go.jp/13/index.php?JigyosyoCd=1372400786-00&ServiceCd=510&action_kouhyou_detail_024_kihon=true
572,羽生の里,特別養護老人ホーム,1372400273-00,510,17,95,0,2026-08-18,17/95人,2026-09-20T19:22:28+09:00,200,200,ok,,https://www.kaigokensaku.mhlw.go.jp/13/index.php?JigyosyoCd=1372400273-00&ServiceCd=510&action_kouhyou_detail_feature_index=true,https://www.kaigokensaku.mhlw.go.jp/13/index.php?JigyosyoCd=1372400273-00&ServiceCd=510&action_kouhyou_detail_024_kihon=true
573,藤香苑,特別養護老人ホーム,1372400257-00,510,1,100,60,2026-08-07,1/100人,2026-09-20T19:22:30+09:00,200,200,ok,,https://www.kaigokensaku.mhlw.go.jp/13/index.php?JigyosyoCd=1372400257-00&ServiceCd=510&action_kouhyou_detail_feature_index=true,https://www.kaigokensaku.mhlw.go.jp/13/index.php?JigyosyoCd=1372400257-00&ServiceCd=510&action_kouhyou_detail_024_kihon=true
574,日の出紫苑,特別養護老人ホーム,1372400232-00,510,0,100,120,2026-08-28,0/100人,2026-09-20T19:22:32+09:00,200,200,ok,,https://www.kaigokensaku.mhlw.go.jp/13/index.php?JigyosyoCd=1372400232-00&ServiceCd=510&action_kouhyou_detail_feature_index=true,https://www.kaigokensaku.mhlw.go.jp/13/index.php?JigyosyoCd=1372400232-00&ServiceCd=510&action_kouhyou_detail_024_kihon=true
575,栄光の杜,特別養護老人ホーム,1372400240-00,510,0,0,108,2026-09-14,0/0人,2026-09-20T19:22:34+09:00,200,200,ok,,https://www.kaigokensaku.mhlw.go.jp/13/index.php?JigyosyoCd=1372400240-00&ServiceCd=510&action_kouhyou_detail_feature_index=true,https://www.kaigokensaku.mhlw.go.jp/13/index.php?JigyosyoCd=1372400240-00&ServiceCd=510&action_kouhyou_detail_024_kihon=true
576,ひのでホーム,特別養護老人ホーム,1372400133-00,510,0,208,84,2026-07-21,0/208人,2026-09-20T19:22:37+09:00,200,200,ok,,https://www.kaigokensaku.mhlw.go.jp/13/index.php?JigyosyoCd=1372400133-00&ServiceCd=510&action_kouhyou_detail_feature_index=true,https://www.kaigokensaku.mhlw.go.jp/13/index.php?JigyosyoCd=1372400133-00&ServiceCd=510&action_kouhyou_detail_024_kihon=true
577,第3サンシャインビラ,特別養護老人ホーム,1372401248-00,510,0,95,15,2026-09-01,0/95人,2026-09-20T19:22:39+09:00,200,200,ok,,https://www.kaigokensaku.mhlw.go.jp/13/index.php?JigyosyoCd=1372401248-00&ServiceCd=510&action_kouhyou_detail_feature_index=true,https://www.kaigokensaku.mhlw.go.jp/13/index.php?JigyosyoCd=1372401248-00&ServiceCd=510&action_kouhyou_detail_024_kihon=true
578,新清快園,特別養護老人ホーム,1372401305-00,510,1,118,50,2026-09-01,1/118人,2026-09-20T19:22:41+09:00,200,200,ok,,https://www.kaigokensaku.mhlw.go.jp/13/index.php?JigyosyoCd=1372401305-00&ServiceCd=510&action_kouhyou_detail_feature_index=true,https://www.kaigokensaku.mhlw.go.jp/13/index.php?JigyosyoCd=1372401305-00&ServiceCd=510&action_kouhyou_detail_024_kihon=true
579,幸神さくら,特別養護老人ホーム,1372401321-00,510,1,130,0,2024-11-07,1/130人,2026-09-20T19:22:43+09:00,200,200,ok,,https://www.kaigokensaku.mhlw.go.jp/13/index.php?JigyosyoCd=1372401321-00&ServiceCd=510&action_kouhyou_detail_feature_index=true,https://www.kaigokensaku.mhlw.go.jp/13/index.php?JigyosyoCd=1372401321-00&ServiceCd=510&action_kouhyou_detail_024_kihon=true
580,桧原サナホーム,特別養護老人ホーム,1372400190-00,510,1,100,0,2026-08-02,1/100人,2026-09-20T19:22:46+09:00,200,200,ok,,https://www.kaigokensaku.mhlw.go.jp/13/index.php?JigyosyoCd=1372400190-00&ServiceCd=510&action_kouhyou_detail_feature_index=true,https://www.kaigokensaku.mhlw.go.jp/13/index.php?JigyosyoCd=1372400190-00&ServiceCd=510&action_kouhyou_detail_024_kihon=true
581,桧原苑,特別養護老人ホーム,1372400166-00,510,1,118,10,2026-08-19,1/118人,2026-09-20T19:22:48+09:00,200,200,ok,,https://www.kaigokensaku.mhlw.go.jp/13/index.php?JigyosyoCd=1372400166-00&ServiceCd=510&action_kouhyou_detail_feature_index=true,https://www.kaigokensaku.mhlw.go.jp/13/index.php?JigyosyoCd=1372400166-00&ServiceCd=510&action_kouhyou_detail_024_kihon=true
582,シルバーコート丹三郎,特別養護老人ホーム,1372400224-00,510,1,100,0,2026-09-02,1/100人,2026-09-20T19:22:50+09:00,200,200,ok,,https://www.kaigokensaku.mhlw.go.jp/13/index.php?JigyosyoCd=1372400224-00&ServiceCd=510&action_kouhyou_detail_feature_index=true,https://www.kaigokensaku.mhlw.go.jp/13/index.php?JigyosyoCd=1372400224-00&ServiceCd=510&action_kouhyou_detail_024_kihon=true
583,グリーンウッド奥多摩,特別養護老人ホーム,1372400182-00,510,3,100,4,2026-08-29,3/100人,2026-09-20T19:22:52+09:00,200,200,ok,,https://www.kaigokensaku.mhlw.go.jp/13/index.php?JigyosyoCd=1372400182-00&ServiceCd=510&action_kouhyou_detail_feature_index=true,https://www.kaigokensaku.mhlw.go.jp/13/index.php?JigyosyoCd=1372400182-00&ServiceCd=510&action_kouhyou_detail_024_kihon=true
584,琴清苑,特別養護老人ホーム,1372400141-00,510,0,94,6,2024-10-15,0/94人,2026-09-20T19:22:55+09:00,200,200,ok,,https://www.kaigokensaku.mhlw.go.jp/13/index.php?JigyosyoCd=1372400141-00&ServiceCd=510&action_kouhyou_detail_feature_index=true,https://www.kaigokensaku.mhlw.go.jp/13/index.php?JigyosyoCd=1372400141-00&ServiceCd=510&action_kouhyou_detail_024_kihon=true
585,寿楽荘,特別養護老人ホーム,1372400125-00,510,0,0,41,2024-11-08,0/0人,2026-09-20T19:22:57+09:00,200,200,ok,,https://www.kaigokensaku.mhlw.go.jp/13/index.php?JigyosyoCd=1372400125-00&ServiceCd=510&action_kouhyou_detail_feature_index=true,https://www.kaigokensaku.mhlw.go.jp/13/index.php?JigyosyoCd=1372400125-00&ServiceCd=510&action_kouhyou_detail_024_kihon=true
586,大島老人ホーム,特別養護老人ホーム,1370300251-00,510,1,85,0,2026-09-10,1/85人,2026-09-20T19:22:59+09:00,200,200,ok,,https://www.kaigokensaku.mhlw.go.jp/13/index.php?JigyosyoCd=1370300251-00&ServiceCd=510&action_kouhyou_detail_feature_index=true,https://www.kaigokensaku.mhlw.go.jp/13/index.php?JigyosyoCd=1370300251-00&ServiceCd=510&action_kouhyou_detail_024_kihon=true
587,新島老人ホーム,特別養護老人ホーム,1370300285-00,510,,,,,,2026-09-20T19:23:02+09:00,200,200,ok_no_public_value,,https://www.kaigokensaku.mhlw.go.jp/13/index.php?JigyosyoCd=1370300285-00&ServiceCd=510&action_kouhyou_detail_feature_index=true,https://www.kaigokensaku.mhlw.go.jp/13/index.php?JigyosyoCd=1370300285-00&ServiceCd=510&action_kouhyou_detail_024_kihon=true
588,神津島やすらぎの里,特別養護老人ホーム,1370300319-00,510,0,36,10,2026-06-01,0/36人,2026-09-20T19:23:04+09:00,200,200,ok,,https://www.kaigokensaku.mhlw.go.jp/13/index.php?JigyosyoCd=1370300319-00&ServiceCd=510&action_kouhyou_detail_feature_index=true,https://www.kaigokensaku.mhlw.go.jp/13/index.php?JigyosyoCd=1370300319-00&ServiceCd=510&action_kouhyou_detail_024_kihon=true
589,あじさいの里,特別養護老人ホーム,1370300301-00,510,0,47,0,2026-09-08,0/47人,2026-09-20T19:23:06+09:00,200,200,ok,,https://www.kaigokensaku.mhlw.go.jp/13/index.php?JigyosyoCd=1370300301-00&ServiceCd=510&action_kouhyou_detail_feature_index=true,https://www.kaigokensaku.mhlw.go.jp/13/index.php?JigyosyoCd=1370300301-00&ServiceCd=510&action_kouhyou_detail_024_kihon=true
590,第二八丈老人ホーム,特別養護老人ホーム,1370300269-00,510,1,100,14,2026-08-27,1/100人,2026-09-20T19:23:09+09:00,200,200,ok,,https://www.kaigokensaku.mhlw.go.jp/13/index.php?JigyosyoCd=1370300269-00&ServiceCd=510&action_kouhyou_detail_feature_index=true,https://www.kaigokensaku.mhlw.go.jp/13/index.php?JigyosyoCd=1370300269-00&ServiceCd=510&action_kouhyou_detail_024_kihon=true
591,中央区立 介護老人保健施設 リハポート明石,介護老人保健施設,1357081250-00,520,0,0,0,,0/0人,2026-09-20T19:23:11+09:00,200,200,ok,,https://www.kaigokensaku.mhlw.go.jp/13/index.php?JigyosyoCd=1357081250-00&ServiceCd=520&action_kouhyou_detail_feature_index=true,https://www.kaigokensaku.mhlw.go.jp/13/index.php?JigyosyoCd=1357081250-00&ServiceCd=520&action_kouhyou_detail_024_kihon=true
592,ルネサンス麻布,介護老人保健施設,1357080633-00,520,0,0,8,2024-11-11,0/0人,2026-09-20T19:23:13+09:00,200,200,ok,,https://www.kaigokensaku.mhlw.go.jp/13/index.php?JigyosyoCd=1357080633-00&ServiceCd=520&action_kouhyou_detail_feature_index=true,https://www.kaigokensaku.mhlw.go.jp/13/index.php?JigyosyoCd=1357080633-00&ServiceCd=520&action_kouhyou_detail_024_kihon=true
593,介護老人保健施設新 橋ばらの園,介護老人保健施設,1357081466-00,520,0,0,0,2014-07-19,0/0人,2026-09-20T19:23:16+09:00,200,200,ok,,https://www.kaigokensaku.mhlw.go.jp/13/index.php?JigyosyoCd=1357081466-00&ServiceCd=520&action_kouhyou_detail_feature_index=true,https://www.kaigokensaku.mhlw.go.jp/13/index.php?JigyosyoCd=1357081466-00&ServiceCd=520&action_kouhyou_detail_024_kihon=true
594,介護老人保健施設洛 和ヴィラサラサ,介護老人保健施設,1350380018-00,520,0,0,0,2024-03-01,0/0人,2026-09-20T19:23:18+09:00,200,200,ok,,https://www.kaigokensaku.mhlw.go.jp/13/index.php?JigyosyoCd=1350380018-00&ServiceCd=520&action_kouhyou_detail_feature_index=true,https://www.kaigokensaku.mhlw.go.jp/13/index.php?JigyosyoCd=1350380018-00&ServiceCd=520&action_kouhyou_detail_024_kihon=true
595,介護老人保健施設フォレスト西早稲田,介護老人保健施設,1350480016-00,520,0,0,8,2022-07-22,0/0人,2026-09-20T19:23:20+09:00,200,200,ok,,https://www.kaigokensaku.mhlw.go.jp/13/index.php?JigyosyoCd=1350480016-00&ServiceCd=520&action_kouhyou_detail_feature_index=true,https://www.kaigokensaku.mhlw.go.jp/13/index.php?JigyosyoCd=1350480016-00&ServiceCd=520&action_kouhyou_detail_024_kihon=true
596,介護老人保健施設デンマークイン新宿,介護老人保健施設,1357081177-00,520,20,160,0,2023-07-26,20/160人,2026-09-20T19:23:23+09:00,200,200,ok,,https://www.kaigokensaku.mhlw.go.jp/13/index.php?JigyosyoCd=1357081177-00&ServiceCd=520&action_kouhyou_detail_feature_index=true,https://www.kaigokensaku.mhlw.go.jp/13/index.php?JigyosyoCd=1357081177-00&ServiceCd=520&action_kouhyou_detail_024_kihon=true
597,介護老人保健施設マ イウェイ四谷,介護老人保健施設,1357081441-00,520,0,0,7,2018-08-13,0/0人,2026-09-20T19:23:25+09:00,200,200,ok,,https://www.kaigokensaku.mhlw.go.jp/13/index.php?JigyosyoCd=1357081441-00&ServiceCd=520&action_kouhyou_detail_feature_index=true,https://www.kaigokensaku.mhlw.go.jp/13/index.php?JigyosyoCd=1357081441-00&ServiceCd=520&action_kouhyou_detail_024_kihon=true
598,龍岡介護老人保健施設,介護老人保健施設,1357080260-00,520,0,0,0,2025-07-31,0/0人,2026-09-20T19:23:27+09:00,200,200,ok,,https://www.kaigokensaku.mhlw.go.jp/13/index.php?JigyosyoCd=1357080260-00&ServiceCd=520&action_kouhyou_detail_feature_index=true,https://www.kaigokensaku.mhlw.go.jp/13/index.php?JigyosyoCd=1357080260-00&ServiceCd=520&action_kouhyou_detail_024_kihon=true
599,介護老人保健施設音 羽えびすの郷,介護老人保健施設,1350580013-00,520,0,0,11,2019-09-03,0/0人,2026-09-20T19:23:29+09:00,200,200,ok,,https://www.kaigokensaku.mhlw.go.jp/13/index.php?JigyosyoCd=1350580013-00&ServiceCd=520&action_kouhyou_detail_feature_index=true,https://www.kaigokensaku.mhlw.go.jp/13/index.php?JigyosyoCd=1350580013-00&ServiceCd=520&action_kouhyou_detail_024_kihon=true
600,台東区立老人保健施設 千束,介護老人保健施設,1350680011-00,520,0,0,25,2025-07-16,0/0人,2026-09-20T19:23:32+09:00,200,200,ok,,https://www.kaigokensaku.mhlw.go.jp/13/index.php?JigyosyoCd=1350680011-00&ServiceCd=520&action_kouhyou_detail_feature_index=true,https://www.kaigokensaku.mhlw.go.jp/13/index.php?JigyosyoCd=1350680011-00&ServiceCd=520&action_kouhyou_detail_024_kihon=true
601,浅草介護老人保健施設,介護老人保健施設,1357081011-00,520,0,100,311,2025-09-02,0/100人,2026-09-20T19:23:36+09:00,200,200,ok,,https://www.kaigokensaku.mhlw.go.jp/13/index.php?JigyosyoCd=1357081011-00&ServiceCd=520&action_kouhyou_detail_feature_index=true,https://www.kaigokensaku.mhlw.go.jp/13/index.php?JigyosyoCd=1357081011-00&ServiceCd=520&action_kouhyou_detail_024_kihon=true
602,ろうけん隅田 秋しゅう光こう園えん,介護老人保健施設,1350780027-00,520,10,90,306,2025-08-15,10/90人,2026-09-20T19:23:41+09:00,200,200,ok,,https://www.kaigokensaku.mhlw.go.jp/13/index.php?JigyosyoCd=1350780027-00&ServiceCd=520&action_kouhyou_detail_feature_index=true,https://www.kaigokensaku.mhlw.go.jp/13/index.php?JigyosyoCd=1350780027-00&ServiceCd=520&action_kouhyou_detail_024_kihon=true
603,介護老人保健施設 葵の園・向島,介護老人保健施設,1357081169-00,520,0,0,0,2023-08-09,0/0人,2026-09-20T19:23:43+09:00,200,200,ok,,https://www.kaigokensaku.mhlw.go.jp/13/index.php?JigyosyoCd=1357081169-00&ServiceCd=520&action_kouhyou_detail_feature_index=true,https://www.kaigokensaku.mhlw.go.jp/13/index.php?JigyosyoCd=1357081169-00&ServiceCd=520&action_kouhyou_detail_024_kihon=true
604,櫻川介護老人保健施設,介護老人保健施設,1357081375-00,520,0,152,0,2022-03-07,0/152人,2026-09-20T19:23:45+09:00,200,200,ok,,https://www.kaigokensaku.mhlw.go.jp/13/index.php?JigyosyoCd=1357081375-00&ServiceCd=520&action_kouhyou_detail_feature_index=true,https://www.kaigokensaku.mhlw.go.jp/13/index.php?JigyosyoCd=1357081375-00&ServiceCd=520&action_kouhyou_detail_024_kihon=true
605,介護老人保健施設ベ レール向島,介護老人保健施設,1350780019-00,520,1,119,4,2025-08-04,1/119人,2026-09-20T19:23:48+09:00,200,200,ok,,https://www.kaigokensaku.mhlw.go.jp/13/index.php?JigyosyoCd=1350780019-00&ServiceCd=520&action_kouhyou_detail_feature_index=true,https://www.kaigokensaku.mhlw.go.jp/13/index.php?JigyosyoCd=1350780019-00&ServiceCd=520&action_kouhyou_detail_024_kihon=true
606,独立行政法人地域医療機能推進機構 東京城東病院付属介護老人保健施設,介護老人保健施設,1357080286-00,520,5,100,0,2025-08-14,5/100人,2026-09-20T19:23:50+09:00,200,200,ok,,https://www.kaigokensaku.mhlw.go.jp/13/index.php?JigyosyoCd=1357080286-00&ServiceCd=520&action_kouhyou_detail_feature_index=true,https://www.kaigokensaku.mhlw.go.jp/13/index.php?JigyosyoCd=1357080286-00&ServiceCd=520&action_kouhyou_detail_024_kihon=true
607,らん すずらん,介護老人保健施設,1357080765-00,520,0,0,0,,0/0人,2026-09-20T19:23:52+09:00,200,200,ok,,https://www.kaigokensaku.mhlw.go.jp/13/index.php?JigyosyoCd=1357080765-00&ServiceCd=520&action_kouhyou_detail_feature_index=true,https://www.kaigokensaku.mhlw.go.jp/13/index.php?JigyosyoCd=1357080765-00&ServiceCd=520&action_kouhyou_detail_024_kihon=true
608,介護老人保健施設清らかの里,介護老人保健施設,1357081086-00,520,10,100,5,2023-08-03,10/100人,2026-09-20T19:23:54+09:00,200,200,ok,,https://www.kaigokensaku.mhlw.go.jp/13/index.php?JigyosyoCd=1357081086-00&ServiceCd=520&action_kouhyou_detail_feature_index=true,https://www.kaigokensaku.mhlw.go.jp/13/index.php?JigyosyoCd=1357081086-00&ServiceCd=520&action_kouhyou_detail_024_kihon=true
609,介護老人保健施設 メディケアイースト,介護老人保健施設,1357081144-00,520,,150,10,,,2026-09-20T19:23:57+09:00,200,200,ok_partial_public_value,,https://www.kaigokensaku.mhlw.go.jp/13/index.php?JigyosyoCd=1357081144-00&ServiceCd=520&action_kouhyou_detail_feature_index=true,https://www.kaigokensaku.mhlw.go.jp/13/index.php?JigyosyoCd=1357081144-00&ServiceCd=520&action_kouhyou_detail_024_kihon=true
610,介護老人保健施かがやきライフ江東,介護老人保健施設,1357081359-00,520,15,150,0,2025-08-08,15/150人,2026-09-20T19:23:59+09:00,200,200,ok,,https://www.kaigokensaku.mhlw.go.jp/13/index.php?JigyosyoCd=1357081359-00&ServiceCd=520&action_kouhyou_detail_feature_index=true,https://www.kaigokensaku.mhlw.go.jp/13/index.php?JigyosyoCd=1357081359-00&ServiceCd=520&action_kouhyou_detail_024_kihon=true
611,介護老人保健施設キ ーストーン,介護老人保健施設,1350880017-00,520,5,100,0,2024-11-03,5/100人,2026-09-20T19:24:01+09:00,200,200,ok,,https://www.kaigokensaku.mhlw.go.jp/13/index.php?JigyosyoCd=1350880017-00&ServiceCd=520&action_kouhyou_detail_feature_index=true,https://www.kaigokensaku.mhlw.go.jp/13/index.php?JigyosyoCd=1350880017-00&ServiceCd=520&action_kouhyou_detail_024_kihon=true
612,介護老人保健施設葵 の園・江東区,介護老人保健施設,1350880025-00,520,0,0,11,2021-11-12,0/0人,2026-09-20T19:24:03+09:00,200,200,ok,,https://www.kaigokensaku.mhlw.go.jp/13/index.php?JigyosyoCd=1350880025-00&ServiceCd=520&action_kouhyou_detail_feature_index=true,https://www.kaigokensaku.mhlw.go.jp/13/index.php?JigyosyoCd=1350880025-00&ServiceCd=520&action_kouhyou_detail_024_kihon=true
613,ケアセンター南大井,介護老人保健施設,1357080864-00,520,0,90,10,2025-07-25,0/90人,2026-09-20T19:24:06+09:00,200,200,ok,,https://www.kaigokensaku.mhlw.go.jp/13/index.php?JigyosyoCd=1357080864-00&ServiceCd=520&action_kouhyou_detail_feature_index=true,https://www.kaigokensaku.mhlw.go.jp/13/index.php?JigyosyoCd=1357080864-00&ServiceCd=520&action_kouhyou_detail_024_kihon=true
614,介護老人保健施設ソ ピア御殿山,介護老人保健施設,1350980015-00,520,4,100,10,2025-07-23,4/100人,2026-09-20T19:24:08+09:00,200,200,ok,,https://www.kaigokensaku.mhlw.go.jp/13/index.php?JigyosyoCd=1350980015-00&ServiceCd=520&action_kouhyou_detail_feature_index=true,https://www.kaigokensaku.mhlw.go.jp/13/index.php?JigyosyoCd=1350980015-00&ServiceCd=520&action_kouhyou_detail_024_kihon=true
615,介護老人保健施設 リハビリパーク目黒,介護老人保健施設,1357081425-00,520,0,0,1,2019-09-09,0/0人,2026-09-20T19:24:10+09:00,200,200,ok,,https://www.kaigokensaku.mhlw.go.jp/13/index.php?JigyosyoCd=1357081425-00&ServiceCd=520&action_kouhyou_detail_feature_index=true,https://www.kaigokensaku.mhlw.go.jp/13/index.php?JigyosyoCd=1357081425-00&ServiceCd=520&action_kouhyou_detail_024_kihon=true
616,介護老人保健施設大森平和の里,介護老人保健施設,1357081219-00,520,,100,5,,,2026-09-20T19:24:13+09:00,200,200,ok_partial_public_value,,https://www.kaigokensaku.mhlw.go.jp/13/index.php?JigyosyoCd=1357081219-00&ServiceCd=520&action_kouhyou_detail_feature_index=true,https://www.kaigokensaku.mhlw.go.jp/13/index.php?JigyosyoCd=1357081219-00&ServiceCd=520&action_kouhyou_detail_024_kihon=true
617,大田ナーシングホーム 翔裕園,介護老人保健施設,1357081243-00,520,4,100,0,2025-07-21,4/100人,2026-09-20T19:24:15+09:00,200,200,ok,,https://www.kaigokensaku.mhlw.go.jp/13/index.php?JigyosyoCd=1357081243-00&ServiceCd=520&action_kouhyou_detail_feature_index=true,https://www.kaigokensaku.mhlw.go.jp/13/index.php?JigyosyoCd=1357081243-00&ServiceCd=520&action_kouhyou_detail_024_kihon=true
618,介護老人保健施設 コージーハウスはすぬ ま,介護老人保健施設,1357081409-00,520,10,100,0,2026-01-07,10/100人,2026-09-20T19:24:17+09:00,200,200,ok,,https://www.kaigokensaku.mhlw.go.jp/13/index.php?JigyosyoCd=1357081409-00&ServiceCd=520&action_kouhyou_detail_feature_index=true,https://www.kaigokensaku.mhlw.go.jp/13/index.php?JigyosyoCd=1357081409-00&ServiceCd=520&action_kouhyou_detail_024_kihon=true
619,アクア東糀谷,介護老人保健施設,1357081532-00,520,0,0,6,2019-09-12,0/0人,2026-09-20T19:24:19+09:00,200,200,ok,,https://www.kaigokensaku.mhlw.go.jp/13/index.php?JigyosyoCd=1357081532-00&ServiceCd=520&action_kouhyou_detail_feature_index=true,https://www.kaigokensaku.mhlw.go.jp/13/index.php?JigyosyoCd=1357081532-00&ServiceCd=520&action_kouhyou_detail_024_kihon=true
620,介護老人保健施設和 光の園,介護老人保健施設,1351180029-00,520,0,116,0,2018-07-15,0/116人,2026-09-20T19:24:22+09:00,200,200,ok,,https://www.kaigokensaku.mhlw.go.jp/13/index.php?JigyosyoCd=1351180029-00&ServiceCd=520&action_kouhyou_detail_feature_index=true,https://www.kaigokensaku.mhlw.go.jp/13/index.php?JigyosyoCd=1351180029-00&ServiceCd=520&action_kouhyou_detail_024_kihon=true
621,ビバ・フローラ,介護老人保健施設,1357080336-00,520,6,63,0,2025-07-28,6/63人,2026-09-20T19:24:24+09:00,200,200,ok,,https://www.kaigokensaku.mhlw.go.jp/13/index.php?JigyosyoCd=1357080336-00&ServiceCd=520&action_kouhyou_detail_feature_index=true,https://www.kaigokensaku.mhlw.go.jp/13/index.php?JigyosyoCd=1357080336-00&ServiceCd=520&action_kouhyou_detail_024_kihon=true
622,介護老人保健施設ホスピア三軒茶屋,介護老人保健施設,1357080351-00,520,0,0,10,2025-08-21,0/0人,2026-09-20T19:24:26+09:00,200,200,ok,,https://www.kaigokensaku.mhlw.go.jp/13/index.php?JigyosyoCd=1357080351-00&ServiceCd=520&action_kouhyou_detail_feature_index=true,https://www.kaigokensaku.mhlw.go.jp/13/index.php?JigyosyoCd=1357080351-00&ServiceCd=520&action_kouhyou_detail_024_kihon=true
623,介護老人保健施設 ふかさわ,介護老人保健施設,1357080708-00,520,,,,,,2026-09-20T19:24:29+09:00,200,200,ok_no_public_value,,https://www.kaigokensaku.mhlw.go.jp/13/index.php?JigyosyoCd=1357080708-00&ServiceCd=520&action_kouhyou_detail_feature_index=true,https://www.kaigokensaku.mhlw.go.jp/13/index.php?JigyosyoCd=1357080708-00&ServiceCd=520&action_kouhyou_detail_024_kihon=true
624,うなね杏霞苑,介護老人保健施設,1357080856-00,520,,,,,,2026-09-20T19:24:31+09:00,200,200,ok_no_public_value,,https://www.kaigokensaku.mhlw.go.jp/13/index.php?JigyosyoCd=1357080856-00&ServiceCd=520&action_kouhyou_detail_feature_index=true,https://www.kaigokensaku.mhlw.go.jp/13/index.php?JigyosyoCd=1357080856-00&ServiceCd=520&action_kouhyou_detail_024_kihon=true
625,介護老人保健施設 玉川すばる,介護老人保健施設,1357081474-00,520,12,156,0,2021-10-29,12/156人,2026-09-20T19:24:33+09:00,200,200,ok,,https://www.kaigokensaku.mhlw.go.jp/13/index.php?JigyosyoCd=1357081474-00&ServiceCd=520&action_kouhyou_detail_feature_index=true,https://www.kaigokensaku.mhlw.go.jp/13/index.php?JigyosyoCd=1357081474-00&ServiceCd=520&action_kouhyou_detail_024_kihon=true
626,介護老人保健施設サ ンセール世田谷大蔵,介護老人保健施設,1351280019-00,520,0,77,5,2025-09-21,0/77人,2026-09-20T19:24:35+09:00,200,200,ok,,https://www.kaigokensaku.mhlw.go.jp/13/index.php?JigyosyoCd=1351280019-00&ServiceCd=520&action_kouhyou_detail_feature_index=true,https://www.kaigokensaku.mhlw.go.jp/13/index.php?JigyosyoCd=1351280019-00&ServiceCd=520&action_kouhyou_detail_024_kihon=true
627,介護老人保健施設 梅ヶ丘,介護老人保健施設,1351280035-00,520,0,0,5,2025-07-23,0/0人,2026-09-20T19:24:37+09:00,200,200,ok,,https://www.kaigokensaku.mhlw.go.jp/13/index.php?JigyosyoCd=1351280035-00&ServiceCd=520&action_kouhyou_detail_feature_index=true,https://www.kaigokensaku.mhlw.go.jp/13/index.php?JigyosyoCd=1351280035-00&ServiceCd=520&action_kouhyou_detail_024_kihon=true
628,リハビリテーションセンター江古田の森,介護老人保健施設,1357081540-00,520,0,100,28,2024-10-29,0/100人,2026-09-20T19:24:40+09:00,200,200,ok,,https://www.kaigokensaku.mhlw.go.jp/13/index.php?JigyosyoCd=1357081540-00&ServiceCd=520&action_kouhyou_detail_feature_index=true,https://www.kaigokensaku.mhlw.go.jp/13/index.php?JigyosyoCd=1357081540-00&ServiceCd=520&action_kouhyou_detail_024_kihon=true
629,介護老人保健施設 中野すみれ苑,介護老人保健施設,1351480015-00,520,22,64,0,2024-10-23,22/64人,2026-09-20T19:24:42+09:00,200,200,ok,,https://www.kaigokensaku.mhlw.go.jp/13/index.php?JigyosyoCd=1351480015-00&ServiceCd=520&action_kouhyou_detail_feature_index=true,https://www.kaigokensaku.mhlw.go.jp/13/index.php?JigyosyoCd=1351480015-00&ServiceCd=520&action_kouhyou_detail_024_kihon=true
630,グリーンポート恵比寿,介護老人保健施設,1357080658-00,520,0,0,5,2016-08-04,0/0人,2026-09-20T19:24:44+09:00,200,200,ok,,https://www.kaigokensaku.mhlw.go.jp/13/index.php?JigyosyoCd=1357080658-00&ServiceCd=520&action_kouhyou_detail_feature_index=true,https://www.kaigokensaku.mhlw.go.jp/13/index.php?JigyosyoCd=1357080658-00&ServiceCd=520&action_kouhyou_detail_024_kihon=true
631,介護老人保健施設 レクロス広尾,介護老人保健施設,1351380017-00,520,0,0,0,2021-10-29,0/0人,2026-09-20T19:24:46+09:00,200,200,ok,,https://www.kaigokensaku.mhlw.go.jp/13/index.php?JigyosyoCd=1351380017-00&ServiceCd=520&action_kouhyou_detail_feature_index=true,https://www.kaigokensaku.mhlw.go.jp/13/index.php?JigyosyoCd=1351380017-00&ServiceCd=520&action_kouhyou_detail_024_kihon=true
632,ブース記念老人保健施設グレイス,介護老人保健施設,1357080195-00,520,8,100,5,2023-07-24,8/100人,2026-09-20T19:24:49+09:00,200,200,ok,,https://www.kaigokensaku.mhlw.go.jp/13/index.php?JigyosyoCd=1357080195-00&ServiceCd=520&action_kouhyou_detail_feature_index=true,https://www.kaigokensaku.mhlw.go.jp/13/index.php?JigyosyoCd=1357080195-00&ServiceCd=520&action_kouhyou_detail_024_kihon=true
633,ウェルファー,介護老人保健施設,1357080583-00,520,0,106,5,2026-04-03,0/106人,2026-09-20T19:24:51+09:00,200,200,ok,,https://www.kaigokensaku.mhlw.go.jp/13/index.php?JigyosyoCd=1357080583-00&ServiceCd=520&action_kouhyou_detail_feature_index=true,https://www.kaigokensaku.mhlw.go.jp/13/index.php?JigyosyoCd=1357080583-00&ServiceCd=520&action_kouhyou_detail_024_kihon=true
634,介護老人保健施設シーダ・ウォーク,介護老人保健施設,1357081284-00,520,7,112,0,2025-08-26,7/112人,2026-09-20T19:24:53+09:00,200,200,ok,,https://www.kaigokensaku.mhlw.go.jp/13/index.php?JigyosyoCd=1357081284-00&ServiceCd=520&action_kouhyou_detail_feature_index=true,https://www.kaigokensaku.mhlw.go.jp/13/index.php?JigyosyoCd=1357081284-00&ServiceCd=520&action_kouhyou_detail_024_kihon=true
635,老健くぬぎ,介護老人保健施設,1351580012-00,520,,100,0,,,2026-09-20T19:24:55+09:00,200,200,ok_partial_public_value,,https://www.kaigokensaku.mhlw.go.jp/13/index.php?JigyosyoCd=1351580012-00&ServiceCd=520&action_kouhyou_detail_feature_index=true,https://www.kaigokensaku.mhlw.go.jp/13/index.php?JigyosyoCd=1351580012-00&ServiceCd=520&action_kouhyou_detail_024_kihon=true
636,介護老人保健施設池袋えびすの郷,介護老人保健施設,1357081235-00,520,0,100,0,2023-07-26,0/100人,2026-09-20T19:24:58+09:00,200,200,ok,,https://www.kaigokensaku.mhlw.go.jp/13/index.php?JigyosyoCd=1357081235-00&ServiceCd=520&action_kouhyou_detail_feature_index=true,https://www.kaigokensaku.mhlw.go.jp/13/index.php?JigyosyoCd=1357081235-00&ServiceCd=520&action_kouhyou_detail_024_kihon=true
637,介護老人保健施設 安寿,介護老人保健施設,1357081383-00,520,0,0,0,2025-08-05,0/0人,2026-09-20T19:25:00+09:00,200,200,ok,,https://www.kaigokensaku.mhlw.go.jp/13/index.php?JigyosyoCd=1357081383-00&ServiceCd=520&action_kouhyou_detail_feature_index=true,https://www.kaigokensaku.mhlw.go.jp/13/index.php?JigyosyoCd=1357081383-00&ServiceCd=520&action_kouhyou_detail_024_kihon=true
638,南池袋介護老人保健施設アバンセ,介護老人保健施設,1351680010-00,520,0,0,0,2025-09-11,0/0人,2026-09-20T19:25:02+09:00,200,200,ok,,https://www.kaigokensaku.mhlw.go.jp/13/index.php?JigyosyoCd=1351680010-00&ServiceCd=520&action_kouhyou_detail_feature_index=true,https://www.kaigokensaku.mhlw.go.jp/13/index.php?JigyosyoCd=1351680010-00&ServiceCd=520&action_kouhyou_detail_024_kihon=true
639,太陽の都,介護老人保健施設,1357080559-00,520,2,100,2,2025-07-29,2/100人,2026-09-20T19:25:05+09:00,200,200,ok,,https://www.kaigokensaku.mhlw.go.jp/13/index.php?JigyosyoCd=1357080559-00&ServiceCd=520&action_kouhyou_detail_feature_index=true,https://www.kaigokensaku.mhlw.go.jp/13/index.php?JigyosyoCd=1357080559-00&ServiceCd=520&action_kouhyou_detail_024_kihon=true
640,東京北医療センター介護老人保健施設 さくらの杜,介護老人保健施設,1357081185-00,520,8,100,0,2025-08-12,8/100人,2026-09-20T19:25:07+09:00,200,200,ok,,https://www.kaigokensaku.mhlw.go.jp/13/index.php?JigyosyoCd=1357081185-00&ServiceCd=520&action_kouhyou_detail_feature_index=true,https://www.kaigokensaku.mhlw.go.jp/13/index.php?JigyosyoCd=1357081185-00&ServiceCd=520&action_kouhyou_detail_024_kihon=true
641,滝野川病院附属介 護老人保健施設,介護老人保健施設,1351780018-00,520,0,0,0,2015-08-12,0/0人,2026-09-20T19:25:09+09:00,200,200,ok,,https://www.kaigokensaku.mhlw.go.jp/13/index.php?JigyosyoCd=1351780018-00&ServiceCd=520&action_kouhyou_detail_feature_index=true,https://www.kaigokensaku.mhlw.go.jp/13/index.php?JigyosyoCd=1351780018-00&ServiceCd=520&action_kouhyou_detail_024_kihon=true
642,介護老人保健施設リ ハビリパーク滝野川,介護老人保健施設,1351780026-00,520,2,150,15,2024-11-14,2/150人,2026-09-20T19:25:11+09:00,200,200,ok,,https://www.kaigokensaku.mhlw.go.jp/13/index.php?JigyosyoCd=1351780026-00&ServiceCd=520&action_kouhyou_detail_feature_index=true,https://www.kaigokensaku.mhlw.go.jp/13/index.php?JigyosyoCd=1351780026-00&ServiceCd=520&action_kouhyou_detail_024_kihon=true
643,介護老人保健施設 はくちょう,介護老人保健施設,1351780034-00,520,0,100,10,2025-08-12,0/100人,2026-09-20T19:25:14+09:00,200,200,ok,,https://www.kaigokensaku.mhlw.go.jp/13/index.php?JigyosyoCd=1351780034-00&ServiceCd=520&action_kouhyou_detail_feature_index=true,https://www.kaigokensaku.mhlw.go.jp/13/index.php?JigyosyoCd=1351780034-00&ServiceCd=520&action_kouhyou_detail_024_kihon=true
644,医療法人社団博栄会 東京シニアケアセン ター赤羽,介護老人保健施設,1351780042-00,520,0,0,0,,0/0人,2026-09-20T19:25:16+09:00,200,200,ok,,https://www.kaigokensaku.mhlw.go.jp/13/index.php?JigyosyoCd=1351780042-00&ServiceCd=520&action_kouhyou_detail_feature_index=true,https://www.kaigokensaku.mhlw.go.jp/13/index.php?JigyosyoCd=1351780042-00&ServiceCd=520&action_kouhyou_detail_024_kihon=true
645,社会福祉法人 上智社会事業団 老人保 健施設まちや,介護老人保健施設,1357080476-00,520,0,0,0,2023-08-21,0/0人,2026-09-20T19:25:18+09:00,200,200,ok,,https://www.kaigokensaku.mhlw.go.jp/13/index.php?JigyosyoCd=1357080476-00&ServiceCd=520&action_kouhyou_detail_feature_index=true,https://www.kaigokensaku.mhlw.go.jp/13/index.php?JigyosyoCd=1357080476-00&ServiceCd=520&action_kouhyou_detail_024_kihon=true
646,ひぐらしの里,介護老人保健施設,1357080872-00,520,5,100,0,2025-08-12,5/100人,2026-09-20T19:25:20+09:00,200,200,ok,,https://www.kaigokensaku.mhlw.go.jp/13/index.php?JigyosyoCd=1357080872-00&ServiceCd=520&action_kouhyou_detail_feature_index=true,https://www.kaigokensaku.mhlw.go.jp/13/index.php?JigyosyoCd=1357080872-00&ServiceCd=520&action_kouhyou_detail_024_kihon=true
647,介護老人保健施設けんちの苑すみだ川,介護老人保健施設,1357081110-00,520,0,0,0,2025-08-14,0/0人,2026-09-20T19:25:23+09:00,200,200,ok,,https://www.kaigokensaku.mhlw.go.jp/13/index.php?JigyosyoCd=1357081110-00&ServiceCd=520&action_kouhyou_detail_feature_index=true,https://www.kaigokensaku.mhlw.go.jp/13/index.php?JigyosyoCd=1357081110-00&ServiceCd=520&action_kouhyou_detail_024_kihon=true
648,エーデルワイス,介護老人保健施設,1357080393-00,520,1,100,5,2025-07-17,1/100人,2026-09-20T19:25:25+09:00,200,200,ok,,https://www.kaigokensaku.mhlw.go.jp/13/index.php?JigyosyoCd=1357080393-00&ServiceCd=520&action_kouhyou_detail_feature_index=true,https://www.kaigokensaku.mhlw.go.jp/13/index.php?JigyosyoCd=1357080393-00&ServiceCd=520&action_kouhyou_detail_024_kihon=true
649,シルバーピア加賀,介護老人保健施設,1357080435-00,520,3,200,0,2025-07-27,3/200人,2026-09-20T19:25:27+09:00,200,200,ok,,https://www.kaigokensaku.mhlw.go.jp/13/index.php?JigyosyoCd=1357080435-00&ServiceCd=520&action_kouhyou_detail_feature_index=true,https://www.kaigokensaku.mhlw.go.jp/13/index.php?JigyosyoCd=1357080435-00&ServiceCd=520&action_kouhyou_detail_024_kihon=true
650,蓮根ひまわり苑,介護老人保健施設,1357080591-00,520,12,120,0,2026-03-18,12/120人,2026-09-20T19:25:30+09:00,200,200,ok,,https://www.kaigokensaku.mhlw.go.jp/13/index.php?JigyosyoCd=1357080591-00&ServiceCd=520&action_kouhyou_detail_feature_index=true,https://www.kaigokensaku.mhlw.go.jp/13/index.php?JigyosyoCd=1357080591-00&ServiceCd=520&action_kouhyou_detail_024_kihon=true
651,板橋ロイヤルケアセンター,介護老人保健施設,1357080948-00,520,2,150,7,2026-06-20,2/150人,2026-09-20T19:25:34+09:00,200,200,ok,,https://www.kaigokensaku.mhlw.go.jp/13/index.php?JigyosyoCd=1357080948-00&ServiceCd=520&action_kouhyou_detail_feature_index=true,https://www.kaigokensaku.mhlw.go.jp/13/index.php?JigyosyoCd=1357080948-00&ServiceCd=520&action_kouhyou_detail_024_kihon=true
652,介護老人保健施設志村さつき苑,介護老人保健施設,1357081276-00,520,0,0,0,2025-07-17,0/0人,2026-09-20T19:25:38+09:00,200,200,ok,,https://www.kaigokensaku.mhlw.go.jp/13/index.php?JigyosyoCd=1357081276-00&ServiceCd=520&action_kouhyou_detail_feature_index=true,https://www.kaigokensaku.mhlw.go.jp/13/index.php?JigyosyoCd=1357081276-00&ServiceCd=520&action_kouhyou_detail_024_kihon=true
653,介護老人保健施設赤塚園,介護老人保健施設,1357081334-00,520,0,0,0,2025-08-06,0/0人,2026-09-20T19:25:41+09:00,200,200,ok,,https://www.kaigokensaku.mhlw.go.jp/13/index.php?JigyosyoCd=1357081334-00&ServiceCd=520&action_kouhyou_detail_feature_index=true,https://www.kaigokensaku.mhlw.go.jp/13/index.php?JigyosyoCd=1357081334-00&ServiceCd=520&action_kouhyou_detail_024_kihon=true
654,プリムローズ,介護老人保健施設,1357081524-00,520,0,0,0,2022-08-09,0/0人,2026-09-20T19:25:43+09:00,200,200,ok,,https://www.kaigokensaku.mhlw.go.jp/13/index.php?JigyosyoCd=1357081524-00&ServiceCd=520&action_kouhyou_detail_feature_index=true,https://www.kaigokensaku.mhlw.go.jp/13/index.php?JigyosyoCd=1357081524-00&ServiceCd=520&action_kouhyou_detail_024_kihon=true
655,介護老人保健施設浮間舟渡園(介護療養 型),介護老人保健施設,1351980014-00,520,0,0,0,,0/0人,2026-09-20T19:25:45+09:00,200,200,ok,,https://www.kaigokensaku.mhlw.go.jp/13/index.php?JigyosyoCd=1351980014-00&ServiceCd=520&action_kouhyou_detail_feature_index=true,https://www.kaigokensaku.mhlw.go.jp/13/index.php?JigyosyoCd=1351980014-00&ServiceCd=520&action_kouhyou_detail_024_kihon=true
656,介護老人保健施設クローバーのさと イムスケア カウピリ板橋,介護老人保健施設,1351980022-00,520,2,88,4,2026-09-17,2/88人,2026-09-20T19:25:47+09:00,200,200,ok,,https://www.kaigokensaku.mhlw.go.jp/13/index.php?JigyosyoCd=1351980022-00&ServiceCd=520&action_kouhyou_detail_feature_index=true,https://www.kaigokensaku.mhlw.go.jp/13/index.php?JigyosyoCd=1351980022-00&ServiceCd=520&action_kouhyou_detail_024_kihon=true
657,医療法人社団慈誠会 介護老人保健施設 紅梅園,介護老人保健施設,1351980030-00,520,6,154,5,2025-08-14,6/154人,2026-09-20T19:25:50+09:00,200,200,ok,,https://www.kaigokensaku.mhlw.go.jp/13/index.php?JigyosyoCd=1351980030-00&ServiceCd=520&action_kouhyou_detail_feature_index=true,https://www.kaigokensaku.mhlw.go.jp/13/index.php?JigyosyoCd=1351980030-00&ServiceCd=520&action_kouhyou_detail_024_kihon=true
658,練馬ゆめの木,介護老人保健施設,1357080427-00,520,0,0,0,2025-08-19,0/0人,2026-09-20T19:25:52+09:00,200,200,ok,,https://www.kaigokensaku.mhlw.go.jp/13/index.php?JigyosyoCd=1357080427-00&ServiceCd=520&action_kouhyou_detail_feature_index=true,https://www.kaigokensaku.mhlw.go.jp/13/index.php?JigyosyoCd=1357080427-00&ServiceCd=520&action_kouhyou_detail_024_kihon=true
659,介護老人保健施設大泉学園ふきのとう,介護老人保健施設,1357080518-00,520,2,100,0,2025-08-01,2/100人,2026-09-20T19:25:54+09:00,200,200,ok,,https://www.kaigokensaku.mhlw.go.jp/13/index.php?JigyosyoCd=1357080518-00&ServiceCd=520&action_kouhyou_detail_feature_index=true,https://www.kaigokensaku.mhlw.go.jp/13/index.php?JigyosyoCd=1357080518-00&ServiceCd=520&action_kouhyou_detail_024_kihon=true
660,ミレニアム桜台,介護老人保健施設,1357080724-00,520,0,92,3,2025-07-31,0/92人,2026-09-20T19:25:57+09:00,200,200,ok,,https://www.kaigokensaku.mhlw.go.jp/13/index.php?JigyosyoCd=1357080724-00&ServiceCd=520&action_kouhyou_detail_feature_index=true,https://www.kaigokensaku.mhlw.go.jp/13/index.php?JigyosyoCd=1357080724-00&ServiceCd=520&action_kouhyou_detail_024_kihon=true
661,平和台介護老人保健施設アバンセ,介護老人保健施設,1357080955-00,520,1,150,1,2025-08-14,1/150人,2026-09-20T19:25:59+09:00,200,200,ok,,https://www.kaigokensaku.mhlw.go.jp/13/index.php?JigyosyoCd=1357080955-00&ServiceCd=520&action_kouhyou_detail_feature_index=true,https://www.kaigokensaku.mhlw.go.jp/13/index.php?JigyosyoCd=1357080955-00&ServiceCd=520&action_kouhyou_detail_024_kihon=true
662,会介護老人保健施設カタクリの花,介護老人保健施設,1357081037-00,520,0,0,0,,0/0人,2026-09-20T19:26:01+09:00,200,200,ok,,https://www.kaigokensaku.mhlw.go.jp/13/index.php?JigyosyoCd=1357081037-00&ServiceCd=520&action_kouhyou_detail_feature_index=true,https://www.kaigokensaku.mhlw.go.jp/13/index.php?JigyosyoCd=1357081037-00&ServiceCd=520&action_kouhyou_detail_024_kihon=true
663,介護老人保健施設葵 の園・練馬,介護老人保健施設,1352080012-00,520,1,100,0,2025-08-10,1/100人,2026-09-20T19:26:03+09:00,200,200,ok,,https://www.kaigokensaku.mhlw.go.jp/13/index.php?JigyosyoCd=1352080012-00&ServiceCd=520&action_kouhyou_detail_feature_index=true,https://www.kaigokensaku.mhlw.go.jp/13/index.php?JigyosyoCd=1352080012-00&ServiceCd=520&action_kouhyou_detail_024_kihon=true
664,神石介護老人保健施設,介護老人保健施設,1352080020-00,520,0,0,0,2025-07-29,0/0人,2026-09-20T19:26:06+09:00,200,200,ok,,https://www.kaigokensaku.mhlw.go.jp/13/index.php?JigyosyoCd=1352080020-00&ServiceCd=520&action_kouhyou_detail_feature_index=true,https://www.kaigokensaku.mhlw.go.jp/13/index.php?JigyosyoCd=1352080020-00&ServiceCd=520&action_kouhyou_detail_024_kihon=true
665,介護老人保健施設橘 苑,介護老人保健施設,1352080038-00,520,3,53,0,2020-09-17,3/53人,2026-09-20T19:26:08+09:00,200,200,ok,,https://www.kaigokensaku.mhlw.go.jp/13/index.php?JigyosyoCd=1352080038-00&ServiceCd=520&action_kouhyou_detail_feature_index=true,https://www.kaigokensaku.mhlw.go.jp/13/index.php?JigyosyoCd=1352080038-00&ServiceCd=520&action_kouhyou_detail_024_kihon=true
666,介護老人保健施設 リハビリパーク練馬,介護老人保健施設,1352080046-00,520,0,0,15,2025-04-11,0/0人,2026-09-20T19:26:10+09:00,200,200,ok,,https://www.kaigokensaku.mhlw.go.jp/13/index.php?JigyosyoCd=1352080046-00&ServiceCd=520&action_kouhyou_detail_feature_index=true,https://www.kaigokensaku.mhlw.go.jp/13/index.php?JigyosyoCd=1352080046-00&ServiceCd=520&action_kouhyou_detail_024_kihon=true
667,介護老人保健施設第 二橘苑,介護老人保健施設,1352080053-00,520,3,20,0,2024-12-16,3/20人,2026-09-20T19:26:13+09:00,200,200,ok,,https://www.kaigokensaku.mhlw.go.jp/13/index.php?JigyosyoCd=1352080053-00&ServiceCd=520&action_kouhyou_detail_feature_index=true,https://www.kaigokensaku.mhlw.go.jp/13/index.php?JigyosyoCd=1352080053-00&ServiceCd=520&action_kouhyou_detail_024_kihon=true
668,介護老人保健施設エ スポワール練馬,介護老人保健施設,1352080061-00,520,7,94,0,2022-07-11,7/94人,2026-09-20T19:26:15+09:00,200,200,ok,,https://www.kaigokensaku.mhlw.go.jp/13/index.php?JigyosyoCd=1352080061-00&ServiceCd=520&action_kouhyou_detail_feature_index=true,https://www.kaigokensaku.mhlw.go.jp/13/index.php?JigyosyoCd=1352080061-00&ServiceCd=520&action_kouhyou_detail_024_kihon=true
669,介護老人保健施設ラ イフサポート ひなた,介護老人保健施設,1352080079-00,520,2,56,6,2025-07-22,2/56人,2026-09-20T19:26:17+09:00,200,200,ok,,https://www.kaigokensaku.mhlw.go.jp/13/index.php?JigyosyoCd=1352080079-00&ServiceCd=520&action_kouhyou_detail_feature_index=true,https://www.kaigokensaku.mhlw.go.jp/13/index.php?JigyosyoCd=1352080079-00&ServiceCd=520&action_kouhyou_detail_024_kihon=true
670,介護老人保健施設み んなの笑顔,介護老人保健施設,1352080087-00,520,1,100,0,2021-10-28,1/100人,2026-09-20T19:26:20+09:00,200,200,ok,,https://www.kaigokensaku.mhlw.go.jp/13/index.php?JigyosyoCd=1352080087-00&ServiceCd=520&action_kouhyou_detail_feature_index=true,https://www.kaigokensaku.mhlw.go.jp/13/index.php?JigyosyoCd=1352080087-00&ServiceCd=520&action_kouhyou_detail_024_kihon=true
671,介護老人保健施設ラ イフサポートねりま,介護老人保健施設,1352080095-00,520,4,80,8,2023-09-25,4/80人,2026-09-20T19:26:22+09:00,200,200,ok,,https://www.kaigokensaku.mhlw.go.jp/13/index.php?JigyosyoCd=1352080095-00&ServiceCd=520&action_kouhyou_detail_feature_index=true,https://www.kaigokensaku.mhlw.go.jp/13/index.php?JigyosyoCd=1352080095-00&ServiceCd=520&action_kouhyou_detail_024_kihon=true
672,千寿の郷,介護老人保健施設,1357080179-00,520,0,0,0,2025-08-14,0/0人,2026-09-20T19:26:24+09:00,200,200,ok,,https://www.kaigokensaku.mhlw.go.jp/13/index.php?JigyosyoCd=1357080179-00&ServiceCd=520&action_kouhyou_detail_feature_index=true,https://www.kaigokensaku.mhlw.go.jp/13/index.php?JigyosyoCd=1357080179-00&ServiceCd=520&action_kouhyou_detail_024_kihon=true
673,足立老人ケアセンター,介護老人保健施設,1357080252-00,520,7,92,6,2025-08-05,7/92人,2026-09-20T19:26:27+09:00,200,200,ok,,https://www.kaigokensaku.mhlw.go.jp/13/index.php?JigyosyoCd=1357080252-00&ServiceCd=520&action_kouhyou_detail_feature_index=true,https://www.kaigokensaku.mhlw.go.jp/13/index.php?JigyosyoCd=1357080252-00&ServiceCd=520&action_kouhyou_detail_024_kihon=true
674,しらさぎ,介護老人保健施設,1357080302-00,520,3,3,0,2025-07-31,3/3人,2026-09-20T19:26:29+09:00,200,200,ok,,https://www.kaigokensaku.mhlw.go.jp/13/index.php?JigyosyoCd=1357080302-00&ServiceCd=520&action_kouhyou_detail_feature_index=true,https://www.kaigokensaku.mhlw.go.jp/13/index.php?JigyosyoCd=1357080302-00&ServiceCd=520&action_kouhyou_detail_024_kihon=true
675,レーベンハウス,介護老人保健施設,1357080468-00,520,2,100,53,2017-07-11,2/100人,2026-09-20T19:26:31+09:00,200,200,ok,,https://www.kaigokensaku.mhlw.go.jp/13/index.php?JigyosyoCd=1357080468-00&ServiceCd=520&action_kouhyou_detail_feature_index=true,https://www.kaigokensaku.mhlw.go.jp/13/index.php?JigyosyoCd=1357080468-00&ServiceCd=520&action_kouhyou_detail_024_kihon=true
676,成仁介護老人保健施設 (通リハ休止~R9年3月31日まで),介護老人保健施設,1357080690-00,520,,95,0,,,2026-09-20T19:26:33+09:00,200,200,ok_partial_public_value,,https://www.kaigokensaku.mhlw.go.jp/13/index.php?JigyosyoCd=1357080690-00&ServiceCd=520&action_kouhyou_detail_feature_index=true,https://www.kaigokensaku.mhlw.go.jp/13/index.php?JigyosyoCd=1357080690-00&ServiceCd=520&action_kouhyou_detail_024_kihon=true
677,いずみ,介護老人保健施設,1357081003-00,520,18,100,0,2024-11-29,18/100人,2026-09-20T19:26:36+09:00,200,200,ok,,https://www.kaigokensaku.mhlw.go.jp/13/index.php?JigyosyoCd=1357081003-00&ServiceCd=520&action_kouhyou_detail_feature_index=true,https://www.kaigokensaku.mhlw.go.jp/13/index.php?JigyosyoCd=1357081003-00&ServiceCd=520&action_kouhyou_detail_024_kihon=true
678,介護老人保健施設梅の木,介護老人保健施設,1357081094-00,520,,144,0,,,2026-09-20T19:26:38+09:00,200,200,ok_partial_public_value,,https://www.kaigokensaku.mhlw.go.jp/13/index.php?JigyosyoCd=1357081094-00&ServiceCd=520&action_kouhyou_detail_feature_index=true,https://www.kaigokensaku.mhlw.go.jp/13/index.php?JigyosyoCd=1357081094-00&ServiceCd=520&action_kouhyou_detail_024_kihon=true
679,介護老人保健施設ひばり,介護老人保健施設,1357081136-00,520,5,120,0,2025-08-13,5/120人,2026-09-20T19:26:40+09:00,200,200,ok,,https://www.kaigokensaku.mhlw.go.jp/13/index.php?JigyosyoCd=1357081136-00&ServiceCd=520&action_kouhyou_detail_feature_index=true,https://www.kaigokensaku.mhlw.go.jp/13/index.php?JigyosyoCd=1357081136-00&ServiceCd=520&action_kouhyou_detail_024_kihon=true
680,医療法人社団 大坪会 介護老人保健施設 ホスピア東和,介護老人保健施設,1357081367-00,520,5,172,4,2025-08-05,5/172人,2026-09-20T19:26:42+09:00,200,200,ok,,https://www.kaigokensaku.mhlw.go.jp/13/index.php?JigyosyoCd=1357081367-00&ServiceCd=520&action_kouhyou_detail_feature_index=true,https://www.kaigokensaku.mhlw.go.jp/13/index.php?JigyosyoCd=1357081367-00&ServiceCd=520&action_kouhyou_detail_024_kihon=true
681,水野介護老人保健施設,介護老人保健施設,1352180010-00,520,0,0,11,2016-08-27,0/0人,2026-09-20T19:26:45+09:00,200,200,ok,,https://www.kaigokensaku.mhlw.go.jp/13/index.php?JigyosyoCd=1352180010-00&ServiceCd=520&action_kouhyou_detail_feature_index=true,https://www.kaigokensaku.mhlw.go.jp/13/index.php?JigyosyoCd=1352180010-00&ServiceCd=520&action_kouhyou_detail_024_kihon=true
682,千壽介護老人保健施設,介護老人保健施設,1352180028-00,520,0,0,12,2024-11-06,0/0人,2026-09-20T19:26:47+09:00,200,200,ok,,https://www.kaigokensaku.mhlw.go.jp/13/index.php?JigyosyoCd=1352180028-00&ServiceCd=520&action_kouhyou_detail_feature_index=true,https://www.kaigokensaku.mhlw.go.jp/13/index.php?JigyosyoCd=1352180028-00&ServiceCd=520&action_kouhyou_detail_024_kihon=true
683,介護老人保健施設 あさひ,介護老人保健施設,1352180036-00,520,20,126,0,2024-10-23,20/126人,2026-09-20T19:26:49+09:00,200,200,ok,,https://www.kaigokensaku.mhlw.go.jp/13/index.php?JigyosyoCd=1352180036-00&ServiceCd=520&action_kouhyou_detail_feature_index=true,https://www.kaigokensaku.mhlw.go.jp/13/index.php?JigyosyoCd=1352180036-00&ServiceCd=520&action_kouhyou_detail_024_kihon=true
684,介護老人保健施設イ ルアカーサ,介護老人保健施設,1352180044-00,520,59,100,5,2014-08-28,59/100人,2026-09-20T19:26:52+09:00,200,200,ok,,https://www.kaigokensaku.mhlw.go.jp/13/index.php?JigyosyoCd=1352180044-00&ServiceCd=520&action_kouhyou_detail_feature_index=true,https://www.kaigokensaku.mhlw.go.jp/13/index.php?JigyosyoCd=1352180044-00&ServiceCd=520&action_kouhyou_detail_024_kihon=true
685,介護老人保健施設葵 の園・椿,介護老人保健施設,1352180051-00,520,4,150,0,2025-08-05,4/150人,2026-09-20T19:26:54+09:00,200,200,ok,,https://www.kaigokensaku.mhlw.go.jp/13/index.php?JigyosyoCd=1352180051-00&ServiceCd=520&action_kouhyou_detail_feature_index=true,https://www.kaigokensaku.mhlw.go.jp/13/index.php?JigyosyoCd=1352180051-00&ServiceCd=520&action_kouhyou_detail_024_kihon=true
686,東京愛育苑ケアレジデンス,介護老人保健施設,1357080054-00,520,0,0,0,2025-03-13,0/0人,2026-09-20T19:26:56+09:00,200,200,ok,,https://www.kaigokensaku.mhlw.go.jp/13/index.php?JigyosyoCd=1357080054-00&ServiceCd=520&action_kouhyou_detail_feature_index=true,https://www.kaigokensaku.mhlw.go.jp/13/index.php?JigyosyoCd=1357080054-00&ServiceCd=520&action_kouhyou_detail_024_kihon=true
687,花の木,介護老人保健施設,1357080385-00,520,0,0,0,2017-08-01,0/0人,2026-09-20T19:26:58+09:00,200,200,ok,,https://www.kaigokensaku.mhlw.go.jp/13/index.php?JigyosyoCd=1357080385-00&ServiceCd=520&action_kouhyou_detail_feature_index=true,https://www.kaigokensaku.mhlw.go.jp/13/index.php?JigyosyoCd=1357080385-00&ServiceCd=520&action_kouhyou_detail_024_kihon=true
688,アルターかつしかばし,介護老人保健施設,1357080484-00,520,0,77,8,2023-07-26,0/77人,2026-09-20T19:27:01+09:00,200,200,ok,,https://www.kaigokensaku.mhlw.go.jp/13/index.php?JigyosyoCd=1357080484-00&ServiceCd=520&action_kouhyou_detail_feature_index=true,https://www.kaigokensaku.mhlw.go.jp/13/index.php?JigyosyoCd=1357080484-00&ServiceCd=520&action_kouhyou_detail_024_kihon=true
689,葛飾ロイヤルケアセンター,介護老人保健施設,1357080963-00,520,2,150,5,2025-08-07,2/150人,2026-09-20T19:27:03+09:00,200,200,ok,,https://www.kaigokensaku.mhlw.go.jp/13/index.php?JigyosyoCd=1357080963-00&ServiceCd=520&action_kouhyou_detail_feature_index=true,https://www.kaigokensaku.mhlw.go.jp/13/index.php?JigyosyoCd=1357080963-00&ServiceCd=520&action_kouhyou_detail_024_kihon=true
690,ケア新小岩,介護老人保健施設,1357080989-00,520,0,0,2,2016-09-04,0/0人,2026-09-20T19:27:05+09:00,200,200,ok,,https://www.kaigokensaku.mhlw.go.jp/13/index.php?JigyosyoCd=1357080989-00&ServiceCd=520&action_kouhyou_detail_feature_index=true,https://www.kaigokensaku.mhlw.go.jp/13/index.php?JigyosyoCd=1357080989-00&ServiceCd=520&action_kouhyou_detail_024_kihon=true
691,介護老人保健施設お 花茶屋ロイヤルケアセンター,介護老人保健施設,1357081433-00,520,3,150,0,2026-09-17,3/150人,2026-09-20T19:27:08+09:00,200,200,ok,,https://www.kaigokensaku.mhlw.go.jp/13/index.php?JigyosyoCd=1357081433-00&ServiceCd=520&action_kouhyou_detail_feature_index=true,https://www.kaigokensaku.mhlw.go.jp/13/index.php?JigyosyoCd=1357081433-00&ServiceCd=520&action_kouhyou_detail_024_kihon=true
692,介護老人保健施設青 戸こはるびの里,介護老人保健施設,1357081458-00,520,0,0,30,2017-07-06,0/0人,2026-09-20T19:27:10+09:00,200,200,ok,,https://www.kaigokensaku.mhlw.go.jp/13/index.php?JigyosyoCd=1357081458-00&ServiceCd=520&action_kouhyou_detail_feature_index=true,https://www.kaigokensaku.mhlw.go.jp/13/index.php?JigyosyoCd=1357081458-00&ServiceCd=520&action_kouhyou_detail_024_kihon=true
693,介護老人保健施設リ ハビリケアかつしか,介護老人保健施設,1352280018-00,520,12,120,6,2023-08-05,12/120人,2026-09-20T19:27:12+09:00,200,200,ok,,https://www.kaigokensaku.mhlw.go.jp/13/index.php?JigyosyoCd=1352280018-00&ServiceCd=520&action_kouhyou_detail_feature_index=true,https://www.kaigokensaku.mhlw.go.jp/13/index.php?JigyosyoCd=1352280018-00&ServiceCd=520&action_kouhyou_detail_024_kihon=true
694,ヴィット,介護老人保健施設,1357080203-00,520,0,48,20,2022-09-07,0/48人,2026-09-20T19:27:14+09:00,200,200,ok,,https://www.kaigokensaku.mhlw.go.jp/13/index.php?JigyosyoCd=1357080203-00&ServiceCd=520&action_kouhyou_detail_feature_index=true,https://www.kaigokensaku.mhlw.go.jp/13/index.php?JigyosyoCd=1357080203-00&ServiceCd=520&action_kouhyou_detail_024_kihon=true
695,介護老人保健施設 ジェロントピア菊華,介護老人保健施設,1357080229-00,520,,150,4,,,2026-09-20T19:27:17+09:00,200,200,ok_partial_public_value,,https://www.kaigokensaku.mhlw.go.jp/13/index.php?JigyosyoCd=1357080229-00&ServiceCd=520&action_kouhyou_detail_feature_index=true,https://www.kaigokensaku.mhlw.go.jp/13/index.php?JigyosyoCd=1357080229-00&ServiceCd=520&action_kouhyou_detail_024_kihon=true
696,ビーバス成光苑,介護老人保健施設,1357080377-00,520,10,100,0,2020-09-02,10/100人,2026-09-20T19:27:19+09:00,200,200,ok,,https://www.kaigokensaku.mhlw.go.jp/13/index.php?JigyosyoCd=1357080377-00&ServiceCd=520&action_kouhyou_detail_feature_index=true,https://www.kaigokensaku.mhlw.go.jp/13/index.php?JigyosyoCd=1357080377-00&ServiceCd=520&action_kouhyou_detail_024_kihon=true
697,くすのきの里,介護老人保健施設,1357080492-00,520,,,,,,2026-09-20T19:27:21+09:00,200,200,ok_no_public_value,,https://www.kaigokensaku.mhlw.go.jp/13/index.php?JigyosyoCd=1357080492-00&ServiceCd=520&action_kouhyou_detail_feature_index=true,https://www.kaigokensaku.mhlw.go.jp/13/index.php?JigyosyoCd=1357080492-00&ServiceCd=520&action_kouhyou_detail_024_kihon=true
698,ひまわり,介護老人保健施設,1357080542-00,520,0,0,15,2026-03-31,0/0人,2026-09-20T19:27:24+09:00,200,200,ok,,https://www.kaigokensaku.mhlw.go.jp/13/index.php?JigyosyoCd=1357080542-00&ServiceCd=520&action_kouhyou_detail_feature_index=true,https://www.kaigokensaku.mhlw.go.jp/13/index.php?JigyosyoCd=1357080542-00&ServiceCd=520&action_kouhyou_detail_024_kihon=true
699,やすらぎ,介護老人保健施設,1357080880-00,520,0,0,1,2025-08-29,0/0人,2026-09-20T19:27:26+09:00,200,200,ok,,https://www.kaigokensaku.mhlw.go.jp/13/index.php?JigyosyoCd=1357080880-00&ServiceCd=520&action_kouhyou_detail_feature_index=true,https://www.kaigokensaku.mhlw.go.jp/13/index.php?JigyosyoCd=1357080880-00&ServiceCd=520&action_kouhyou_detail_024_kihon=true
700,介護老人保健施設こでまり,介護老人保健施設,1357081268-00,520,0,0,0,2021-11-24,0/0人,2026-09-20T19:27:28+09:00,200,200,ok,,https://www.kaigokensaku.mhlw.go.jp/13/index.php?JigyosyoCd=1357081268-00&ServiceCd=520&action_kouhyou_detail_feature_index=true,https://www.kaigokensaku.mhlw.go.jp/13/index.php?JigyosyoCd=1357081268-00&ServiceCd=520&action_kouhyou_detail_024_kihon=true
701,介護老人保健施設めぐみ,介護老人保健施設,1357081292-00,520,0,0,0,2016-08-25,0/0人,2026-09-20T19:27:32+09:00,200,200,ok,,https://www.kaigokensaku.mhlw.go.jp/13/index.php?JigyosyoCd=1357081292-00&ServiceCd=520&action_kouhyou_detail_feature_index=true,https://www.kaigokensaku.mhlw.go.jp/13/index.php?JigyosyoCd=1357081292-00&ServiceCd=520&action_kouhyou_detail_024_kihon=true
702,森山ケアセンター 介護老人保健施設,介護老人保健施設,1352380016-00,520,0,0,0,,0/0人,2026-09-20T19:27:37+09:00,200,200,ok,,https://www.kaigokensaku.mhlw.go.jp/13/index.php?JigyosyoCd=1352380016-00&ServiceCd=520&action_kouhyou_detail_feature_index=true,https://www.kaigokensaku.mhlw.go.jp/13/index.php?JigyosyoCd=1352380016-00&ServiceCd=520&action_kouhyou_detail_024_kihon=true
703,ハイネス憩の丘,介護老人保健施設,1357080088-00,520,12,107,0,2023-09-13,12/107人,2026-09-20T19:27:39+09:00,200,200,ok,,https://www.kaigokensaku.mhlw.go.jp/13/index.php?JigyosyoCd=1357080088-00&ServiceCd=520&action_kouhyou_detail_feature_index=true,https://www.kaigokensaku.mhlw.go.jp/13/index.php?JigyosyoCd=1357080088-00&ServiceCd=520&action_kouhyou_detail_024_kihon=true
704,南大沢ホロス由木,介護老人保健施設,1357080096-00,520,14,142,201,2018-07-12,14/142人,2026-09-20T19:27:41+09:00,200,200,ok,,https://www.kaigokensaku.mhlw.go.jp/13/index.php?JigyosyoCd=1357080096-00&ServiceCd=520&action_kouhyou_detail_feature_index=true,https://www.kaigokensaku.mhlw.go.jp/13/index.php?JigyosyoCd=1357080096-00&ServiceCd=520&action_kouhyou_detail_024_kihon=true
705,ウエストケアセンター,介護老人保健施設,1357080112-00,520,7,128,0,2024-11-01,7/128人,2026-09-20T19:27:44+09:00,200,200,ok,,https://www.kaigokensaku.mhlw.go.jp/13/index.php?JigyosyoCd=1357080112-00&ServiceCd=520&action_kouhyou_detail_feature_index=true,https://www.kaigokensaku.mhlw.go.jp/13/index.php?JigyosyoCd=1357080112-00&ServiceCd=520&action_kouhyou_detail_024_kihon=true
706,エンジェルコート,介護老人保健施設,1357080138-00,520,0,0,0,2025-03-31,0/0人,2026-09-20T19:27:46+09:00,200,200,ok,,https://www.kaigokensaku.mhlw.go.jp/13/index.php?JigyosyoCd=1357080138-00&ServiceCd=520&action_kouhyou_detail_feature_index=true,https://www.kaigokensaku.mhlw.go.jp/13/index.php?JigyosyoCd=1357080138-00&ServiceCd=520&action_kouhyou_detail_024_kihon=true
707,ハートランドぐらんぱ・ぐらんま,介護老人保健施設,1357080187-00,520,0,0,0,2023-07-29,0/0人,2026-09-20T19:27:48+09:00,200,200,ok,,https://www.kaigokensaku.mhlw.go.jp/13/index.php?JigyosyoCd=1357080187-00&ServiceCd=520&action_kouhyou_detail_feature_index=true,https://www.kaigokensaku.mhlw.go.jp/13/index.php?JigyosyoCd=1357080187-00&ServiceCd=520&action_kouhyou_detail_024_kihon=true
708,介護老人保健施設ゆうむ,介護老人保健施設,1357080237-00,520,6,100,0,2025-07-29,6/100人,2026-09-20T19:27:51+09:00,200,200,ok,,https://www.kaigokensaku.mhlw.go.jp/13/index.php?JigyosyoCd=1357080237-00&ServiceCd=520&action_kouhyou_detail_feature_index=true,https://www.kaigokensaku.mhlw.go.jp/13/index.php?JigyosyoCd=1357080237-00&ServiceCd=520&action_kouhyou_detail_024_kihon=true
709,イマジン,介護老人保健施設,1357080310-00,520,0,0,3,2022-08-14,0/0人,2026-09-20T19:27:53+09:00,200,200,ok,,https://www.kaigokensaku.mhlw.go.jp/13/index.php?JigyosyoCd=1357080310-00&ServiceCd=520&action_kouhyou_detail_feature_index=true,https://www.kaigokensaku.mhlw.go.jp/13/index.php?JigyosyoCd=1357080310-00&ServiceCd=520&action_kouhyou_detail_024_kihon=true
710,介護老人保健施設ア メイズ,介護老人保健施設,1352980013-00,520,5,100,16,2024-11-07,5/100人,2026-09-20T19:27:55+09:00,200,200,ok,,https://www.kaigokensaku.mhlw.go.jp/13/index.php?JigyosyoCd=1352980013-00&ServiceCd=520&action_kouhyou_detail_feature_index=true,https://www.kaigokensaku.mhlw.go.jp/13/index.php?JigyosyoCd=1352980013-00&ServiceCd=520&action_kouhyou_detail_024_kihon=true
711,立川老人保健施設 わかば,介護老人保健施設,1357080674-00,520,0,0,0,2025-08-14,0/0人,2026-09-20T19:27:57+09:00,200,200,ok,,https://www.kaigokensaku.mhlw.go.jp/13/index.php?JigyosyoCd=1357080674-00&ServiceCd=520&action_kouhyou_detail_feature_index=true,https://www.kaigokensaku.mhlw.go.jp/13/index.php?JigyosyoCd=1357080674-00&ServiceCd=520&action_kouhyou_detail_024_kihon=true
712,介護老人保健施設 パークサイドヴィラ,介護老人保健施設,1357080781-00,520,10,100,10,2025-08-06,10/100人,2026-09-20T19:28:00+09:00,200,200,ok,,https://www.kaigokensaku.mhlw.go.jp/13/index.php?JigyosyoCd=1357080781-00&ServiceCd=520&action_kouhyou_detail_feature_index=true,https://www.kaigokensaku.mhlw.go.jp/13/index.php?JigyosyoCd=1357080781-00&ServiceCd=520&action_kouhyou_detail_024_kihon=true
713,介護老人保健施設 国立あおやぎ苑立川,介護老人保健施設,1357081318-00,520,0,0,3,2025-03-27,0/0人,2026-09-20T19:28:02+09:00,200,200,ok,,https://www.kaigokensaku.mhlw.go.jp/13/index.php?JigyosyoCd=1357081318-00&ServiceCd=520&action_kouhyou_detail_feature_index=true,https://www.kaigokensaku.mhlw.go.jp/13/index.php?JigyosyoCd=1357081318-00&ServiceCd=520&action_kouhyou_detail_024_kihon=true
714,あんず苑,介護老人保健施設,1357080120-00,520,0,0,5,2025-07-25,0/0人,2026-09-20T19:28:04+09:00,200,200,ok,,https://www.kaigokensaku.mhlw.go.jp/13/index.php?JigyosyoCd=1357080120-00&ServiceCd=520&action_kouhyou_detail_feature_index=true,https://www.kaigokensaku.mhlw.go.jp/13/index.php?JigyosyoCd=1357080120-00&ServiceCd=520&action_kouhyou_detail_024_kihon=true
715,介護老人保健施設あ んず苑アネックス,介護老人保健施設,1353380015-00,520,0,0,3,2025-07-25,0/0人,2026-09-20T19:28:07+09:00,200,200,ok,,https://www.kaigokensaku.mhlw.go.jp/13/index.php?JigyosyoCd=1353380015-00&ServiceCd=520&action_kouhyou_detail_feature_index=true,https://www.kaigokensaku.mhlw.go.jp/13/index.php?JigyosyoCd=1353380015-00&ServiceCd=520&action_kouhyou_detail_024_kihon=true
716,ハウスグリーンパーク,介護老人保健施設,1357080906-00,520,0,0,0,2025-10-15,0/0人,2026-09-20T19:28:09+09:00,200,200,ok,,https://www.kaigokensaku.mhlw.go.jp/13/index.php?JigyosyoCd=1357080906-00&ServiceCd=520&action_kouhyou_detail_feature_index=true,https://www.kaigokensaku.mhlw.go.jp/13/index.php?JigyosyoCd=1357080906-00&ServiceCd=520&action_kouhyou_detail_024_kihon=true
717,サンセール武蔵野,介護老人保健施設,1353380023-00,520,0,0,16,2021-11-11,0/0人,2026-09-20T19:28:11+09:00,200,200,ok,,https://www.kaigokensaku.mhlw.go.jp/13/index.php?JigyosyoCd=1353380023-00&ServiceCd=520&action_kouhyou_detail_feature_index=true,https://www.kaigokensaku.mhlw.go.jp/13/index.php?JigyosyoCd=1353380023-00&ServiceCd=520&action_kouhyou_detail_024_kihon=true
718,三鷹市牟礼老人保健施設はなかいどう,介護老人保健施設,1357080682-00,520,0,0,0,2016-08-19,0/0人,2026-09-20T19:28:13+09:00,200,200,ok,,https://www.kaigokensaku.mhlw.go.jp/13/index.php?JigyosyoCd=1357080682-00&ServiceCd=520&action_kouhyou_detail_feature_index=true,https://www.kaigokensaku.mhlw.go.jp/13/index.php?JigyosyoCd=1357080682-00&ServiceCd=520&action_kouhyou_detail_024_kihon=true
719,太郎,介護老人保健施設,1357080997-00,520,0,0,2,2026-04-18,0/0人,2026-09-20T19:28:16+09:00,200,200,ok,,https://www.kaigokensaku.mhlw.go.jp/13/index.php?JigyosyoCd=1357080997-00&ServiceCd=520&action_kouhyou_detail_feature_index=true,https://www.kaigokensaku.mhlw.go.jp/13/index.php?JigyosyoCd=1357080997-00&ServiceCd=520&action_kouhyou_detail_024_kihon=true
720,介護老人保健施設 三鷹中央リハケアセン ター,介護老人保健施設,1357081417-00,520,10,100,10,2025-08-08,10/100人,2026-09-20T19:28:18+09:00,200,200,ok,,https://www.kaigokensaku.mhlw.go.jp/13/index.php?JigyosyoCd=1357081417-00&ServiceCd=520&action_kouhyou_detail_feature_index=true,https://www.kaigokensaku.mhlw.go.jp/13/index.php?JigyosyoCd=1357081417-00&ServiceCd=520&action_kouhyou_detail_024_kihon=true
721,介護老人保健施設三 鷹ロイヤルの丘,介護老人保健施設,1353680018-00,520,3,120,0,2024-11-02,3/120人,2026-09-20T19:28:20+09:00,200,200,ok,,https://www.kaigokensaku.mhlw.go.jp/13/index.php?JigyosyoCd=1353680018-00&ServiceCd=520&action_kouhyou_detail_feature_index=true,https://www.kaigokensaku.mhlw.go.jp/13/index.php?JigyosyoCd=1353680018-00&ServiceCd=520&action_kouhyou_detail_024_kihon=true
722,介護老人保健施設 青梅すえひろ苑,介護老人保健施設,1357080153-00,520,0,0,18,2025-08-14,0/0人,2026-09-20T19:28:22+09:00,200,200,ok,,https://www.kaigokensaku.mhlw.go.jp/13/index.php?JigyosyoCd=1357080153-00&ServiceCd=520&action_kouhyou_detail_feature_index=true,https://www.kaigokensaku.mhlw.go.jp/13/index.php?JigyosyoCd=1357080153-00&ServiceCd=520&action_kouhyou_detail_024_kihon=true
723,メディケア梅の園,介護老人保健施設,1357080625-00,520,1,100,1,2025-07-24,1/100人,2026-09-20T19:28:25+09:00,200,200,ok,,https://www.kaigokensaku.mhlw.go.jp/13/index.php?JigyosyoCd=1357080625-00&ServiceCd=520&action_kouhyou_detail_feature_index=true,https://www.kaigokensaku.mhlw.go.jp/13/index.php?JigyosyoCd=1357080625-00&ServiceCd=520&action_kouhyou_detail_024_kihon=true
724,介護老人保健施設 西東京ケアセンター,介護老人保健施設,1352880015-00,520,0,0,23,2019-08-14,0/0人,2026-09-20T19:28:27+09:00,200,200,ok,,https://www.kaigokensaku.mhlw.go.jp/13/index.php?JigyosyoCd=1352880015-00&ServiceCd=520&action_kouhyou_detail_feature_index=true,https://www.kaigokensaku.mhlw.go.jp/13/index.php?JigyosyoCd=1352880015-00&ServiceCd=520&action_kouhyou_detail_024_kihon=true
725,葵の園・武蔵府中,介護老人保健施設,1357080534-00,520,10,100,0,2025-08-12,10/100人,2026-09-20T19:28:29+09:00,200,200,ok,,https://www.kaigokensaku.mhlw.go.jp/13/index.php?JigyosyoCd=1357080534-00&ServiceCd=520&action_kouhyou_detail_feature_index=true,https://www.kaigokensaku.mhlw.go.jp/13/index.php?JigyosyoCd=1357080534-00&ServiceCd=520&action_kouhyou_detail_024_kihon=true
726,介護老人保健施設フ ァミリート府中,介護老人保健施設,1353880022-00,520,0,0,5,,0/0人,2026-09-20T19:28:32+09:00,200,200,ok,,https://www.kaigokensaku.mhlw.go.jp/13/index.php?JigyosyoCd=1353880022-00&ServiceCd=520&action_kouhyou_detail_feature_index=true,https://www.kaigokensaku.mhlw.go.jp/13/index.php?JigyosyoCd=1353880022-00&ServiceCd=520&action_kouhyou_detail_024_kihon=true
727,介護老人保健施設ウイング,介護老人保健施設,1357080716-00,520,0,0,4,2026-04-22,0/0人,2026-09-20T19:28:34+09:00,200,200,ok,,https://www.kaigokensaku.mhlw.go.jp/13/index.php?JigyosyoCd=1357080716-00&ServiceCd=520&action_kouhyou_detail_feature_index=true,https://www.kaigokensaku.mhlw.go.jp/13/index.php?JigyosyoCd=1357080716-00&ServiceCd=520&action_kouhyou_detail_024_kihon=true
728,介護老人保健施設ふ れあいの里,介護老人保健施設,1353880014-00,520,3,180,0,2025-09-11,3/180人,2026-09-20T19:28:36+09:00,200,200,ok,,https://www.kaigokensaku.mhlw.go.jp/13/index.php?JigyosyoCd=1353880014-00&ServiceCd=520&action_kouhyou_detail_feature_index=true,https://www.kaigokensaku.mhlw.go.jp/13/index.php?JigyosyoCd=1353880014-00&ServiceCd=520&action_kouhyou_detail_024_kihon=true
729,アゼリア,介護老人保健施設,1357080401-00,520,0,0,0,2025-08-12,0/0人,2026-09-20T19:28:38+09:00,200,200,ok,,https://www.kaigokensaku.mhlw.go.jp/13/index.php?JigyosyoCd=1357080401-00&ServiceCd=520&action_kouhyou_detail_feature_index=true,https://www.kaigokensaku.mhlw.go.jp/13/index.php?JigyosyoCd=1357080401-00&ServiceCd=520&action_kouhyou_detail_024_kihon=true
730,介護老人保健施設なごみの里,介護老人保健施設,1357081227-00,520,7,150,0,2025-07-17,7/150人,2026-09-20T19:28:41+09:00,200,200,ok,,https://www.kaigokensaku.mhlw.go.jp/13/index.php?JigyosyoCd=1357081227-00&ServiceCd=520&action_kouhyou_detail_feature_index=true,https://www.kaigokensaku.mhlw.go.jp/13/index.php?JigyosyoCd=1357081227-00&ServiceCd=520&action_kouhyou_detail_024_kihon=true
731,介護老人保健施設ア ゼリアアネックス,介護老人保健施設,1354080010-00,520,6,28,0,2025-08-12,6/28人,2026-09-20T19:28:43+09:00,200,200,ok,,https://www.kaigokensaku.mhlw.go.jp/13/index.php?JigyosyoCd=1354080010-00&ServiceCd=520&action_kouhyou_detail_feature_index=true,https://www.kaigokensaku.mhlw.go.jp/13/index.php?JigyosyoCd=1354080010-00&ServiceCd=520&action_kouhyou_detail_024_kihon=true
732,介護老人保健施設 いちいの杜,介護老人保健施設,1354080028-00,520,,100,0,,,2026-09-20T19:28:45+09:00,200,200,ok_partial_public_value,,https://www.kaigokensaku.mhlw.go.jp/13/index.php?JigyosyoCd=1354080028-00&ServiceCd=520&action_kouhyou_detail_feature_index=true,https://www.kaigokensaku.mhlw.go.jp/13/index.php?JigyosyoCd=1354080028-00&ServiceCd=520&action_kouhyou_detail_024_kihon=true
733,フロリール調布,介護老人保健施設,1357080062-00,520,0,0,0,2017-07-22,0/0人,2026-09-20T19:28:48+09:00,200,200,ok,,https://www.kaigokensaku.mhlw.go.jp/13/index.php?JigyosyoCd=1357080062-00&ServiceCd=520&action_kouhyou_detail_feature_index=true,https://www.kaigokensaku.mhlw.go.jp/13/index.php?JigyosyoCd=1357080062-00&ServiceCd=520&action_kouhyou_detail_024_kihon=true
734,介護老人保健施設 グリーンガーデン青樹,介護老人保健施設,1357080161-00,520,0,0,2,2025-08-08,0/0人,2026-09-20T19:28:50+09:00,200,200,ok,,https://www.kaigokensaku.mhlw.go.jp/13/index.php?JigyosyoCd=1357080161-00&ServiceCd=520&action_kouhyou_detail_feature_index=true,https://www.kaigokensaku.mhlw.go.jp/13/index.php?JigyosyoCd=1357080161-00&ServiceCd=520&action_kouhyou_detail_024_kihon=true
735,花水木,介護老人保健施設,1357080211-00,520,4,150,0,2025-08-09,4/150人,2026-09-20T19:28:52+09:00,200,200,ok,,https://www.kaigokensaku.mhlw.go.jp/13/index.php?JigyosyoCd=1357080211-00&ServiceCd=520&action_kouhyou_detail_feature_index=true,https://www.kaigokensaku.mhlw.go.jp/13/index.php?JigyosyoCd=1357080211-00&ServiceCd=520&action_kouhyou_detail_024_kihon=true
736,いなほ,介護老人保健施設,1357080799-00,520,0,0,0,2025-12-03,0/0人,2026-09-20T19:28:54+09:00,200,200,ok,,https://www.kaigokensaku.mhlw.go.jp/13/index.php?JigyosyoCd=1357080799-00&ServiceCd=520&action_kouhyou_detail_feature_index=true,https://www.kaigokensaku.mhlw.go.jp/13/index.php?JigyosyoCd=1357080799-00&ServiceCd=520&action_kouhyou_detail_024_kihon=true
737,町田さくらんぼ,介護老人保健施設,1357080146-00,520,2,120,0,2024-10-24,2/120人,2026-09-20T19:28:57+09:00,200,200,ok,,https://www.kaigokensaku.mhlw.go.jp/13/index.php?JigyosyoCd=1357080146-00&ServiceCd=520&action_kouhyou_detail_feature_index=true,https://www.kaigokensaku.mhlw.go.jp/13/index.php?JigyosyoCd=1357080146-00&ServiceCd=520&action_kouhyou_detail_024_kihon=true
738,サンシルバー町田,介護老人保健施設,1357080245-00,520,6,100,0,2024-11-07,6/100人,2026-09-20T19:28:59+09:00,200,200,ok,,https://www.kaigokensaku.mhlw.go.jp/13/index.php?JigyosyoCd=1357080245-00&ServiceCd=520&action_kouhyou_detail_feature_index=true,https://www.kaigokensaku.mhlw.go.jp/13/index.php?JigyosyoCd=1357080245-00&ServiceCd=520&action_kouhyou_detail_024_kihon=true
739,マイライフ尾根道,介護老人保健施設,1357080609-00,520,0,0,0,2019-08-16,0/0人,2026-09-20T19:29:02+09:00,200,200,ok,,https://www.kaigokensaku.mhlw.go.jp/13/index.php?JigyosyoCd=1357080609-00&ServiceCd=520&action_kouhyou_detail_feature_index=true,https://www.kaigokensaku.mhlw.go.jp/13/index.php?JigyosyoCd=1357080609-00&ServiceCd=520&action_kouhyou_detail_024_kihon=true
740,ハピネスせりがや,介護老人保健施設,1357080930-00,520,0,0,2,2025-09-01,0/0人,2026-09-20T19:29:04+09:00,200,200,ok,,https://www.kaigokensaku.mhlw.go.jp/13/index.php?JigyosyoCd=1357080930-00&ServiceCd=520&action_kouhyou_detail_feature_index=true,https://www.kaigokensaku.mhlw.go.jp/13/index.php?JigyosyoCd=1357080930-00&ServiceCd=520&action_kouhyou_detail_024_kihon=true
741,ふれあいの町田,介護老人保健施設,1357081557-00,520,0,0,5,,0/0人,2026-09-20T19:29:06+09:00,200,200,ok,,https://www.kaigokensaku.mhlw.go.jp/13/index.php?JigyosyoCd=1357081557-00&ServiceCd=520&action_kouhyou_detail_feature_index=true,https://www.kaigokensaku.mhlw.go.jp/13/index.php?JigyosyoCd=1357081557-00&ServiceCd=520&action_kouhyou_detail_024_kihon=true
742,介護老人保健施設オ ネスティ南町田,介護老人保健施設,1353280017-00,520,10,150,0,2025-08-10,10/150人,2026-09-20T19:29:08+09:00,200,200,ok,,https://www.kaigokensaku.mhlw.go.jp/13/index.php?JigyosyoCd=1353280017-00&ServiceCd=520&action_kouhyou_detail_feature_index=true,https://www.kaigokensaku.mhlw.go.jp/13/index.php?JigyosyoCd=1353280017-00&ServiceCd=520&action_kouhyou_detail_024_kihon=true
743,介護老人保健施設小金井あんず苑,介護老人保健施設,1357080419-00,520,0,0,0,2016-08-11,0/0人,2026-09-20T19:29:11+09:00,200,200,ok,,https://www.kaigokensaku.mhlw.go.jp/13/index.php?JigyosyoCd=1357080419-00&ServiceCd=520&action_kouhyou_detail_feature_index=true,https://www.kaigokensaku.mhlw.go.jp/13/index.php?JigyosyoCd=1357080419-00&ServiceCd=520&action_kouhyou_detail_024_kihon=true
744,介護老人保健施設秋 桜,介護老人保健施設,1357081508-00,520,15,100,0,2017-07-24,15/100人,2026-09-20T19:29:13+09:00,200,200,ok,,https://www.kaigokensaku.mhlw.go.jp/13/index.php?JigyosyoCd=1357081508-00&ServiceCd=520&action_kouhyou_detail_feature_index=true,https://www.kaigokensaku.mhlw.go.jp/13/index.php?JigyosyoCd=1357081508-00&ServiceCd=520&action_kouhyou_detail_024_kihon=true
745,老人保健施設 けやきの郷,介護老人保健施設,1357080344-00,520,0,0,7,2026-09-17,0/0人,2026-09-20T19:29:15+09:00,200,200,ok,,https://www.kaigokensaku.mhlw.go.jp/13/index.php?JigyosyoCd=1357080344-00&ServiceCd=520&action_kouhyou_detail_feature_index=true,https://www.kaigokensaku.mhlw.go.jp/13/index.php?JigyosyoCd=1357080344-00&ServiceCd=520&action_kouhyou_detail_024_kihon=true
746,介護老人保健施設プ ラチナヴィラ小平,介護老人保健施設,1354380014-00,520,3,150,0,2025-08-14,3/150人,2026-09-20T19:29:18+09:00,200,200,ok,,https://www.kaigokensaku.mhlw.go.jp/13/index.php?JigyosyoCd=1354380014-00&ServiceCd=520&action_kouhyou_detail_feature_index=true,https://www.kaigokensaku.mhlw.go.jp/13/index.php?JigyosyoCd=1354380014-00&ServiceCd=520&action_kouhyou_detail_024_kihon=true
747,介護老人保健施設 カトレア,介護老人保健施設,1357080740-00,520,0,140,5,2023-08-10,0/140人,2026-09-20T19:29:20+09:00,200,200,ok,,https://www.kaigokensaku.mhlw.go.jp/13/index.php?JigyosyoCd=1357080740-00&ServiceCd=520&action_kouhyou_detail_feature_index=true,https://www.kaigokensaku.mhlw.go.jp/13/index.php?JigyosyoCd=1357080740-00&ServiceCd=520&action_kouhyou_detail_024_kihon=true
748,高幡みさわの杜,介護老人保健施設,1357080807-00,520,0,0,10,2025-07-03,0/0人,2026-09-20T19:29:22+09:00,200,200,ok,,https://www.kaigokensaku.mhlw.go.jp/13/index.php?JigyosyoCd=1357080807-00&ServiceCd=520&action_kouhyou_detail_feature_index=true,https://www.kaigokensaku.mhlw.go.jp/13/index.php?JigyosyoCd=1357080807-00&ServiceCd=520&action_kouhyou_detail_024_kihon=true
749,介護老人保健施設 サルビア,介護老人保健施設,1357080914-00,520,5,165,9,2025-07-26,5/165人,2026-09-20T19:29:24+09:00,200,200,ok,,https://www.kaigokensaku.mhlw.go.jp/13/index.php?JigyosyoCd=1357080914-00&ServiceCd=520&action_kouhyou_detail_feature_index=true,https://www.kaigokensaku.mhlw.go.jp/13/index.php?JigyosyoCd=1357080914-00&ServiceCd=520&action_kouhyou_detail_024_kihon=true
750,介護老人保健施設ロベリア,介護老人保健施設,1357081193-00,520,0,0,2,2021-11-15,0/0人,2026-09-20T19:29:27+09:00,200,200,ok,,https://www.kaigokensaku.mhlw.go.jp/13/index.php?JigyosyoCd=1357081193-00&ServiceCd=520&action_kouhyou_detail_feature_index=true,https://www.kaigokensaku.mhlw.go.jp/13/index.php?JigyosyoCd=1357081193-00&ServiceCd=520&action_kouhyou_detail_024_kihon=true
751,介護老人保健施設ク ローバー,介護老人保健施設,1357081482-00,520,0,68,9,2025-07-21,0/68人,2026-09-20T19:29:31+09:00,200,200,ok,,https://www.kaigokensaku.mhlw.go.jp/13/index.php?JigyosyoCd=1357081482-00&ServiceCd=520&action_kouhyou_detail_feature_index=true,https://www.kaigokensaku.mhlw.go.jp/13/index.php?JigyosyoCd=1357081482-00&ServiceCd=520&action_kouhyou_detail_024_kihon=true
752,東京ばんなん白光園,介護老人保健施設,1357080039-00,520,3,86,3,2025-08-04,3/86人,2026-09-20T19:29:36+09:00,200,200,ok,,https://www.kaigokensaku.mhlw.go.jp/13/index.php?JigyosyoCd=1357080039-00&ServiceCd=520&action_kouhyou_detail_feature_index=true,https://www.kaigokensaku.mhlw.go.jp/13/index.php?JigyosyoCd=1357080039-00&ServiceCd=520&action_kouhyou_detail_024_kihon=true
753,グリーン・ボイス,介護老人保健施設,1357080278-00,520,8,118,4,2025-08-19,8/118人,2026-09-20T19:29:38+09:00,200,200,ok,,https://www.kaigokensaku.mhlw.go.jp/13/index.php?JigyosyoCd=1357080278-00&ServiceCd=520&action_kouhyou_detail_feature_index=true,https://www.kaigokensaku.mhlw.go.jp/13/index.php?JigyosyoCd=1357080278-00&ServiceCd=520&action_kouhyou_detail_024_kihon=true
754,保生の森,介護老人保健施設,1357080732-00,520,0,0,3,2022-07-11,0/0人,2026-09-20T19:29:40+09:00,200,200,ok,,https://www.kaigokensaku.mhlw.go.jp/13/index.php?JigyosyoCd=1357080732-00&ServiceCd=520&action_kouhyou_detail_feature_index=true,https://www.kaigokensaku.mhlw.go.jp/13/index.php?JigyosyoCd=1357080732-00&ServiceCd=520&action_kouhyou_detail_024_kihon=true
755,多摩すずらん,介護老人保健施設,1357080815-00,520,0,0,5,2025-09-02,0/0人,2026-09-20T19:29:43+09:00,200,200,ok,,https://www.kaigokensaku.mhlw.go.jp/13/index.php?JigyosyoCd=1357080815-00&ServiceCd=520&action_kouhyou_detail_feature_index=true,https://www.kaigokensaku.mhlw.go.jp/13/index.php?JigyosyoCd=1357080815-00&ServiceCd=520&action_kouhyou_detail_024_kihon=true
756,介護老人保健施設 久米川,介護老人保健施設,1352780017-00,520,,60,2,,,2026-09-20T19:29:45+09:00,200,200,ok_partial_public_value,,https://www.kaigokensaku.mhlw.go.jp/13/index.php?JigyosyoCd=1352780017-00&ServiceCd=520&action_kouhyou_detail_feature_index=true,https://www.kaigokensaku.mhlw.go.jp/13/index.php?JigyosyoCd=1352780017-00&ServiceCd=520&action_kouhyou_detail_024_kihon=true
757,国分寺市介護老人保健施設 すこやか,介護老人保健施設,1357080823-00,520,5,50,0,2025-08-04,5/50人,2026-09-20T19:29:47+09:00,200,200,ok,,https://www.kaigokensaku.mhlw.go.jp/13/index.php?JigyosyoCd=1357080823-00&ServiceCd=520&action_kouhyou_detail_feature_index=true,https://www.kaigokensaku.mhlw.go.jp/13/index.php?JigyosyoCd=1357080823-00&ServiceCd=520&action_kouhyou_detail_024_kihon=true
758,介護老人保健施設にんじん健康ひろば,介護老人保健施設,1353180019-00,520,0,0,5,2020-09-08,0/0人,2026-09-20T19:29:50+09:00,200,200,ok,,https://www.kaigokensaku.mhlw.go.jp/13/index.php?JigyosyoCd=1353180019-00&ServiceCd=520&action_kouhyou_detail_feature_index=true,https://www.kaigokensaku.mhlw.go.jp/13/index.php?JigyosyoCd=1353180019-00&ServiceCd=520&action_kouhyou_detail_024_kihon=true
759,あるふぁ国立,介護老人保健施設,1357080567-00,520,0,0,3,2025-08-14,0/0人,2026-09-20T19:29:52+09:00,200,200,ok,,https://www.kaigokensaku.mhlw.go.jp/13/index.php?JigyosyoCd=1357080567-00&ServiceCd=520&action_kouhyou_detail_feature_index=true,https://www.kaigokensaku.mhlw.go.jp/13/index.php?JigyosyoCd=1357080567-00&ServiceCd=520&action_kouhyou_detail_024_kihon=true
760,国立あおやぎ苑,介護老人保健施設,1357080575-00,520,10,266,10,2025-03-27,10/266人,2026-09-20T19:29:54+09:00,200,200,ok,,https://www.kaigokensaku.mhlw.go.jp/13/index.php?JigyosyoCd=1357080575-00&ServiceCd=520&action_kouhyou_detail_feature_index=true,https://www.kaigokensaku.mhlw.go.jp/13/index.php?JigyosyoCd=1357080575-00&ServiceCd=520&action_kouhyou_detail_024_kihon=true
761,国立あおやぎ苑みのわ通り,介護老人保健施設,1353480013-00,520,1,17,5,2025-08-28,1/17人,2026-09-20T19:29:57+09:00,200,200,ok,,https://www.kaigokensaku.mhlw.go.jp/13/index.php?JigyosyoCd=1353480013-00&ServiceCd=520&action_kouhyou_detail_feature_index=true,https://www.kaigokensaku.mhlw.go.jp/13/index.php?JigyosyoCd=1353480013-00&ServiceCd=520&action_kouhyou_detail_024_kihon=true
762,介護老人保健施設ユーアイビラ,介護老人保健施設,1357081052-00,520,0,0,8,2025-08-04,0/0人,2026-09-20T19:29:59+09:00,200,200,ok,,https://www.kaigokensaku.mhlw.go.jp/13/index.php?JigyosyoCd=1357081052-00&ServiceCd=520&action_kouhyou_detail_feature_index=true,https://www.kaigokensaku.mhlw.go.jp/13/index.php?JigyosyoCd=1357081052-00&ServiceCd=520&action_kouhyou_detail_024_kihon=true
763,東大和ケアセンター,介護老人保健施設,1357080443-00,520,0,0,0,2023-10-28,0/0人,2026-09-20T19:30:01+09:00,200,200,ok,,https://www.kaigokensaku.mhlw.go.jp/13/index.php?JigyosyoCd=1357080443-00&ServiceCd=520&action_kouhyou_detail_feature_index=true,https://www.kaigokensaku.mhlw.go.jp/13/index.php?JigyosyoCd=1357080443-00&ServiceCd=520&action_kouhyou_detail_024_kihon=true
764,介護老人保健施設プ ラチナ・ヴィラ東大和,介護老人保健施設,1354680017-00,520,0,0,0,2025-08-05,0/0人,2026-09-20T19:30:04+09:00,200,200,ok,,https://www.kaigokensaku.mhlw.go.jp/13/index.php?JigyosyoCd=1354680017-00&ServiceCd=520&action_kouhyou_detail_feature_index=true,https://www.kaigokensaku.mhlw.go.jp/13/index.php?JigyosyoCd=1354680017-00&ServiceCd=520&action_kouhyou_detail_024_kihon=true
765,介護老人保健施設ラビアンローゼ,介護老人保健施設,1357080369-00,520,0,0,0,2025-07-27,0/0人,2026-09-20T19:30:06+09:00,200,200,ok,,https://www.kaigokensaku.mhlw.go.jp/13/index.php?JigyosyoCd=1357080369-00&ServiceCd=520&action_kouhyou_detail_feature_index=true,https://www.kaigokensaku.mhlw.go.jp/13/index.php?JigyosyoCd=1357080369-00&ServiceCd=520&action_kouhyou_detail_024_kihon=true
766,たけおか,介護老人保健施設,1357080450-00,520,10,100,5,2025-08-28,10/100人,2026-09-20T19:30:08+09:00,200,200,ok,,https://www.kaigokensaku.mhlw.go.jp/13/index.php?JigyosyoCd=1357080450-00&ServiceCd=520&action_kouhyou_detail_feature_index=true,https://www.kaigokensaku.mhlw.go.jp/13/index.php?JigyosyoCd=1357080450-00&ServiceCd=520&action_kouhyou_detail_024_kihon=true
767,介護老人保健施設きよせ認知症ケアセン ター,介護老人保健施設,1357080898-00,520,,,,,,2026-09-20T19:30:10+09:00,200,200,ok_no_public_value,,https://www.kaigokensaku.mhlw.go.jp/13/index.php?JigyosyoCd=1357080898-00&ServiceCd=520&action_kouhyou_detail_feature_index=true,https://www.kaigokensaku.mhlw.go.jp/13/index.php?JigyosyoCd=1357080898-00&ServiceCd=520&action_kouhyou_detail_024_kihon=true
768,ケア東久留米,介護老人保健施設,1357081516-00,520,0,0,0,2025-08-14,0/0人,2026-09-20T19:30:13+09:00,200,200,ok,,https://www.kaigokensaku.mhlw.go.jp/13/index.php?JigyosyoCd=1357081516-00&ServiceCd=520&action_kouhyou_detail_feature_index=true,https://www.kaigokensaku.mhlw.go.jp/13/index.php?JigyosyoCd=1357081516-00&ServiceCd=520&action_kouhyou_detail_024_kihon=true
769,介護老人保健施設アルカディア,介護老人保健施設,1357081300-00,520,5,148,0,2017-08-14,5/148人,2026-09-20T19:30:15+09:00,200,200,ok,,https://www.kaigokensaku.mhlw.go.jp/13/index.php?JigyosyoCd=1357081300-00&ServiceCd=520&action_kouhyou_detail_feature_index=true,https://www.kaigokensaku.mhlw.go.jp/13/index.php?JigyosyoCd=1357081300-00&ServiceCd=520&action_kouhyou_detail_024_kihon=true
770,聖の郷,介護老人保健施設,1357080617-00,520,7,100,4,2020-09-02,7/100人,2026-09-20T19:30:18+09:00,200,200,ok,,https://www.kaigokensaku.mhlw.go.jp/13/index.php?JigyosyoCd=1357080617-00&ServiceCd=520&action_kouhyou_detail_feature_index=true,https://www.kaigokensaku.mhlw.go.jp/13/index.php?JigyosyoCd=1357080617-00&ServiceCd=520&action_kouhyou_detail_024_kihon=true
771,あい介護老人保健施設,介護老人保健施設,1357081045-00,520,0,0,13,2020-09-10,0/0人,2026-09-20T19:30:20+09:00,200,200,ok,,https://www.kaigokensaku.mhlw.go.jp/13/index.php?JigyosyoCd=1357081045-00&ServiceCd=520&action_kouhyou_detail_feature_index=true,https://www.kaigokensaku.mhlw.go.jp/13/index.php?JigyosyoCd=1357081045-00&ServiceCd=520&action_kouhyou_detail_024_kihon=true
772,デンマークイン若葉台,介護老人保健施設,1357080013-00,520,0,0,0,2025-07-30,0/0人,2026-09-20T19:30:22+09:00,200,200,ok,,https://www.kaigokensaku.mhlw.go.jp/13/index.php?JigyosyoCd=1357080013-00&ServiceCd=520&action_kouhyou_detail_feature_index=true,https://www.kaigokensaku.mhlw.go.jp/13/index.php?JigyosyoCd=1357080013-00&ServiceCd=520&action_kouhyou_detail_024_kihon=true
773,あかしあの里,介護老人保健施設,1357080971-00,520,0,0,10,2017-08-01,0/0人,2026-09-20T19:30:24+09:00,200,200,ok,,https://www.kaigokensaku.mhlw.go.jp/13/index.php?JigyosyoCd=1357080971-00&ServiceCd=520&action_kouhyou_detail_feature_index=true,https://www.kaigokensaku.mhlw.go.jp/13/index.php?JigyosyoCd=1357080971-00&ServiceCd=520&action_kouhyou_detail_024_kihon=true
774,葵の園・羽村,介護老人保健施設,1355380013-00,520,0,0,17,2025-08-19,0/0人,2026-09-20T19:30:26+09:00,200,200,ok,,https://www.kaigokensaku.mhlw.go.jp/13/index.php?JigyosyoCd=1355380013-00&ServiceCd=520&action_kouhyou_detail_feature_index=true,https://www.kaigokensaku.mhlw.go.jp/13/index.php?JigyosyoCd=1355380013-00&ServiceCd=520&action_kouhyou_detail_024_kihon=true
775,さくら,介護老人保健施設,1357080526-00,520,0,0,0,2025-08-08,0/0人,2026-09-20T19:30:29+09:00,200,200,ok,,https://www.kaigokensaku.mhlw.go.jp/13/index.php?JigyosyoCd=1357080526-00&ServiceCd=520&action_kouhyou_detail_feature_index=true,https://www.kaigokensaku.mhlw.go.jp/13/index.php?JigyosyoCd=1357080526-00&ServiceCd=520&action_kouhyou_detail_024_kihon=true
776,介護老人保健施設オキドキ,介護老人保健施設,1357081326-00,520,0,51,0,2026-04-30,0/51人,2026-09-20T19:30:31+09:00,200,200,ok,,https://www.kaigokensaku.mhlw.go.jp/13/index.php?JigyosyoCd=1357081326-00&ServiceCd=520&action_kouhyou_detail_feature_index=true,https://www.kaigokensaku.mhlw.go.jp/13/index.php?JigyosyoCd=1357081326-00&ServiceCd=520&action_kouhyou_detail_024_kihon=true
777,医療法人杏林会 介護老人保健施設 リハビリパークあきる野,介護老人保健施設,1355280015-00,520,0,150,0,2025-07-31,0/150人,2026-09-20T19:30:33+09:00,200,200,ok,,https://www.kaigokensaku.mhlw.go.jp/13/index.php?JigyosyoCd=1355280015-00&ServiceCd=520&action_kouhyou_detail_feature_index=true,https://www.kaigokensaku.mhlw.go.jp/13/index.php?JigyosyoCd=1355280015-00&ServiceCd=520&action_kouhyou_detail_024_kihon=true
778,ハートフル田無,介護老人保健施設,1357080641-00,520,0,70,3,2019-08-17,0/70人,2026-09-20T19:30:36+09:00,200,200,ok,,https://www.kaigokensaku.mhlw.go.jp/13/index.php?JigyosyoCd=1357080641-00&ServiceCd=520&action_kouhyou_detail_feature_index=true,https://www.kaigokensaku.mhlw.go.jp/13/index.php?JigyosyoCd=1357080641-00&ServiceCd=520&action_kouhyou_detail_024_kihon=true
779,介護老人保健施設 葵の園・ひばりが丘,介護老人保健施設,1355480029-00,520,0,150,10,2024-11-20,0/150人,2026-09-20T19:30:38+09:00,200,200,ok,,https://www.kaigokensaku.mhlw.go.jp/13/index.php?JigyosyoCd=1355480029-00&ServiceCd=520&action_kouhyou_detail_feature_index=true,https://www.kaigokensaku.mhlw.go.jp/13/index.php?JigyosyoCd=1355480029-00&ServiceCd=520&action_kouhyou_detail_024_kihon=true
780,介護老人保健施設 武蔵野徳洲苑,介護老人保健施設,1355480011-00,520,5,150,10,2023-08-07,5/150人,2026-09-20T19:30:40+09:00,200,200,ok,,https://www.kaigokensaku.mhlw.go.jp/13/index.php?JigyosyoCd=1355480011-00&ServiceCd=520&action_kouhyou_detail_feature_index=true,https://www.kaigokensaku.mhlw.go.jp/13/index.php?JigyosyoCd=1355480011-00&ServiceCd=520&action_kouhyou_detail_024_kihon=true
781,けんちの苑みずほ,介護老人保健施設,1357081029-00,520,0,0,0,2025-08-15,0/0人,2026-09-20T19:30:42+09:00,200,200,ok,,https://www.kaigokensaku.mhlw.go.jp/13/index.php?JigyosyoCd=1357081029-00&ServiceCd=520&action_kouhyou_detail_feature_index=true,https://www.kaigokensaku.mhlw.go.jp/13/index.php?JigyosyoCd=1357081029-00&ServiceCd=520&action_kouhyou_detail_024_kihon=true
782,介護老人保健施設菜の花,介護老人保健施設,1357081201-00,520,0,0,0,2017-08-06,0/0人,2026-09-20T19:30:45+09:00,200,200,ok,,https://www.kaigokensaku.mhlw.go.jp/13/index.php?JigyosyoCd=1357081201-00&ServiceCd=520&action_kouhyou_detail_feature_index=true,https://www.kaigokensaku.mhlw.go.jp/13/index.php?JigyosyoCd=1357081201-00&ServiceCd=520&action_kouhyou_detail_024_kihon=true
783,介護老人保健施設フ ァミリート日の出,介護老人保健施設,1352480022-00,520,5,100,0,2025-07-22,5/100人,2026-09-20T19:30:47+09:00,200,200,ok,,https://www.kaigokensaku.mhlw.go.jp/13/index.php?JigyosyoCd=1352480022-00&ServiceCd=520&action_kouhyou_detail_feature_index=true,https://www.kaigokensaku.mhlw.go.jp/13/index.php?JigyosyoCd=1352480022-00&ServiceCd=520&action_kouhyou_detail_024_kihon=true
784,介護老人保健施設 ウェルピア白寿,介護老人保健施設,1357081391-00,520,0,0,22,2017-08-04,0/0人,2026-09-20T19:30:49+09:00,200,200,ok,,https://www.kaigokensaku.mhlw.go.jp/13/index.php?JigyosyoCd=1357081391-00&ServiceCd=520&action_kouhyou_detail_feature_index=true,https://www.kaigokensaku.mhlw.go.jp/13/index.php?JigyosyoCd=1357081391-00&ServiceCd=520&action_kouhyou_detail_024_kihon=true
785,介護老人保健施設日 の出さくら,介護老人保健施設,1352480030-00,520,0,0,0,2020-10-01,0/0人,2026-09-20T19:30:52+09:00,200,200,ok,,https://www.kaigokensaku.mhlw.go.jp/13/index.php?JigyosyoCd=1352480030-00&ServiceCd=520&action_kouhyou_detail_feature_index=true,https://www.kaigokensaku.mhlw.go.jp/13/index.php?JigyosyoCd=1352480030-00&ServiceCd=520&action_kouhyou_detail_024_kihon=true
786,康済会介護医療院,介護医療院,13B0900010-00,550,0,0,0,,0/0人,2026-09-20T19:30:54+09:00,200,200,ok,,https://www.kaigokensaku.mhlw.go.jp/13/index.php?JigyosyoCd=13B0900010-00&ServiceCd=550&action_kouhyou_detail_feature_index=true,https://www.kaigokensaku.mhlw.go.jp/13/index.php?JigyosyoCd=13B0900010-00&ServiceCd=550&action_kouhyou_detail_024_kihon=true
787,医療法人財団日扇会第一病院介護医療院,介護医療院,13B1000018-00,550,,19,0,,,2026-09-20T19:30:56+09:00,200,200,ok_partial_public_value,,https://www.kaigokensaku.mhlw.go.jp/13/index.php?JigyosyoCd=13B1000018-00&ServiceCd=550&action_kouhyou_detail_feature_index=true,https://www.kaigokensaku.mhlw.go.jp/13/index.php?JigyosyoCd=13B1000018-00&ServiceCd=550&action_kouhyou_detail_024_kihon=true
788,医療法人社団幸栄会 幸和病院介護医療院,介護医療院,13B1100016-00,550,,60,10,,,2026-09-20T19:30:58+09:00,200,200,ok_partial_public_value,,https://www.kaigokensaku.mhlw.go.jp/13/index.php?JigyosyoCd=13B1100016-00&ServiceCd=550&action_kouhyou_detail_feature_index=true,https://www.kaigokensaku.mhlw.go.jp/13/index.php?JigyosyoCd=13B1100016-00&ServiceCd=550&action_kouhyou_detail_024_kihon=true
789,介護医療院セントラル大田,介護医療院,13B1100024-00,550,0,0,0,2025-08-02,0/0人,2026-09-20T19:31:01+09:00,200,200,ok,,https://www.kaigokensaku.mhlw.go.jp/13/index.php?JigyosyoCd=13B1100024-00&ServiceCd=550&action_kouhyou_detail_feature_index=true,https://www.kaigokensaku.mhlw.go.jp/13/index.php?JigyosyoCd=13B1100024-00&ServiceCd=550&action_kouhyou_detail_024_kihon=true
790,医療法人社団明生会セントラル介護医療院,介護医療院,13B1300012-00,550,0,0,0,,0/0人,2026-09-20T19:31:03+09:00,200,200,ok,,https://www.kaigokensaku.mhlw.go.jp/13/index.php?JigyosyoCd=13B1300012-00&ServiceCd=550&action_kouhyou_detail_feature_index=true,https://www.kaigokensaku.mhlw.go.jp/13/index.php?JigyosyoCd=13B1300012-00&ServiceCd=550&action_kouhyou_detail_024_kihon=true
791,武蔵野療園病院介護医療院,介護医療院,13B1400010-00,550,0,0,0,2020-09-15,0/0人,2026-09-20T19:31:05+09:00,200,200,ok,,https://www.kaigokensaku.mhlw.go.jp/13/index.php?JigyosyoCd=13B1400010-00&ServiceCd=550&action_kouhyou_detail_feature_index=true,https://www.kaigokensaku.mhlw.go.jp/13/index.php?JigyosyoCd=13B1400010-00&ServiceCd=550&action_kouhyou_detail_024_kihon=true
792,介護医療院磯病院,介護医療院,13B1800011-00,550,,35,0,,,2026-09-20T19:31:08+09:00,200,200,ok_partial_public_value,,https://www.kaigokensaku.mhlw.go.jp/13/index.php?JigyosyoCd=13B1800011-00&ServiceCd=550&action_kouhyou_detail_feature_index=true,https://www.kaigokensaku.mhlw.go.jp/13/index.php?JigyosyoCd=13B1800011-00&ServiceCd=550&action_kouhyou_detail_024_kihon=true
793,医療法人社団杏和会 寺田病院介護医療院,介護医療院,13B1800029-00,550,0,0,0,,0/0人,2026-09-20T19:31:10+09:00,200,200,ok,,https://www.kaigokensaku.mhlw.go.jp/13/index.php?JigyosyoCd=13B1800029-00&ServiceCd=550&action_kouhyou_detail_feature_index=true,https://www.kaigokensaku.mhlw.go.jp/13/index.php?JigyosyoCd=13B1800029-00&ServiceCd=550&action_kouhyou_detail_024_kihon=true
794,医療法人社団和好会金子病院介護医療院,介護医療院,13B1900027-00,550,,24,2,,,2026-09-20T19:31:12+09:00,200,200,ok_partial_public_value,,https://www.kaigokensaku.mhlw.go.jp/13/index.php?JigyosyoCd=13B1900027-00&ServiceCd=550&action_kouhyou_detail_feature_index=true,https://www.kaigokensaku.mhlw.go.jp/13/index.php?JigyosyoCd=13B1900027-00&ServiceCd=550&action_kouhyou_detail_024_kihon=true
795,慈誠会前野病院附属介護医療院,介護医療院,13B1900035-00,550,,56,6,,,2026-09-20T19:31:14+09:00,200,200,ok_partial_public_value,,https://www.kaigokensaku.mhlw.go.jp/13/index.php?JigyosyoCd=13B1900035-00&ServiceCd=550&action_kouhyou_detail_feature_index=true,https://www.kaigokensaku.mhlw.go.jp/13/index.php?JigyosyoCd=13B1900035-00&ServiceCd=550&action_kouhyou_detail_024_kihon=true
796,富士見病院 介護医療院,介護医療院,13B1900043-00,550,,60,0,,,2026-09-20T19:31:17+09:00,200,200,ok_partial_public_value,,https://www.kaigokensaku.mhlw.go.jp/13/index.php?JigyosyoCd=13B1900043-00&ServiceCd=550&action_kouhyou_detail_feature_index=true,https://www.kaigokensaku.mhlw.go.jp/13/index.php?JigyosyoCd=13B1900043-00&ServiceCd=550&action_kouhyou_detail_024_kihon=true
797,医療法人社団慈誠会 慈誠会記念病院 介護医療院,介護医療院,13B1900050-00,550,0,48,0,,0/48人,2026-09-20T19:31:19+09:00,200,200,ok,,https://www.kaigokensaku.mhlw.go.jp/13/index.php?JigyosyoCd=13B1900050-00&ServiceCd=550&action_kouhyou_detail_feature_index=true,https://www.kaigokensaku.mhlw.go.jp/13/index.php?JigyosyoCd=13B1900050-00&ServiceCd=550&action_kouhyou_detail_024_kihon=true
798,慈誠会・光が丘介護医療院,介護医療院,13B2000017-00,550,,100,5,,,2026-09-20T19:31:21+09:00,200,200,ok_partial_public_value,,https://www.kaigokensaku.mhlw.go.jp/13/index.php?JigyosyoCd=13B2000017-00&ServiceCd=550&action_kouhyou_detail_feature_index=true,https://www.kaigokensaku.mhlw.go.jp/13/index.php?JigyosyoCd=13B2000017-00&ServiceCd=550&action_kouhyou_detail_024_kihon=true
799,特定医療法人社団 潤恵会 ひのき介護医療院,介護医療院,13B2100015-00,550,0,0,3,2025-08-18,0/0人,2026-09-20T19:31:23+09:00,200,200,ok,,https://www.kaigokensaku.mhlw.go.jp/13/index.php?JigyosyoCd=13B2100015-00&ServiceCd=550&action_kouhyou_detail_feature_index=true,https://www.kaigokensaku.mhlw.go.jp/13/index.php?JigyosyoCd=13B2100015-00&ServiceCd=550&action_kouhyou_detail_024_kihon=true
800,介護医療院足立鹿浜病院,介護医療院,13B2100023-00,550,0,0,0,,0/0人,2026-09-20T19:31:26+09:00,200,200,ok,,https://www.kaigokensaku.mhlw.go.jp/13/index.php?JigyosyoCd=13B2100023-00&ServiceCd=550&action_kouhyou_detail_feature_index=true,https://www.kaigokensaku.mhlw.go.jp/13/index.php?JigyosyoCd=13B2100023-00&ServiceCd=550&action_kouhyou_detail_024_kihon=true
801,東京足立介護医療院,介護医療院,13B2100031-00,550,1,60,2,2025-08-14,1/60人,2026-09-20T19:31:30+09:00,200,200,ok,,https://www.kaigokensaku.mhlw.go.jp/13/index.php?JigyosyoCd=13B2100031-00&ServiceCd=550&action_kouhyou_detail_feature_index=true,https://www.kaigokensaku.mhlw.go.jp/13/index.php?JigyosyoCd=13B2100031-00&ServiceCd=550&action_kouhyou_detail_024_kihon=true
802,水野介護医療院,介護医療院,13B2100049-00,550,,24,0,,,2026-09-20T19:31:35+09:00,200,200,ok_partial_public_value,,https://www.kaigokensaku.mhlw.go.jp/13/index.php?JigyosyoCd=13B2100049-00&ServiceCd=550&action_kouhyou_detail_feature_index=true,https://www.kaigokensaku.mhlw.go.jp/13/index.php?JigyosyoCd=13B2100049-00&ServiceCd=550&action_kouhyou_detail_024_kihon=true
803,介護医療院松寿会病院,介護医療院,13B2300011-00,550,0,0,0,,0/0人,2026-09-20T19:31:37+09:00,200,200,ok,,https://www.kaigokensaku.mhlw.go.jp/13/index.php?JigyosyoCd=13B2300011-00&ServiceCd=550&action_kouhyou_detail_feature_index=true,https://www.kaigokensaku.mhlw.go.jp/13/index.php?JigyosyoCd=13B2300011-00&ServiceCd=550&action_kouhyou_detail_024_kihon=true
804,一盛病院介護医療院,介護医療院,13B2300029-00,550,0,0,4,,0/0人,2026-09-20T19:31:39+09:00,200,200,ok,,https://www.kaigokensaku.mhlw.go.jp/13/index.php?JigyosyoCd=13B2300029-00&ServiceCd=550&action_kouhyou_detail_feature_index=true,https://www.kaigokensaku.mhlw.go.jp/13/index.php?JigyosyoCd=13B2300029-00&ServiceCd=550&action_kouhyou_detail_024_kihon=true
805,介護医療院 陵北病院,介護医療院,13B2900018-00,550,,369,10,,,2026-09-20T19:31:41+09:00,200,200,ok_partial_public_value,,https://www.kaigokensaku.mhlw.go.jp/13/index.php?JigyosyoCd=13B2900018-00&ServiceCd=550&action_kouhyou_detail_feature_index=true,https://www.kaigokensaku.mhlw.go.jp/13/index.php?JigyosyoCd=13B2900018-00&ServiceCd=550&action_kouhyou_detail_024_kihon=true
806,さんあい介護医療院,介護医療院,13B2900026-00,550,,180,4,,,2026-09-20T19:31:44+09:00,200,200,ok_partial_public_value,,https://www.kaigokensaku.mhlw.go.jp/13/index.php?JigyosyoCd=13B2900026-00&ServiceCd=550&action_kouhyou_detail_feature_index=true,https://www.kaigokensaku.mhlw.go.jp/13/index.php?JigyosyoCd=13B2900026-00&ServiceCd=550&action_kouhyou_detail_024_kihon=true
807,永生病院 介護医療院,介護医療院,13B2900034-00,550,,72,1,,,2026-09-20T19:31:46+09:00,200,200,ok_partial_public_value,,https://www.kaigokensaku.mhlw.go.jp/13/index.php?JigyosyoCd=13B2900034-00&ServiceCd=550&action_kouhyou_detail_feature_index=true,https://www.kaigokensaku.mhlw.go.jp/13/index.php?JigyosyoCd=13B2900034-00&ServiceCd=550&action_kouhyou_detail_024_kihon=true
808,介護医療院 篠原病院,介護医療院,13B3600013-00,550,3,129,9,2024-11-01,3/129人,2026-09-20T19:31:48+09:00,200,200,ok,,https://www.kaigokensaku.mhlw.go.jp/13/index.php?JigyosyoCd=13B3600013-00&ServiceCd=550&action_kouhyou_detail_feature_index=true,https://www.kaigokensaku.mhlw.go.jp/13/index.php?JigyosyoCd=13B3600013-00&ServiceCd=550&action_kouhyou_detail_024_kihon=true
809,医療法人啓仁会 介護医療院 三鷹ロイヤルの丘,介護医療院,13B3600021-00,550,,,,,,2026-09-20T19:31:50+09:00,200,200,ok_no_public_value,,https://www.kaigokensaku.mhlw.go.jp/13/index.php?JigyosyoCd=13B3600021-00&ServiceCd=550&action_kouhyou_detail_feature_index=true,https://www.kaigokensaku.mhlw.go.jp/13/index.php?JigyosyoCd=13B3600021-00&ServiceCd=550&action_kouhyou_detail_024_kihon=true
810,青梅今井病院介護医療院,介護医療院,13B2800010-00,550,,60,0,,,2026-09-20T19:31:53+09:00,200,200,ok_partial_public_value,,https://www.kaigokensaku.mhlw.go.jp/13/index.php?JigyosyoCd=13B2800010-00&ServiceCd=550&action_kouhyou_detail_feature_index=true,https://www.kaigokensaku.mhlw.go.jp/13/index.php?JigyosyoCd=13B2800010-00&ServiceCd=550&action_kouhyou_detail_024_kihon=true
811,長生病院介護医療院,介護医療院,13B2800036-00,550,,0,0,,,2026-09-20T19:31:55+09:00,200,200,ok_partial_public_value,,https://www.kaigokensaku.mhlw.go.jp/13/index.php?JigyosyoCd=13B2800036-00&ServiceCd=550&action_kouhyou_detail_feature_index=true,https://www.kaigokensaku.mhlw.go.jp/13/index.php?JigyosyoCd=13B2800036-00&ServiceCd=550&action_kouhyou_detail_024_kihon=true
812,医療法人社団倭林会 武蔵野台病院介護医療院,介護医療院,13B2800028-00,550,,50,0,,,2026-09-20T19:31:57+09:00,200,200,ok_partial_public_value,,https://www.kaigokensaku.mhlw.go.jp/13/index.php?JigyosyoCd=13B2800028-00&ServiceCd=550&action_kouhyou_detail_feature_index=true,https://www.kaigokensaku.mhlw.go.jp/13/index.php?JigyosyoCd=13B2800028-00&ServiceCd=550&action_kouhyou_detail_024_kihon=true
813,府中医王介護医療院,介護医療院,13B3800019-00,550,,11,0,,,2026-09-20T19:32:00+09:00,200,200,ok_partial_public_value,,https://www.kaigokensaku.mhlw.go.jp/13/index.php?JigyosyoCd=13B3800019-00&ServiceCd=550&action_kouhyou_detail_feature_index=true,https://www.kaigokensaku.mhlw.go.jp/13/index.php?JigyosyoCd=13B3800019-00&ServiceCd=550&action_kouhyou_detail_024_kihon=true
814,ふよう病院介護医療院,介護医療院,13B3200012-00,550,0,0,2,2026-09-12,0/0人,2026-09-20T19:32:02+09:00,200,200,ok,,https://www.kaigokensaku.mhlw.go.jp/13/index.php?JigyosyoCd=13B3200012-00&ServiceCd=550&action_kouhyou_detail_feature_index=true,https://www.kaigokensaku.mhlw.go.jp/13/index.php?JigyosyoCd=13B3200012-00&ServiceCd=550&action_kouhyou_detail_024_kihon=true
815,社会福祉法人多摩済生医療団 多摩済生病院介護医療院,介護医療院,13B4300019-00,550,,45,0,,,2026-09-20T19:32:04+09:00,200,200,ok_partial_public_value,,https://www.kaigokensaku.mhlw.go.jp/13/index.php?JigyosyoCd=13B4300019-00&ServiceCd=550&action_kouhyou_detail_feature_index=true,https://www.kaigokensaku.mhlw.go.jp/13/index.php?JigyosyoCd=13B4300019-00&ServiceCd=550&action_kouhyou_detail_024_kihon=true
816,多摩平の森の病院介護医療院,介護医療院,13B3500015-00,550,,78,4,,,2026-09-20T19:32:06+09:00,200,200,ok_partial_public_value,,https://www.kaigokensaku.mhlw.go.jp/13/index.php?JigyosyoCd=13B3500015-00&ServiceCd=550&action_kouhyou_detail_feature_index=true,https://www.kaigokensaku.mhlw.go.jp/13/index.php?JigyosyoCd=13B3500015-00&ServiceCd=550&action_kouhyou_detail_024_kihon=true
817,医療法人社団豊徳会 介護医療院 東京多摩病院,介護医療院,13B4500014-00,550,0,0,3,,0/0人,2026-09-20T19:32:09+09:00,200,200,ok,,https://www.kaigokensaku.mhlw.go.jp/13/index.php?JigyosyoCd=13B4500014-00&ServiceCd=550&action_kouhyou_detail_feature_index=true,https://www.kaigokensaku.mhlw.go.jp/13/index.php?JigyosyoCd=13B4500014-00&ServiceCd=550&action_kouhyou_detail_024_kihon=true
818,救世軍清瀬病院介護医療院 シャロン,介護医療院,13B4700010-00,550,0,0,0,,0/0人,2026-09-20T19:32:11+09:00,200,200,ok,,https://www.kaigokensaku.mhlw.go.jp/13/index.php?JigyosyoCd=13B4700010-00&ServiceCd=550&action_kouhyou_detail_feature_index=true,https://www.kaigokensaku.mhlw.go.jp/13/index.php?JigyosyoCd=13B4700010-00&ServiceCd=550&action_kouhyou_detail_024_kihon=true
819,田無病院介護医療院,介護医療院,13B5400016-00,550,0,0,0,2025-08-28,0/0人,2026-09-20T19:32:13+09:00,200,200,ok,,https://www.kaigokensaku.mhlw.go.jp/13/index.php?JigyosyoCd=13B5400016-00&ServiceCd=550&action_kouhyou_detail_feature_index=true,https://www.kaigokensaku.mhlw.go.jp/13/index.php?JigyosyoCd=13B5400016-00&ServiceCd=550&action_kouhyou_detail_024_kihon=true
820,介護医療院 ユニット菜の花,介護医療院,13B2400035-00,550,,47,8,,,2026-09-20T19:32:15+09:00,200,200,ok_partial_public_value,,https://www.kaigokensaku.mhlw.go.jp/13/index.php?JigyosyoCd=13B2400035-00&ServiceCd=550&action_kouhyou_detail_feature_index=true,https://www.kaigokensaku.mhlw.go.jp/13/index.php?JigyosyoCd=13B2400035-00&ServiceCd=550&action_kouhyou_detail_024_kihon=true
821,医療法人社団崎陽会 日の出ヶ丘介護医療院,介護医療院,13B2400019-00,550,0,0,1,,0/0人,2026-09-20T19:32:18+09:00,200,200,ok,,https://www.kaigokensaku.mhlw.go.jp/13/index.php?JigyosyoCd=13B2400019-00&ServiceCd=550&action_kouhyou_detail_feature_index=true,https://www.kaigokensaku.mhlw.go.jp/13/index.php?JigyosyoCd=13B2400019-00&ServiceCd=550&action_kouhyou_detail_024_kihon=true
822,医療法人財団利定会 大久野病院介護医療院,介護医療院,13B2400027-00,550,6,58,0,2025-09-08,6/58人,2026-09-20T19:32:20+09:00,200,200,ok,,https://www.kaigokensaku.mhlw.go.jp/13/index.php?JigyosyoCd=13B2400027-00&ServiceCd=550&action_kouhyou_detail_feature_index=true,https://www.kaigokensaku.mhlw.go.jp/13/index.php?JigyosyoCd=13B2400027-00&ServiceCd=550&action_kouhyou_detail_024_kihon=true
